Call  Failure,Complains,Subscription  Length,Charge  Amount,Seconds of Use,Frequency of use,Frequency of SMS,Distinct Called Numbers,Age Group,Tariff Plan,Status,Age,Customer Value,Churn
0.2245460332616516,0.0,-1.9557629104763974,1.1946979528393167,-0.12729940726516825,-0.23866380856018854,0.021947609361985223,-0.31889890269653554,0.18613963853285548,0.0,0.0,-0.12123202617656836,-0.25682826566068173,0
-0.4534932381131697,0.0,-0.03129755540730531,-0.8795103745102193,-0.28490954343153657,-0.37533744672449043,1.4708204652941244,-0.3886420715982743,0.18613963853285548,0.0,0.0,-0.12123202617656836,1.3292973387287503,0
-0.6985221790742214,0.0,-0.18162350062635982,-0.8795103745102193,-0.25796216123854504,-0.473750457681484,1.4752366991371404,-0.18608610499023895,0.18613963853285548,0.0,0.0,-0.12123202617656836,1.3394576322181173,0
-0.24938390894453497,0.0,-1.487950860074402,-0.8795103745102193,-0.4314102316046328,-0.4485275487942812,0.34731683030805827,-0.0609482951462328,-0.9231519911021343,0.0,0.0,-0.6804718122002787,-0.052992450785339096,0
-1.4721891215616434,0.0,-2.055130370381915,-0.8795103745102193,0.12161859560155333,-0.5793234579425617,1.2478518611431648,-0.6960629002177537,0.18613963853285548,0.0,0.0,-0.12123202617656836,1.0396849965075643,0
0.8764122416617753,0.0,0.461768744122683,1.1946979528393167,1.1192336434045673,0.9736831732039121,1.0837477238978421,1.0985370245410373,0.18613963853285548,0.0,0.0,-0.12123202617656836,1.0809677711982195,0
0.2245460332616516,0.0,0.6405298909516516,1.1946979528393167,-0.9379655460258585,-1.2088238377712506,-0.0029467479771157737,-0.968744774313427,2.404722897802835,0.0,0.0,2.6749669039419834,-1.123757115714276,0
-1.4721891215616434,0.0,-2.1101927888036665,-0.8795103745102193,-2.271301413069049,-2.0979157852458847,-1.5072920519457886,-2.0268289954725063,-0.9231519911021343,0.0,0.0,-0.6804718122002787,-2.2568431171423695,1
-0.07289576572182317,0.0,0.461768744122683,0.697684930971013,0.7504453234707676,0.5583673103886344,1.241539082215967,0.33105875939802537,0.18613963853285548,0.0,0.0,-0.12123202617656836,1.1660224601703941,0
0.5829479787780677,0.0,0.8266788390641504,0.697684930971013,0.5253474582662271,0.6830282263656221,0.15197615836469722,0.17064504865893973,-0.9231519911021343,0.0,0.0,-0.6804718122002787,0.22590554107315014,1
0.35339972946965464,0.0,1.020324751826462,0.697684930971013,-0.15006649155701415,0.16722133829873997,-0.3919063374300445,0.7619251298184915,-0.9231519911021343,0.0,0.0,-0.6804718122002787,-0.37591710777043125,0
0.8764122416617753,1.0,0.2902850510173811,0.697684930971013,0.5838163276377795,0.6830282263656221,0.1322625095167463,0.2252488320656032,-0.9231519911021343,0.0,0.0,-0.6804718122002787,0.24584018452093362,1
-1.4721891215616434,0.0,-1.487950860074402,-0.8795103745102193,-0.7903730128540724,-0.693650698030738,-0.2560831944486632,1.7518836756331653,1.2954312681678453,0.0,0.0,1.556487331894563,-0.9793241856921195,0
1.2775822509180437,0.0,1.2215756502689943,1.1946979528393167,1.804644123572336,1.6501944964791433,-0.1472620689342646,1.216225360090411,0.18613963853285548,0.0,0.0,-0.12123202617656836,0.7235217861685801,0
-1.4721891215616434,0.0,-1.2418825974008505,-0.8795103745102193,-1.1695841334856294,-1.6271094250024807,-0.18121248900618253,-1.7800759131583497,1.2954312681678453,0.0,1.0,1.556487331894563,-1.0677763947322885,0
-1.4721891215616434,0.0,-1.5591855870497442,-0.8795103745102193,-0.8310219651381187,-0.7238459676478477,1.2089934441260295,-0.8725708510892921,-0.9231519911021343,1.0,0.0,-0.6804718122002787,0.96916877592479,0
-0.07289576572182317,0.0,-0.3251261608248572,-0.8795103745102193,-0.14945421807663642,-0.0727088154730665,1.1640060687285056,-0.0609482951462328,-0.9231519911021343,0.0,0.0,-0.6804718122002787,0.9913111517027234,0
-1.4721891215616434,0.0,-0.46192253572791986,-0.8795103745102193,-1.0916866511110053,-1.6271094250024807,-1.5072920519457886,-1.1826182295476602,-0.9231519911021343,0.0,1.0,-0.6804718122002787,-1.3081916950099728,0
-1.4721891215616434,0.0,0.2902850510173811,-0.8795103745102193,-1.081632661131669,-1.4210117268426015,-0.3919063374300445,-1.3040579861083508,1.2954312681678453,0.0,1.0,1.556487331894563,-1.1716211800961043,1
-1.4721891215616434,0.0,-1.329436447453843,-0.8795103745102193,-0.8658435142647192,-0.6352708672061055,1.2189344229830763,-0.968744774313427,-0.9231519911021343,1.0,0.0,-0.6804718122002787,0.9821155351785146,0
-0.07289576572182317,0.0,-1.0495141476718508,-0.8795103745102193,-0.7974824705637615,-1.1185646336077608,0.06867303718851682,-1.4393186048761482,1.2954312681678453,0.0,1.0,1.556487331894563,-0.7786864844407426,0
0.8764122416617753,0.0,0.8266788390641504,-0.8795103745102193,0.32828306088064424,0.2846509543916297,-0.5059682851583214,-0.31889890269653554,-0.9231519911021343,0.0,0.0,-0.6804718122002787,-0.11607694684056544,0
0.4723153205103732,0.0,1.2215756502689943,0.697684930971013,0.357688125836744,0.58668938306937,-0.21737965524864494,0.5307740080750752,0.18613963853285548,0.0,0.0,-0.12123202617656836,-0.1054000307666323,0
1.2775822509180437,0.0,-0.3251261608248572,-0.8795103745102193,-0.7363746428211729,-0.32843814160131607,0.17103352023621246,-0.3886420715982743,0.18613963853285548,0.0,1.0,-0.12123202617656836,-0.39135378489059336,0
0.5829479787780677,0.0,-0.03129755540730531,-0.8795103745102193,0.1253893992112051,0.42604475287671956,0.04579181165646059,0.2252488320656032,0.18613963853285548,0.0,0.0,-0.12123202617656836,-0.11879094602981927,0
-1.4721891215616434,0.0,-2.0715886207378653,-0.8795103745102193,-2.271301413069049,-2.0979157852458847,-1.5072920519457886,-2.0268289954725063,-0.9231519911021343,0.0,0.0,-0.6804718122002787,-2.2568431171423695,1
0.2245460332616516,0.0,0.12596723534148388,-0.8795103745102193,0.4444600617468432,0.5296681287064666,-1.1855370315326892,0.2252488320656032,-0.9231519911021343,0.0,0.0,-0.6804718122002787,-0.12099494825968618,1
1.1274872107053646,0.0,-1.686315314805773,1.1946979528393167,0.7092951053198938,1.2652603364108146,0.9625659636470979,1.216225360090411,-0.9231519911021343,1.0,0.0,-0.6804718122002787,0.9432812079341745,0
-1.4721891215616434,0.0,-1.6252591166453392,-0.8795103745102193,-0.555556376286709,-0.6070100507667666,0.2415078628653102,-0.18608610499023895,-0.9231519911021343,0.0,0.0,-0.6804718122002787,-0.19155843725470953,0
-1.4721891215616434,0.0,-0.5921311266741747,-0.8795103745102193,-2.271301413069049,-2.0979157852458847,-1.5072920519457886,-2.0268289954725063,-0.9231519911021343,0.0,1.0,-0.6804718122002787,-2.2568431171423695,1
-0.4534932381131697,0.0,0.2902850510173811,0.697684930971013,-0.16330027812043194,-0.23866380856018854,1.5219221454858072,0.5785153380242523,0.18613963853285548,0.0,0.0,-0.12123202617656836,1.428652828304768,0
1.5465566591620816,0.0,0.2902850510173811,1.1946979528393167,1.8293042156525081,1.948312558628902,0.5449245221561867,0.6716623488153538,0.18613963853285548,0.0,0.0,-0.12123202617656836,0.9527363021045813,0
-0.07289576572182317,0.0,0.6405298909516516,-0.8795103745102193,-0.862889607557567,-0.958783742641671,-0.1472620689342646,-0.8725708510892921,0.18613963853285548,0.0,1.0,-0.12123202617656836,-0.690602143975272,0
1.7268865040398134,0.0,-0.03129755540730531,1.8159218925086418,1.3277906141528708,0.6695193840693882,-0.5059682851583214,0.9764777356110778,2.404722897802835,0.0,0.0,2.6749669039419834,-0.3481227474236426,0
0.08350622611294847,0.0,-2.035513619812486,-0.8795103745102193,0.5857001967744647,1.0208011946350248,0.6103501459834861,0.717138288650402,-2.032443620737124,1.0,0.0,-1.7989513842476996,0.7447820884881059,0
-1.4721891215616434,0.0,-2.1101927888036665,-0.8795103745102193,0.20124698737627936,-0.49941885605417785,1.272491926873742,-1.3040579861083508,0.18613963853285548,0.0,0.0,-0.12123202617656836,1.0897601829433912,0
0.4723153205103732,0.0,0.6405298909516516,0.697684930971013,0.5408772379709724,0.6284936427069701,0.18947797787923643,0.33105875939802537,-0.9231519911021343,0.0,0.0,-0.6804718122002787,0.25266155226633025,1
-0.07289576572182317,0.0,0.461768744122683,0.697684930971013,0.9159447947621178,1.0784634045810304,1.679369578455852,1.0985370245410373,0.18613963853285548,0.0,0.0,-0.12123202617656836,1.847497848606908,0
0.08350622611294847,0.0,0.6405298909516516,0.697684930971013,-0.39425731626263855,-0.5255544800262242,-0.5059682851583214,-0.8725708510892921,1.2954312681678453,0.0,0.0,1.556487331894563,-0.8987283182510496,0
1.047621135607331,1.0,0.2902850510173811,-0.8795103745102193,0.12664418539029046,-0.05306319911326454,-0.08500636257674449,-0.2514482231001947,0.18613963853285548,0.0,1.0,-0.12123202617656836,-0.18448158736683395,1
0.5829479787780677,0.0,0.8266788390641504,0.697684930971013,0.9548593444257566,1.1236567054531974,1.701509383466071,1.2924668108586557,0.18613963853285548,0.0,0.0,-0.12123202617656836,1.890886314865795,0
0.2245460332616516,0.0,1.647319010761206,-0.8795103745102193,-0.8759608018970165,-0.8868079756552516,0.09066795769800697,-0.968744774313427,1.2954312681678453,0.0,1.0,1.556487331894563,-0.7837620904146492,1
-0.07289576572182317,0.0,-2.085096900933757,0.697684930971013,0.357688125836744,-0.3055111642679678,1.3190757903856305,-0.6142506050345212,0.18613963853285548,0.0,0.0,-0.12123202617656836,1.1865750666710921,0
0.5829479787780677,0.0,1.872022146645339,1.4347876498624124,0.07038630940682501,-0.4237299919284973,1.8411597150849504,-0.3886420715982743,1.2954312681678453,0.0,0.0,1.556487331894563,1.4577239198901333,0
-1.4721891215616434,0.0,0.12596723534148388,-0.8795103745102193,-0.6417298744393132,-0.2829146346091301,-1.5072920519457886,0.5785153380242523,-2.032443620737124,0.0,0.0,-1.7989513842476996,-0.822571725077996,0
-1.4721891215616434,0.0,-2.1101927888036665,-0.8795103745102193,-0.7379200458223688,-1.4210117268426015,-1.5072920519457886,-1.3040579861083508,-0.9231519911021343,0.0,0.0,-0.6804718122002787,-1.0165451348979735,1
-1.4721891215616434,0.0,-0.18162350062635982,-0.8795103745102193,-2.271301413069049,-2.0979157852458847,-1.5072920519457886,-2.0268289954725063,-0.9231519911021343,0.0,1.0,-0.6804718122002787,-2.2568431171423695,0
-1.4721891215616434,0.0,0.2902850510173811,-0.8795103745102193,-2.271301413069049,-2.0979157852458847,-1.5072920519457886,-2.0268289954725063,-0.9231519911021343,0.0,1.0,-0.6804718122002787,-2.2568431171423695,0
2.0467559242571385,0.0,1.872022146645339,1.667066840949515,1.8805353058237755,2.0550333058192183,0.6772853943080029,0.8924329275229498,0.18613963853285548,0.0,0.0,-0.12123202617656836,1.046403753940564,0
0.964073858567003,1.0,1.430538452483767,-0.8795103745102193,-0.20319436443168015,-0.01442369443343163,0.47139145081985334,0.8495461729713818,1.2954312681678453,0.0,1.0,1.556487331894563,-0.2910860635549459,1
-0.6985221790742214,0.0,0.12596723534148388,-0.8795103745102193,1.3911568866231512,1.2758408369137495,-0.7419059021457265,1.1774541226784172,0.18613963853285548,0.0,0.0,-0.12123202617656836,0.4147877886130531,0
0.08350622611294847,0.0,0.8266788390641504,0.697684930971013,0.6238779091663903,0.7230740557318959,0.34731683030805827,-0.2514482231001947,0.18613963853285548,0.0,0.0,-0.12123202617656836,0.28402617852093276,0
1.047621135607331,1.0,1.872022146645339,-0.8795103745102193,-0.1732367563083443,0.1322984404802882,0.11184436778086729,0.17064504865893973,0.18613963853285548,0.0,1.0,-0.12123202617656836,-0.21982919595690584,0
-0.6985221790742214,0.0,-0.18162350062635982,-0.8795103745102193,0.6937749703453518,0.48588193502091354,1.202278020507419,0.11481150538227353,0.18613963853285548,0.0,0.0,-0.12123202617656836,1.1013550651738035,0
-1.4721891215616434,0.0,0.12596723534148388,-0.8795103745102193,-2.271301413069049,-2.0979157852458847,-1.5072920519457886,-2.0268289954725063,-0.9231519911021343,0.0,1.0,-0.6804718122002787,-2.2568431171423695,1
0.5829479787780677,0.0,-0.03129755540730531,-0.8795103745102193,0.562003322489989,0.6146473417131381,0.17103352023621246,0.27869756895634124,-0.9231519911021343,0.0,0.0,-0.6804718122002787,0.25352324818945216,1
0.6865551185257461,0.0,-1.8408659249517312,-0.8795103745102193,0.6337977509530849,1.1348301230709978,0.7303035707895646,0.9764777356110778,-2.032443620737124,1.0,0.0,-1.7989513842476996,0.8751784355785717,0
-1.4721891215616434,0.0,0.2902850510173811,-0.8795103745102193,0.06646972333958623,0.004582783269003773,-1.5072920519457886,-0.6960629002177537,-0.9231519911021343,0.0,0.0,-0.6804718122002787,-0.4018234623126696,0
0.6865551185257461,1.0,-1.9215998710095312,1.4347876498624124,-0.4399182704969495,-0.6070100507667666,-0.2560831944486632,-0.6142506050345212,0.18613963853285548,0.0,0.0,-0.12123202617656836,-0.5601012219573206,1
0.964073858567003,0.0,-1.7425011089148845,1.5752618279022026,0.09161076198692274,0.02338831919764908,0.34731683030805827,-0.0609482951462328,0.18613963853285548,1.0,0.0,-0.12123202617656836,0.05302020855151696,0
-0.24938390894453497,0.0,-1.2418825974008505,-0.8795103745102193,-1.173924254845321,-0.8189996955752258,-1.5072920519457886,-0.4609168016563328,-0.9231519911021343,0.0,0.0,-0.6804718122002787,-1.3656512007849555,0
1.2775822509180437,0.0,1.020324751826462,1.5752618279022026,1.1780085302495955,1.1124339195920343,1.2254758286775493,1.3299641777568034,0.18613963853285548,0.0,0.0,-0.12123202617656836,1.2593685094937397,0
-1.4721891215616434,0.0,-1.487950860074402,-0.8795103745102193,-0.6361296164925119,-0.6641389848940414,0.18947797787923643,-0.4609168016563328,-0.9231519911021343,0.0,0.0,-0.6804718122002787,-0.26535467070684243,0
-0.07289576572182317,0.0,-0.3251261608248572,-0.8795103745102193,1.4289337388451488,1.2758408369137495,-0.8519084961219504,1.216225360090411,0.18613963853285548,0.0,0.0,-0.12123202617656836,0.4298288463194966,0
-0.07289576572182317,0.0,-0.46192253572791986,-0.8795103745102193,-0.4968390495326654,-0.3055111642679678,0.2073487160052933,-0.2514482231001947,0.18613963853285548,0.0,1.0,-0.12123202617656836,-0.2804125584632168,0
0.7841165927033555,0.0,1.020324751826462,1.667066840949515,0.8515100018841072,1.0091061381190292,1.4990005404223636,0.9347360339290371,0.18613963853285548,1.0,0.0,-0.12123202617656836,1.5507614412902169,0
-1.012053753692239,0.0,-0.3251261608248572,-0.8795103745102193,0.6603428343284958,0.1145892787914231,0.811606602745049,0.5307740080750752,-0.9231519911021343,0.0,0.0,-0.6804718122002787,0.7648075680191899,0
1.5465566591620816,0.0,0.8266788390641504,1.1946979528393167,1.8282686893567615,2.0062281181180226,0.5643620474633199,0.7619251298184915,0.18613963853285548,0.0,0.0,-0.12123202617656836,0.9621916252186367,0
-0.6985221790742214,0.0,-0.46192253572791986,-0.8795103745102193,-0.4092778297492395,-0.26063608837311514,-1.5072920519457886,-0.3886420715982743,0.18613963853285548,0.0,1.0,-0.12123202617656836,-0.81598957747585,0
0.8764122416617753,0.0,1.647319010761206,1.4347876498624124,1.4757238167407631,1.4197328381198169,0.17103352023621246,1.4760839574539293,1.2954312681678453,0.0,0.0,1.556487331894563,0.217818746744554,0
0.2245460332616516,0.0,0.6405298909516516,-0.8795103745102193,-0.7688298055890439,-1.076306479538755,0.11184436778086729,-0.781954627922395,1.2954312681678453,0.0,1.0,1.556487331894563,-0.738333562161742,1
-1.4721891215616434,0.0,-0.03129755540730531,-0.8795103745102193,-0.298607458210327,-1.1626600424566094,-1.5072920519457886,-1.3040579861083508,0.18613963853285548,0.0,0.0,-0.12123202617656836,-0.7435816034660623,0
-1.4721891215616434,0.0,-0.5921311266741747,-0.8795103745102193,0.6534719705316494,0.33289458399522215,1.18516958449124,0.17064504865893973,0.18613963853285548,0.0,0.0,-0.12123202617656836,1.0692021755818713,0
-0.24938390894453497,0.0,0.461768744122683,-0.8795103745102193,-0.11979689006952927,0.14984108315703443,-0.8519084961219504,0.5785153380242523,-2.032443620737124,0.0,0.0,-1.7989513842476996,-0.3404079634607462,0
-1.012053753692239,0.0,0.12596723534148388,-0.8795103745102193,0.6585372827689556,0.23519554831297898,0.8241591544739677,0.6254659586163507,-0.9231519911021343,0.0,0.0,-0.6804718122002787,0.7770546828954747,0
0.35339972946965464,0.0,1.020324751826462,0.697684930971013,-0.15006649155701415,0.16722133829873997,-0.3919063374300445,0.7619251298184915,-0.9231519911021343,0.0,0.0,-0.6804718122002787,-0.37591710777043125,0
-1.4721891215616434,0.0,0.6405298909516516,-0.8795103745102193,-0.6501882717338173,-0.2169867647588109,0.34731683030805827,-0.0609482951462328,0.18613963853285548,0.0,1.0,-0.12123202617656836,-0.20391285008815763,0
-0.6985221790742214,0.0,-0.7158720037692985,-0.8795103745102193,-0.833873074989109,-0.9222319226746506,0.2415078628653102,-0.8725708510892921,1.2954312681678453,0.0,1.0,1.556487331894563,-0.6525716186761296,0
-0.6985221790742214,0.0,1.020324751826462,-0.8795103745102193,0.11985556557935866,0.5151728517444565,-0.34278061469339505,0.6254659586163507,-0.9231519911021343,0.0,0.0,-0.6804718122002787,-0.19732040642191584,0
-1.4721891215616434,0.0,-1.793966719726717,-0.8795103745102193,-0.5512551800500404,-0.8189996955752258,0.2073487160052933,-0.31889890269653554,-0.9231519911021343,0.0,0.0,-0.6804718122002787,-0.22102700346974044,0
0.2245460332616516,0.0,1.2215756502689943,-0.8795103745102193,0.17428282485449756,0.2015103997107105,-0.9918459235005864,0.717138288650402,-2.032443620737124,0.0,0.0,-1.7989513842476996,-0.15043751518308607,0
-0.07289576572182317,0.0,-0.9444391811885324,0.697684930971013,0.01861208544370065,0.16722133829873997,-0.21737965524864494,0.27869756895634124,0.18613963853285548,0.0,0.0,-0.12123202617656836,-0.2950612717653136,0
1.2040372514157516,0.0,-0.9444391811885324,0.697684930971013,-0.4927629526894669,-0.32843814160131607,0.28923433604572274,-0.12263695232921346,-0.9231519911021343,0.0,0.0,-0.6804718122002787,-0.12593772001365444,0
-1.4721891215616434,0.0,-0.7158720037692985,-0.8795103745102193,-0.22021736008882445,-0.2829146346091301,1.14580849693321,-0.0008867506627574296,-0.9231519911021343,0.0,0.0,-0.6804718122002787,0.9520377392568389,0
1.2775822509180437,0.0,2.104751684068571,1.4347876498624124,0.21903814926633755,0.6284936427069701,0.4485848661498302,0.5785153380242523,0.18613963853285548,0.0,0.0,-0.12123202617656836,0.18359299423517622,0
1.4826869650373546,0.0,0.12596723534148388,-0.8795103745102193,-0.696043182142396,-0.2829146346091301,0.2415078628653102,-0.31889890269653554,0.18613963853285548,0.0,1.0,-0.12123202617656836,-0.3162086814816476,0
0.6865551185257461,0.0,0.6405298909516516,0.697684930971013,-0.036547146537870494,0.0786539932463993,1.2222135950276227,0.27869756895634124,-0.9231519911021343,0.0,0.0,-0.6804718122002787,1.0973706246949875,0
0.964073858567003,0.0,1.2215756502689943,1.1946979528393167,0.05148827537410206,0.34871995104993136,-0.08500636257674449,0.7619251298184915,-0.9231519911021343,0.0,0.0,-0.6804718122002787,-0.13645513898528425,0
-0.07289576572182317,0.0,-1.5591855870497442,0.697684930971013,-0.6314859995670942,-0.7864686628999003,-0.18121248900618253,-1.594191099233689,-0.9231519911021343,0.0,0.0,-0.6804718122002787,-0.5417443485802144,0
1.1274872107053646,0.0,-0.7158720037692985,-0.8795103745102193,-0.833873074989109,-0.5255544800262242,-0.08500636257674449,-0.781954627922395,0.18613963853285548,0.0,1.0,-0.12123202617656836,-0.6314179065388316,0
-1.012053753692239,0.0,0.2902850510173811,-0.8795103745102193,-0.833873074989109,-0.9222319226746506,0.15197615836469722,0.057665153009515184,-0.9231519911021343,0.0,1.0,-0.6804718122002787,-0.3650155153408888,0
-0.4534932381131697,0.0,1.430538452483767,-0.8795103745102193,-0.9660742960652969,-0.9965651623037695,0.06867303718851682,-0.5360063772889603,0.18613963853285548,0.0,1.0,-0.12123202617656836,-0.5551662903495476,0
-0.6985221790742214,0.0,0.2902850510173811,-0.8795103745102193,0.24939324800163892,0.38000288413917455,-1.5072920519457886,0.17064504865893973,0.18613963853285548,0.0,0.0,-0.12123202617656836,-0.3495766349544978,0
0.2245460332616516,0.0,-1.329436447453843,-0.8795103745102193,-0.4321810771286733,-0.32843814160131607,0.18947797787923643,2.0092461775043478,1.2954312681678453,0.0,0.0,1.556487331894563,-0.5747827239645712,0
0.4723153205103732,0.0,1.2215756502689943,-0.8795103745102193,-0.7170097168239794,-0.8189996955752258,0.28923433604572274,0.057665153009515184,0.18613963853285548,0.0,1.0,-0.12123202617656836,-0.2812763219307314,0
1.1274872107053646,0.0,-0.8332668783246234,-0.8795103745102193,-0.90208193542597,-0.693650698030738,-0.5059682851583214,-1.1826182295476602,-0.9231519911021343,0.0,1.0,-0.6804718122002787,-0.8607247309960596,0
-0.4534932381131697,0.0,0.2902850510173811,1.1946979528393167,0.046724452024196846,-0.5255544800262242,1.837371159518638,0.057665153009515184,0.18613963853285548,0.0,0.0,-0.12123202617656836,2.015273483150709,0
-1.4721891215616434,0.0,0.12596723534148388,-0.8795103745102193,0.7259017497838793,0.8517128778170655,1.6292519001310963,0.33105875939802537,-0.9231519911021343,0.0,0.0,-0.6804718122002787,1.8770072574504162,0
1.8389246320946688,0.0,1.647319010761206,1.5752618279022026,1.8411816077450722,2.0388485493322968,0.6014316668245172,0.6716623488153538,0.18613963853285548,0.0,0.0,-0.12123202617656836,0.9872611974647469,0
0.6865551185257461,0.0,0.8266788390641504,1.1946979528393167,0.17355387522444368,0.5440656997790116,0.6191375244033067,0.6254659586163507,0.18613963853285548,0.0,0.0,-0.12123202617656836,0.31214845087671755,0
-1.4721891215616434,0.0,0.12596723534148388,-0.8795103745102193,-2.271301413069049,-2.0979157852458847,-1.5072920519457886,-2.0268289954725063,1.2954312681678453,0.0,1.0,1.556487331894563,-2.2568431171423695,1
-0.07289576572182317,0.0,-0.18162350062635982,0.697684930971013,-0.07073395161849474,-0.852423195420382,-0.5059682851583214,-0.6142506050345212,0.18613963853285548,0.0,0.0,-0.12123202617656836,-0.4482849469838597,0
0.8764122416617753,0.0,0.6405298909516516,1.4347876498624124,1.135493920204014,1.0440266627375203,1.202278020507419,1.2545582777324633,0.18613963853285548,0.0,0.0,-0.12123202617656836,1.2196721788158091,0
0.35339972946965464,0.0,-1.1486189098802198,-0.8795103745102193,-1.115411093186239,-0.852423195420382,-0.2560831944486632,-0.8725708510892921,-0.9231519911021343,0.0,1.0,-0.6804718122002787,-0.8008773468402128,0
-0.6985221790742214,0.0,-0.03129755540730531,-0.8795103745102193,-0.2737225428284841,0.02338831919764908,-1.5072920519457886,0.4822024803158727,-2.032443620737124,0.0,0.0,-1.7989513842476996,-0.5258938379490948,0
-0.07289576572182317,0.0,0.2902850510173811,0.697684930971013,-0.4168617371429807,-0.6070100507667666,-0.5059682851583214,-1.0715844008170172,1.2954312681678453,0.0,0.0,1.556487331894563,-0.9109460009874695,0
-1.012053753692239,0.0,1.2215756502689943,-0.8795103745102193,-0.36405574552191383,-0.32843814160131607,1.4947443268741623,-0.18608610499023895,0.18613963853285548,0.0,0.0,-0.12123202617656836,1.3613452925609901,0
1.1274872107053646,0.0,-0.18162350062635982,-0.8795103745102193,-0.8599454426035996,-0.4237299919284973,0.11184436778086729,-0.4609168016563328,0.18613963853285548,0.0,1.0,-0.12123202617656836,-0.48190097787089786,0
-0.07289576572182317,0.0,1.020324751826462,0.697684930971013,0.739251497382678,0.6284936427069701,1.2694637969615825,0.5785153380242523,0.18613963853285548,0.0,0.0,-0.12123202617656836,1.200316811769744,0
0.5829479787780677,0.0,1.430538452483767,1.1946979528393167,0.7458038881023441,0.44116600526156535,0.9575886687488112,0.8924329275229498,-0.9231519911021343,0.0,0.0,-0.6804718122002787,0.9456799318884178,0
-0.4534932381131697,0.0,-1.329436447453843,-0.8795103745102193,-1.352199907632855,-0.9965651623037695,-1.5072920519457886,-1.4393186048761482,-0.9231519911021343,0.0,1.0,-0.6804718122002787,-1.5213379704782346,0
1.7268865040398134,1.0,0.2902850510173811,-0.8795103745102193,-0.7624614963094419,0.004582783269003773,0.15197615836469722,0.11481150538227353,-0.9231519911021343,0.0,1.0,-0.6804718122002787,-0.3358295818213394,1
-1.4721891215616434,0.0,-0.18162350062635982,-0.8795103745102193,-0.3531967233618812,-0.693650698030738,-1.5072920519457886,-0.781954627922395,-0.9231519911021343,0.0,1.0,-0.6804718122002787,-0.7138156436057217,1
0.5829479787780677,0.0,2.104751684068571,-0.8795103745102193,-0.6131180194442066,-0.5521808457454166,0.04579181165646059,-0.0609482951462328,0.18613963853285548,0.0,1.0,-0.12123202617656836,-0.45089177514852397,0
-1.4721891215616434,0.0,-0.46192253572791986,-0.8795103745102193,0.7043713344892638,0.58668938306937,-0.5059682851583214,-0.0008867506627574296,1.2954312681678453,0.0,0.0,1.556487331894563,-0.3104855662426894,0
-0.07289576572182317,0.0,0.2902850510173811,-0.8795103745102193,0.2723428628679187,0.23519554831297898,-1.5072920519457886,-0.31889890269653554,-0.9231519911021343,0.0,0.0,-0.6804718122002787,-0.255531479750666,0
-1.4721891215616434,0.0,-2.012539412635226,-0.8795103745102193,0.26205760747598855,-0.26063608837311514,1.3329605387943162,-0.4609168016563328,0.18613963853285548,0.0,0.0,-0.12123202617656836,1.1895046721820506,0
-1.012053753692239,0.0,0.6405298909516516,-0.8795103745102193,-0.3114162010018397,0.04199850807495892,-1.5072920519457886,0.5307740080750752,-2.032443620737124,0.0,0.0,-1.7989513842476996,-0.5548711255678641,0
-1.4721891215616434,0.0,-0.5921311266741747,-0.8795103745102193,-0.22021736008882445,-1.1185646336077608,-1.5072920519457886,-0.6960629002177537,0.18613963853285548,0.0,0.0,-0.12123202617656836,-0.6868863027732218,0
0.08350622611294847,0.0,0.6405298909516516,-0.8795103745102193,0.10083137808934899,0.02338831919764908,-1.5072920519457886,-0.0008867506627574296,-2.032443620737124,0.0,0.0,-1.7989513842476996,-0.24176372519836564,0
1.2040372514157516,0.0,1.430538452483767,1.1946979528393167,-0.17948597453011966,0.14984108315703443,-0.0029467479771157737,0.057665153009515184,1.2954312681678453,0.0,0.0,1.556487331894563,-0.5933818205943824,0
0.2245460332616516,0.0,-0.18162350062635982,0.697684930971013,1.4344534290408057,1.2968757505026007,-0.5059682851583214,1.0985370245410373,1.2954312681678453,0.0,0.0,1.556487331894563,0.07402355308466521,0
0.8764122416617753,0.0,0.8266788390641504,1.1946979528393167,0.36586859747141626,0.6964560993767297,-0.08500636257674449,0.5307740080750752,0.18613963853285548,0.0,0.0,-0.12123202617656836,-0.053347763876704916,0
1.4826869650373546,1.0,-0.5921311266741747,-0.8795103745102193,-0.9761063151491315,-0.32843814160131607,-0.6510697318600371,-0.5360063772889603,-0.9231519911021343,0.0,1.0,-0.6804718122002787,-0.9670879254705382,1
-1.4721891215616434,0.0,-0.46192253572791986,-0.8795103745102193,-2.271301413069049,-2.0979157852458847,-1.5072920519457886,-2.0268289954725063,-0.9231519911021343,0.0,1.0,-0.6804718122002787,-2.2568431171423695,1
0.35339972946965464,0.0,-1.8408659249517312,-0.8795103745102193,1.0050684931237492,1.4097047215724137,0.5040297805182613,0.27869756895634124,1.2954312681678453,0.0,0.0,1.556487331894563,0.15462882454441712,0
-1.4721891215616434,0.0,0.8266788390641504,-0.8795103745102193,0.8405827924868172,0.9973552647654118,1.6809759670653206,1.1774541226784172,-0.9231519911021343,0.0,0.0,-0.6804718122002787,1.9848756408908466,0
-0.6985221790742214,0.0,0.2902850510173811,-0.8795103745102193,1.6625125395792326,1.4297244056875984,-1.5072920519457886,1.0583591808618793,0.18613963853285548,0.0,0.0,-0.12123202617656836,0.5488959352489312,0
-1.012053753692239,0.0,-0.18162350062635982,-0.8795103745102193,1.8391200773421406,1.5277052905535429,1.0587873302399216,0.33105875939802537,-0.9231519911021343,0.0,0.0,-0.6804718122002787,1.4331970258999216,0
0.4723153205103732,0.0,0.12596723534148388,-0.8795103745102193,-0.06354063472463367,-0.2829146346091301,-0.3919063374300445,-0.2514482231001947,0.18613963853285548,0.0,1.0,-0.12123202617656836,-0.4066086489049173,1
1.6685246921819126,0.0,-0.3251261608248572,-0.8795103745102193,-0.6501882717338173,-0.05306319911326454,-0.08500636257674449,-0.31889890269653554,-0.9231519911021343,0.0,1.0,-0.6804718122002787,-0.4808190777106227,1
-0.4534932381131697,0.0,0.12596723534148388,-0.8795103745102193,-0.5153701440113355,-0.2169867647588109,0.33333056902892305,-0.0008867506627574296,0.18613963853285548,0.0,1.0,-0.12123202617656836,-0.17710181942939338,0
-0.07289576572182317,0.0,-0.9444391811885324,0.697684930971013,0.03340723260891607,0.2015103997107105,-0.5735904547911599,0.11481150538227353,0.18613963853285548,0.0,0.0,-0.12123202617656836,-0.3942858960852502,0
0.4723153205103732,0.0,0.6405298909516516,-0.8795103745102193,-0.8152180774014213,-0.9222319226746506,0.17103352023621246,-0.0609482951462328,0.18613963853285548,0.0,1.0,-0.12123202617656836,-0.41910599867183607,1
1.6084561656599872,0.0,0.12596723534148388,1.4347876498624124,1.8225654947045864,1.9231574203328687,0.40013516043213326,0.382393625891712,0.18613963853285548,0.0,0.0,-0.12123202617656836,0.8851812128756873,0
1.4166903618380977,0.0,2.345610480711428,1.1946979528393167,0.3722976154581615,0.45617790096966415,0.06867303718851682,1.0985370245410373,-2.032443620737124,0.0,0.0,-1.7989513842476996,0.266537443629873,0
-1.4721891215616434,0.0,0.8266788390641504,0.697684930971013,0.6679062404791443,0.45617790096966415,1.244703343751889,0.432757898856675,0.18613963853285548,0.0,0.0,-0.12123202617656836,1.1503594931235566,0
-1.4721891215616434,0.0,0.2902850510173811,-0.8795103745102193,-0.12219307410333152,-0.8189996955752258,1.8102291973337274,-1.0715844008170172,0.18613963853285548,0.0,0.0,-0.12123202617656836,1.9487690633763715,0
1.4826869650373546,0.0,-1.329436447453843,1.1946979528393167,0.7345815341516991,1.3073310512279555,0.8719364196494802,1.2924668108586557,-0.9231519911021343,1.0,0.0,-0.6804718122002787,0.8558631521105611,0
-1.4721891215616434,0.0,-1.793966719726717,-0.8795103745102193,-2.271301413069049,-2.0979157852458847,-1.5072920519457886,-2.0268289954725063,-0.9231519911021343,0.0,0.0,-0.6804718122002787,-2.2568431171423695,0
-0.07289576572182317,0.0,-1.5591855870497442,0.697684930971013,-0.45673358888211163,-0.5255544800262242,0.1322625095167463,-0.4609168016563328,0.18613963853285548,0.0,0.0,-0.12123202617656836,-0.32598515842284703,0
1.2040372514157516,0.0,-1.793966719726717,0.697684930971013,0.7593514333533123,1.2546372020245171,0.7856971155694022,0.9764777356110778,-2.032443620737124,1.0,0.0,-1.7989513842476996,0.9778667932405557,0
0.08350622611294847,0.0,0.2902850510173811,0.697684930971013,0.8969840040447586,1.0208011946350248,1.6696478323905637,0.9764777356110778,0.18613963853285548,0.0,0.0,-0.12123202617656836,1.8281177563762858,0
1.1274872107053646,1.0,-0.46192253572791986,-0.8795103745102193,-1.2235238334610252,-0.3055111642679678,-1.5072920519457886,-0.5360063772889603,-0.9231519911021343,0.0,1.0,-0.6804718122002787,-1.3925611914644311,1
0.6865551185257461,0.0,1.020324751826462,0.697684930971013,0.6585372827689556,0.7230740557318959,-0.18121248900618253,-0.3886420715982743,0.18613963853285548,0.0,0.0,-0.12123202617656836,0.07392309405980022,0
1.783653034744592,0.0,1.020324751826462,1.1946979528393167,1.8105976982039536,1.956652406794036,0.36097556023933375,-0.0609482951462328,0.18613963853285548,0.0,0.0,-0.12123202617656836,0.864199545139226,0
0.35339972946965464,0.0,-1.5591855870497442,-0.8795103745102193,-0.7160010949035817,-0.6641389848940414,-0.29771809938538085,-0.5360063772889603,-0.9231519911021343,0.0,0.0,-0.6804718122002787,-0.6513523793608272,0
0.08350622611294847,0.0,0.12596723534148388,-0.8795103745102193,1.8703733703443668,1.5848923141925018,1.0878123472217276,0.432757898856675,-0.9231519911021343,0.0,0.0,-0.6804718122002787,1.4719097769993705,0
1.1274872107053646,0.0,1.430538452483767,1.1946979528393167,0.3662979978973788,0.42604475287671956,-0.08500636257674449,0.057665153009515184,0.18613963853285548,0.0,0.0,-0.12123202617656836,-0.05528287129618465,0
-0.24938390894453497,0.0,0.6405298909516516,0.697684930971013,-0.4895128329035208,-0.6070100507667666,-0.6510697318600371,-0.8725708510892921,1.2954312681678453,0.0,0.0,1.556487331894563,-0.9906415240394119,0
0.2245460332616516,0.0,-0.03129755540730531,-0.8795103745102193,0.26778005112499664,0.2518203896575308,-1.5072920519457886,-0.4609168016563328,-0.9231519911021343,0.0,0.0,-0.6804718122002787,-0.25853083781716957,0
0.6865551185257461,1.0,1.2215756502689943,-0.8795103745102193,-0.2890028773740385,-0.0925805927386985,0.3873708945356991,0.6254659586163507,1.2954312681678453,0.0,1.0,1.556487331894563,-0.3832997567781014,1
0.08350622611294847,0.0,-0.03129755540730531,-0.8795103745102193,0.925355735281373,1.0440266627375203,1.6745267007141187,1.1382298578534331,-0.9231519911021343,0.0,0.0,-0.6804718122002787,1.9885651204082397,0
0.2245460332616516,0.0,0.2902850510173811,-0.8795103745102193,0.23265553821557777,0.14984108315703443,-1.5072920519457886,0.6716623488153538,-2.032443620737124,0.0,0.0,-1.7989513842476996,-0.1432188329214951,0
1.6685246921819126,0.0,0.6405298909516516,1.8449234868866584,1.313599367805994,0.6830282263656221,-1.5072920519457886,1.017678909606691,2.404722897802835,0.0,0.0,2.6749669039419834,-0.3964095798932671,0
-0.4534932381131697,0.0,1.2215756502689943,-0.8795103745102193,-1.2492488877549475,-1.257338550726375,-0.6510697318600371,-1.4393186048761482,0.18613963853285548,0.0,1.0,-0.12123202617656836,-1.1792740392926668,0
-1.4721891215616434,0.0,-0.18162350062635982,-0.8795103745102193,0.2072005724504529,0.2518203896575308,-1.5072920519457886,-0.12263695232921346,0.18613963853285548,0.0,0.0,-0.12123202617656836,-0.379239757565904,0
0.4723153205103732,0.0,1.020324751826462,0.697684930971013,0.6137165593135259,0.6830282263656221,-0.2560831944486632,-0.3886420715982743,0.18613963853285548,0.0,0.0,-0.12123202617656836,0.027916114966615082,0
-0.4534932381131697,0.0,-1.7425011089148845,-0.8795103745102193,-0.347804178717116,-0.5255544800262242,0.18947797787923643,-0.5360063772889603,-0.9231519911021343,0.0,0.0,-0.6804718122002787,-0.1578366752767059,0
1.5465566591620816,0.0,-1.329436447453843,1.4347876498624124,0.7561022828320654,1.2863791590579898,0.8833194926821726,1.2924668108586557,-0.9231519911021343,1.0,0.0,-0.6804718122002787,0.8745467659505611,0
0.7841165927033555,0.0,1.430538452483767,1.1946979528393167,0.1650231095775202,0.48588193502091354,0.3873708945356991,0.6254659586163507,0.18613963853285548,0.0,0.0,-0.12123202617656836,0.11481200149441971,0
0.964073858567003,0.0,0.2902850510173811,1.1946979528393167,1.175937894526116,1.0324411393024084,1.0878123472217276,1.017678909606691,0.18613963853285548,0.0,0.0,-0.12123202617656836,1.1031703017064747,0
1.7268865040398134,0.0,1.430538452483767,1.4347876498624124,1.8365407410546897,2.0225805393741205,0.6014316668245172,0.8060520324363187,0.18613963853285548,0.0,0.0,-0.12123202617656836,0.9850524079035062,0
0.8764122416617753,0.0,0.8266788390641504,0.697684930971013,1.772538441316136,1.5943126381100066,-0.4459281988232748,1.1382298578534331,0.18613963853285548,0.0,0.0,-0.12123202617656836,0.6641835266264013,0
-0.07289576572182317,0.0,0.6405298909516516,-0.8795103745102193,0.055446006564629585,0.3954654611427993,-0.5059682851583214,-0.31889890269653554,0.18613963853285548,0.0,0.0,-0.12123202617656836,-0.3630243137434733,0
1.5465566591620816,0.0,1.2215756502689943,1.4347876498624124,0.37806190477136026,0.6964560993767297,0.4485848661498302,0.5307740080750752,0.18613963853285548,0.0,0.0,-0.12123202617656836,0.24656808583801723,0
0.4723153205103732,0.0,0.6405298909516516,0.697684930971013,-0.09108122639968771,0.06041869553875765,1.1920688149544694,0.11481150538227353,-0.9231519911021343,0.0,0.0,-0.6804718122002787,1.043099174219623,0
-1.4721891215616434,0.0,-0.5921311266741747,-0.8795103745102193,-0.7389516901052688,-0.5521808457454166,-0.0029467479771157737,-0.4609168016563328,0.18613963853285548,0.0,1.0,-0.12123202617656836,-0.5349453890291604,0
-1.4721891215616434,0.0,-1.9557629104763974,0.697684930971013,-0.7379200458223688,-0.8868079756552516,-1.1855370315326892,-1.0715844008170172,0.18613963853285548,0.0,0.0,-0.12123202617656836,-1.0300444341077282,1
0.35339972946965464,0.0,-1.6252591166453392,0.697684930971013,-0.24305706053946358,-0.37533744672449043,0.30430790550158904,-0.3886420715982743,-0.9231519911021343,0.0,0.0,-0.6804718122002787,-0.02362584180346972,0
-1.4721891215616434,0.0,-0.3251261608248572,-0.8795103745102193,-0.40852216833911936,-1.4836057089681398,-1.5072920519457886,-1.594191099233689,0.18613963853285548,0.0,0.0,-0.12123202617656836,-0.8253809341822155,0
0.8764122416617753,0.0,1.2215756502689943,1.1946979528393167,0.37806190477136026,0.4710825342868126,0.41262740123801345,0.17064504865893973,0.18613963853285548,0.0,0.0,-0.12123202617656836,0.21917982158947924,0
-1.012053753692239,0.0,0.2902850510173811,-0.8795103745102193,-0.514124971521488,-0.693650698030738,-1.5072920519457886,-1.0715844008170172,0.18613963853285548,0.0,0.0,-0.12123202617656836,-0.8978060136679188,0
1.8927920133992675,0.0,0.12596723534148388,-0.8795103745102193,-0.6985159336153656,-0.03363697408995959,0.06867303718851682,-0.0609482951462328,0.18613963853285548,0.0,1.0,-0.12123202617656836,-0.46086992549145867,1
-1.4721891215616434,0.0,0.12596723534148388,-0.8795103745102193,-0.13121760188350487,0.18444317316632383,-1.5072920519457886,0.33105875939802537,-0.9231519911021343,0.0,0.0,-0.6804718122002787,-0.5410909853885542,0
0.35339972946965464,0.0,-0.5921311266741747,-0.8795103745102193,-1.2872281425684777,-0.693650698030738,-0.29771809938538085,-1.0715844008170172,0.18613963853285548,0.0,1.0,-0.12123202617656836,-0.9530683853301106,0
0.8764122416617753,0.0,-1.8408659249517312,-0.8795103745102193,0.6682656041860815,1.1459547502360705,0.792278719255593,1.0985370245410373,-2.032443620737124,1.0,0.0,-1.7989513842476996,0.9496200999495706,0
-1.4721891215616434,0.0,-0.3251261608248572,-0.8795103745102193,-0.14182484331797465,-0.958783742641671,-0.9918459235005864,-0.31889890269653554,0.18613963853285548,0.0,0.0,-0.12123202617656836,-0.58809043764224,0
0.5829479787780677,0.0,0.461768744122683,1.1946979528393167,0.34577358159625915,0.44116600526156535,-0.5059682851583214,0.11481150538227353,0.18613963853285548,0.0,0.0,-0.12123202617656836,-0.188519098061242,0
0.4723153205103732,0.0,-1.329436447453843,0.697684930971013,-0.31944697334933203,-0.3055111642679678,0.4368416794280404,0.057665153009515184,0.18613963853285548,0.0,0.0,-0.12123202617656836,-0.02111682864718346,0
0.5829479787780677,1.0,0.12596723534148388,-0.8795103745102193,-0.15774420698217537,-0.11268564702923983,0.28923433604572274,0.4822024803158727,0.18613963853285548,0.0,1.0,-0.12123202617656836,-0.08923698194580078,1
0.7841165927033555,0.0,1.020324751826462,0.697684930971013,-0.2787949662863412,0.04199850807495892,-0.21737965524864494,-0.0609482951462328,0.18613963853285548,0.0,0.0,-0.12123202617656836,-0.4535064678785646,0
0.2245460332616516,0.0,-1.9215998710095312,-0.8795103745102193,1.0487529478436821,1.4495993077391918,0.6363344069825336,0.8924329275229498,1.2954312681678453,0.0,0.0,1.556487331894563,0.24921874480758635,0
-1.4721891215616434,0.0,-0.03129755540730531,-0.8795103745102193,-0.862889607557567,-0.473750457681484,-0.21737965524864494,-0.0008867506627574296,0.18613963853285548,0.0,1.0,-0.12123202617656836,-0.7346596343911249,0
1.4166903618380977,0.0,-0.03129755540730531,1.8449234868866584,1.33677331332784,0.6695193840693882,-0.1472620689342646,1.5469755984553732,1.2954312681678453,0.0,0.0,1.556487331894563,0.07194963596864619,0
0.7841165927033555,0.0,0.6405298909516516,0.697684930971013,1.4521469360578003,1.3384534974805933,-0.5059682851583214,1.1774541226784172,0.18613963853285548,0.0,0.0,-0.12123202617656836,0.4724960925646137,0
0.5829479787780677,0.0,-0.18162350062635982,1.4347876498624124,-0.500930220855208,-0.2169867647588109,1.3077458636419255,-0.18608610499023895,0.18613963853285548,1.0,0.0,-0.12123202617656836,1.041266157773351,0
-0.07289576572182317,0.0,0.6405298909516516,1.1946979528393167,-1.0701936650143569,-1.257338550726375,-0.29771809938538085,-1.3040579861083508,2.404722897802835,0.0,0.0,2.6749669039419834,-1.3314773191164413,0
-0.24938390894453497,0.0,0.8266788390641504,-0.8795103745102193,1.6823975103223927,1.5083826254463537,-0.7419059021457265,1.2545582777324633,0.18613963853285548,0.0,0.0,-0.12123202617656836,0.5870871667117005,0
-0.6985221790742214,0.0,-1.1486189098802198,-0.8795103745102193,0.0022924354402456266,0.1145892787914231,-0.4459281988232748,0.17064504865893973,0.18613963853285548,0.0,0.0,-0.12123202617656836,-0.38132774329480185,0
0.08350622611294847,0.0,0.461768744122683,-0.8795103745102193,-0.9315605353812813,-1.1185646336077608,-0.4459281988232748,-1.594191099233689,0.18613963853285548,0.0,1.0,-0.12123202617656836,-0.9092657187214637,1
0.4723153205103732,0.0,0.6405298909516516,0.697684930971013,0.35984492297195414,0.48588193502091354,-0.29771809938538085,0.432757898856675,0.18613963853285548,0.0,0.0,-0.12123202617656836,-0.12929284628622462,0
-0.07289576572182317,0.0,-0.5921311266741747,0.697684930971013,-0.5224530099145781,-0.2829146346091301,0.36097556023933375,2.101675587139568,1.2954312681678453,0.0,0.0,1.556487331894563,-0.47103157539910867,0
-0.07289576572182317,0.0,0.461768744122683,0.697684930971013,0.07559187805081707,-0.49941885605417785,1.8207000959290787,-1.0715844008170172,0.18613963853285548,0.0,0.0,-0.12123202617656836,1.986412359362159,0
-1.4721891215616434,0.0,-0.18162350062635982,-0.8795103745102193,0.6516594272256889,0.5296681287064666,-1.5072920519457886,-0.968744774313427,1.2954312681678453,0.0,0.0,1.556487331894563,-0.40843052945623953,0
1.7268865040398134,1.0,-0.18162350062635982,-0.8795103745102193,-0.7286844313390978,-0.0925805927386985,-0.05629982231812761,-0.18608610499023895,0.18613963853285548,0.0,1.0,-0.12123202617656836,-0.5662616410735978,1
1.8927920133992675,0.0,1.020324751826462,1.5752618279022026,1.8530021575787674,2.030725022791544,0.5040297805182613,0.5785153380242523,0.18613963853285548,0.0,0.0,-0.12123202617656836,0.9450079915134335,0
-1.4721891215616434,0.0,1.2215756502689943,-0.8795103745102193,-2.271301413069049,-2.0979157852458847,-0.4459281988232748,-2.0268289954725063,-0.9231519911021343,0.0,1.0,-0.6804718122002787,-1.1998379321279549,1
-1.4721891215616434,0.0,0.461768744122683,1.1946979528393167,-1.2300998801818903,-1.257338550726375,0.30430790550158904,-1.0715844008170172,2.404722897802835,0.0,0.0,2.6749669039419834,-0.9518644418063288,0
0.964073858567003,0.0,0.6405298909516516,-0.8795103745102193,0.05201660752537077,-0.03363697408995959,0.4600984431460262,0.11481150538227353,0.18613963853285548,0.0,1.0,-0.12123202617656836,0.12672952109591964,1
0.4723153205103732,1.0,0.8266788390641504,-0.8795103745102193,-0.26029681542090577,0.09670929282765271,0.36097556023933375,0.057665153009515184,0.18613963853285548,0.0,1.0,-0.12123202617656836,-0.06697257370901387,0
0.35339972946965464,0.0,-0.18162350062635982,-0.8795103745102193,0.01861208544370065,-0.1955945586379102,0.06867303718851682,0.4822024803158727,-0.9231519911021343,0.0,1.0,-0.6804718122002787,-0.07615025199159006,1
-0.24938390894453497,0.0,0.461768744122683,1.1946979528393167,0.770933198679975,0.6964560993767297,0.09066795769800697,0.33105875939802537,2.404722897802835,0.0,0.0,2.6749669039419834,-0.4789290351306781,0
0.08350622611294847,0.0,0.2902850510173811,-0.8795103745102193,-0.1251944124292208,-0.03363697408995959,1.1988932952552227,0.17064504865893973,-0.9231519911021343,0.0,0.0,-0.6804718122002787,1.047151398896132,0
-1.4721891215616434,0.0,-0.18162350062635982,-0.8795103745102193,-0.16484784966470695,-0.7864686628999003,0.11184436778086729,-0.2514482231001947,0.18613963853285548,0.0,0.0,-0.12123202617656836,-0.22158424724203415,0
-1.4721891215616434,0.0,-0.03129755540730531,-0.8795103745102193,0.052808739019480425,0.3644218685281948,-1.5072920519457886,0.33105875939802537,-0.9231519911021343,0.0,0.0,-0.6804718122002787,-0.40758123036243005,0
0.964073858567003,0.0,1.2215756502689943,1.4347876498624124,1.1305587513139408,0.9973552647654118,1.1232507678454522,1.2545582777324633,0.18613963853285548,0.0,0.0,-0.12123202617656836,1.127662163402927,0
-1.4721891215616434,0.0,-0.03129755540730531,-0.8795103745102193,-0.6487736527782128,-0.8868079756552516,-1.5072920519457886,-1.3040579861083508,0.18613963853285548,0.0,0.0,-0.12123202617656836,-1.0005453877006645,0
0.8764122416617753,0.0,0.8266788390641504,1.5752618279022026,0.8677028775462932,1.0784634045810304,1.5011181898709176,0.9764777356110778,0.18613963853285548,1.0,0.0,-0.12123202617656836,1.5573276335790889,0
0.2245460332616516,0.0,0.461768744122683,0.697684930971013,-0.2519787703759669,-0.39933908986058203,-0.4459281988232748,-1.0715844008170172,1.2954312681678453,0.0,0.0,1.556487331894563,-0.8067837210765797,0
1.047621135607331,0.0,0.12596723534148388,1.7792728358814742,1.2040603643969516,0.45617790096966415,-1.5072920519457886,1.0583591808618793,1.2954312681678453,0.0,0.0,1.556487331894563,-0.10021635025814778,0
-0.07289576572182317,0.0,-0.3251261608248572,0.697684930971013,-1.3874647004500376,-1.4836057089681398,-0.5059682851583214,-1.594191099233689,2.404722897802835,0.0,0.0,2.6749669039419834,-1.535299948328361,1
0.6865551185257461,1.0,0.2902850510173811,0.697684930971013,0.5370080126427315,0.6422534681290875,0.09066795769800697,0.2252488320656032,-0.9231519911021343,0.0,0.0,-0.6804718122002787,0.20179868477409194,1
1.1274872107053646,0.0,-0.03129755540730531,1.7792728358814742,1.258538047574357,0.5296681287064666,-1.5072920519457886,0.9764777356110778,1.2954312681678453,0.0,0.0,1.556487331894563,-0.07013325550527767,0
1.8927920133992675,0.0,1.647319010761206,1.8684208428384286,1.338053531947906,0.775392852965216,-0.11526604073060712,1.1774541226784172,2.404722897802835,1.0,0.0,2.6749669039419834,-0.2924517471784722,0
-1.4721891215616434,0.0,-0.7158720037692985,-0.8795103745102193,0.6458468218592621,0.0786539932463993,0.7856971155694022,0.4822024803158727,-0.9231519911021343,0.0,0.0,-0.6804718122002787,0.734341827994688,0
0.08350622611294847,0.0,0.8266788390641504,-0.8795103745102193,-0.397994287961153,-0.2169867647588109,0.28923433604572274,0.5307740080750752,0.18613963853285548,0.0,1.0,-0.12123202617656836,-0.1773598015627798,1
-0.07289576572182317,0.0,1.647319010761206,0.697684930971013,-0.24701441667323626,0.16722133829873997,-0.34278061469339505,0.717138288650402,-0.9231519911021343,0.0,0.0,-0.6804718122002787,-0.4135644362643999,0
0.4723153205103732,0.0,0.8266788390641504,-0.8795103745102193,-0.46861509612486824,-0.5521808457454166,0.17103352023621246,0.432757898856675,-0.9231519911021343,0.0,1.0,-0.6804718122002787,-0.219660612342503,0
0.5829479787780677,0.0,0.6405298909516516,-0.8795103745102193,0.2466162509874002,0.2015103997107105,-1.1855370315326892,0.7619251298184915,-2.032443620737124,0.0,0.0,-1.7989513842476996,-0.11569849244163903,0
-1.4721891215616434,0.0,-1.6252591166453392,-0.8795103745102193,-0.07073395161849474,-0.0727088154730665,-1.5072920519457886,-0.18608610499023895,0.18613963853285548,0.0,0.0,-0.12123202617656836,-0.5730714502530508,0
-0.07289576572182317,0.0,-1.2418825974008505,-0.8795103745102193,-0.8168983838728388,-0.49941885605417785,0.41262740123801345,-0.31889890269653554,-0.9231519911021343,0.0,0.0,-0.6804718122002787,-0.09771640705288148,0
-0.6985221790742214,1.0,-0.18162350062635982,-0.8795103745102193,-0.2137667985623594,-0.4485275487942812,-1.5072920519457886,-0.6142506050345212,-0.9231519911021343,0.0,1.0,-0.6804718122002787,-0.6081781614115602,1
-0.07289576572182317,0.0,-1.329436447453843,-0.8795103745102193,-0.8837763018766396,-0.6641389848940414,-0.2560831944486632,-0.6142506050345212,-0.9231519911021343,0.0,0.0,-0.6804718122002787,-0.7041627842974053,0
-0.4534932381131697,0.0,0.6405298909516516,-0.8795103745102193,-0.9979248950094157,-1.1626600424566094,-0.5059682851583214,-1.4393186048761482,1.2954312681678453,0.0,1.0,1.556487331894563,-1.1952949813139546,1
0.4723153205103732,1.0,-1.8408659249517312,1.4347876498624124,-0.4321810771286733,-0.6352708672061055,-0.08500636257674449,-0.4609168016563328,0.18613963853285548,0.0,0.0,-0.12123202617656836,-0.46316187092815386,1
-1.4721891215616434,0.0,-0.03129755540730531,-0.8795103745102193,-2.271301413069049,-2.0979157852458847,-1.5072920519457886,-2.0268289954725063,1.2954312681678453,0.0,0.0,1.556487331894563,-2.2568431171423695,0
-1.4721891215616434,0.0,0.12596723534148388,-0.8795103745102193,-2.271301413069049,-2.0979157852458847,-1.5072920519457886,-2.0268289954725063,2.404722897802835,0.0,0.0,2.6749669039419834,-2.2568431171423695,0
-1.4721891215616434,0.0,0.12596723534148388,-0.8795103745102193,-1.1275617121492878,-1.3629201294818385,-1.5072920519457886,-0.781954627922395,-0.9231519911021343,0.0,1.0,-0.6804718122002787,-1.3358375098762754,0
0.4723153205103732,0.0,0.8266788390641504,-0.8795103745102193,0.14979060805712863,0.1145892787914231,-1.5072920519457886,0.8495461729713818,-2.032443620737124,0.0,0.0,-1.7989513842476996,-0.20454308625996925,0
-1.4721891215616434,0.0,0.461768744122683,-0.8795103745102193,-2.271301413069049,-2.0979157852458847,-0.3919063374300445,-2.0268289954725063,-0.9231519911021343,0.0,1.0,-0.6804718122002787,-1.1474261061462976,0
-1.4721891215616434,0.0,-0.8332668783246234,-0.8795103745102193,-0.6582418825116352,-0.4237299919284973,0.25785800478751103,2.040287070344547,1.2954312681678453,0.0,0.0,1.556487331894563,-0.5918371048068208,0
-0.24938390894453497,0.0,0.461768744122683,-0.8795103745102193,-0.3666038962571172,-0.01442369443343163,0.25785800478751103,-0.0609482951462328,0.18613963853285548,0.0,1.0,-0.12123202617656836,-0.1910021378631252,0
-0.6985221790742214,0.0,-0.3251261608248572,-0.8795103745102193,0.2597626997236573,0.31694313114105294,-1.5072920519457886,-0.0609482951462328,0.18613963853285548,0.0,0.0,-0.12123202617656836,-0.3432354993663446,0
1.2040372514157516,0.0,2.345610480711428,1.4347876498624124,0.4387203395968522,0.6964560993767297,0.09066795769800697,0.6716623488153538,1.2954312681678453,0.0,0.0,1.556487331894563,-0.2823030890512668,0
0.2245460332616516,0.0,-0.7158720037692985,-0.8795103745102193,-1.2096417168199638,-0.8189996955752258,-0.21737965524864494,-0.781954627922395,-0.9231519911021343,0.0,1.0,-0.6804718122002787,-0.8036053268676512,0
0.964073858567003,0.0,-0.7158720037692985,-0.8795103745102193,-0.9496179179045173,-0.5521808457454166,-0.4459281988232748,-1.0715844008170172,0.18613963853285548,0.0,1.0,-0.12123202617656836,-0.9127087243383659,0
0.6865551185257461,0.0,0.461768744122683,-0.8795103745102193,0.11657572985340539,0.3644218685281948,-1.5072920519457886,0.2252488320656032,-0.9231519911021343,0.0,0.0,-0.6804718122002787,-0.362709281032458,0
-1.4721891215616434,1.0,-0.9444391811885324,-0.8795103745102193,-0.23648907642949576,-0.693650698030738,-1.5072920519457886,-0.8725708510892921,-0.9231519911021343,0.0,1.0,-0.6804718122002787,-0.6270545062133414,1
1.2775822509180437,0.0,-1.7425011089148845,0.697684930971013,0.7319819370258316,1.2332611690125022,0.792278719255593,1.0583591808618793,-0.9231519911021343,1.0,0.0,-0.6804718122002787,0.776497693363703,0
-1.012053753692239,0.0,-1.1486189098802198,-0.8795103745102193,-0.7286844313390978,-0.5255544800262242,1.2633638065326638,-0.5360063772889603,-0.9231519911021343,1.0,0.0,-0.6804718122002787,1.0671373960092971,0
1.2040372514157516,0.0,1.2215756502689943,1.1946979528393167,0.7824427412059238,0.8641943950641062,0.04579181165646059,-0.3886420715982743,0.18613963853285548,0.0,0.0,-0.12123202617656836,0.2167198767720643,0
-1.4721891215616434,0.0,-1.1486189098802198,-0.8795103745102193,-1.0210553360655665,-1.6271094250024807,-1.5072920519457886,-1.7800759131583497,1.2954312681678453,0.0,1.0,1.556487331894563,-1.4783390571356931,0
1.348389454007024,0.0,1.430538452483767,1.4347876498624124,0.6549206753121598,0.7882882299708391,0.40013516043213326,0.5307740080750752,0.18613963853285548,0.0,0.0,-0.12123202617656836,0.3306478552039696,0
1.1274872107053646,0.0,1.020324751826462,1.1946979528393167,0.21903814926633755,0.5440656997790116,0.34731683030805827,0.5307740080750752,0.18613963853285548,0.0,0.0,-0.12123202617656836,0.10792767387523612,0
-0.07289576572182317,0.0,1.2215756502689943,-0.8795103745102193,-1.0854839067578905,-1.2088238377712506,-0.18121248900618253,-1.0715844008170172,0.18613963853285548,0.0,1.0,-0.12123202617656836,-0.7999702360368599,0
-0.6985221790742214,0.0,0.6405298909516516,-0.8795103745102193,0.8109081113111382,0.9855478547947649,1.6463872690810593,1.1774541226784172,0.18613963853285548,0.0,0.0,-0.12123202617656836,1.7753091110459729,0
-1.4721891215616434,1.0,-2.035513619812486,-0.8795103745102193,-0.9033160645443686,-1.3085554486041324,-1.5072920519457886,-1.4393186048761482,0.18613963853285548,0.0,0.0,-0.12123202617656836,-1.2012988906185271,1
1.7268865040398134,0.0,-0.9444391811885324,1.4347876498624124,1.94016024358721,2.063094818805589,-0.5059682851583214,2.2218120942225736,-0.9231519911021343,0.0,0.0,-0.6804718122002787,0.87034714050369,0
-1.012053753692239,0.0,0.6405298909516516,-0.8795103745102193,-0.12069495154480026,-0.6641389848940414,-0.4459281988232748,-0.12263695232921346,0.18613963853285548,0.0,0.0,-0.12123202617656836,-0.4594625166383286,0
-1.4721891215616434,0.0,0.6405298909516516,-0.8795103745102193,-1.689728845795041,-1.4836057089681398,0.2415078628653102,-1.3040579861083508,-0.9231519911021343,0.0,1.0,-0.6804718122002787,-0.4394583463433816,1
-1.4721891215616434,0.0,-1.4114139258166871,-0.8795103745102193,-0.04784794009280743,-0.03363697408995959,-1.5072920519457886,-0.12263695232921346,0.18613963853285548,0.0,0.0,-0.12123202617656836,-0.5567422771359944,0
1.1274872107053646,1.0,1.020324751826462,-0.8795103745102193,0.06908196720286315,0.004582783269003773,0.15197615836469722,0.17064504865893973,0.18613963853285548,0.0,1.0,-0.12123202617656836,-0.08829437720183148,1
0.7841165927033555,0.0,-1.0495141476718508,-0.8795103745102193,-0.7784632968325488,-0.5521808457454166,-0.29771809938538085,-1.1826182295476602,-0.9231519911021343,0.0,1.0,-0.6804718122002787,-0.6807991116072282,0
1.8927920133992675,1.0,0.12596723534148388,-0.8795103745102193,-0.6985159336153656,-0.03363697408995959,0.06867303718851682,-0.0609482951462328,0.18613963853285548,0.0,1.0,-0.12123202617656836,-0.46086992549145867,1
-1.4721891215616434,0.0,-0.7158720037692985,-0.8795103745102193,-2.271301413069049,-2.0979157852458847,-1.5072920519457886,-2.0268289954725063,1.2954312681678453,0.0,0.0,1.556487331894563,-2.2568431171423695,0
0.08350622611294847,0.0,0.461768744122683,0.697684930971013,-0.09108122639968771,0.0786539932463993,1.2991140346918413,0.382393625891712,-0.9231519911021343,0.0,0.0,-0.6804718122002787,1.2058232125562227,0
0.08350622611294847,1.0,0.2902850510173811,-0.8795103745102193,-0.3201478244692436,-0.0727088154730665,-0.8519084961219504,-0.31889890269653554,0.18613963853285548,0.0,1.0,-0.12123202617656836,-0.6774439461696689,0
-0.07289576572182317,0.0,-0.03129755540730531,0.697684930971013,-0.2322382072121397,-0.01442369443343163,-0.5059682851583214,0.4822024803158727,-2.032443620737124,0.0,0.0,-1.7989513842476996,-0.3338826474165795,0
0.2245460332616516,0.0,0.461768744122683,-0.8795103745102193,1.857100457449547,1.603702037086043,1.071392477424079,0.382393625891712,-0.9231519911021343,0.0,0.0,-0.6804718122002787,1.4518142194952262,0
1.047621135607331,0.0,0.6405298909516516,1.4347876498624124,0.287080318362488,0.6007130929660973,0.5145209391695161,1.0985370245410373,0.18613963853285548,0.0,0.0,-0.12123202617656836,0.261702630072462,0
-1.4721891215616434,0.0,-2.085096900933757,-0.8795103745102193,-1.2123957977194495,-1.8108217731349643,-1.5072920519457886,-1.1826182295476602,-0.9231519911021343,0.0,0.0,-0.6804718122002787,-1.4128654014000201,1
-1.4721891215616434,0.0,0.2902850510173811,-0.8795103745102193,-0.12219307410333152,-0.8189996955752258,1.8102291973337274,-1.0715844008170172,0.18613963853285548,0.0,0.0,-0.12123202617656836,1.9487690633763715,0
-1.4721891215616434,0.0,0.2902850510173811,-0.8795103745102193,-2.271301413069049,-2.0979157852458847,-1.5072920519457886,-2.0268289954725063,0.18613963853285548,0.0,0.0,-0.12123202617656836,-2.2568431171423695,1
-0.4534932381131697,0.0,0.461768744122683,-0.8795103745102193,0.24244134121172964,0.2846509543916297,0.2073487160052933,-0.0609482951462328,0.18613963853285548,0.0,0.0,-0.12123202617656836,0.02528769977118125,0
0.8764122416617753,0.0,1.020324751826462,0.697684930971013,0.27302613069181336,0.2846509543916297,-1.5072920519457886,0.717138288650402,-2.032443620737124,0.0,0.0,-1.7989513842476996,-0.11237435809669942,0
1.6084561656599872,1.0,-0.03129755540730531,-0.8795103745102193,-0.7974824705637615,-0.03363697408995959,0.4600984431460262,0.057665153009515184,0.18613963853285548,0.0,1.0,-0.12123202617656836,-0.1251274733472123,1
0.4723153205103732,1.0,1.430538452483767,-0.8795103745102193,-0.31490130553501755,0.06041869553875765,-0.11526604073060712,0.057665153009515184,0.18613963853285548,0.0,1.0,-0.12123202617656836,-0.4199455064483686,0
-0.6985221790742214,0.0,1.020324751826462,-0.8795103745102193,-1.564397814427982,-1.3629201294818385,-0.29771809938538085,-1.1826182295476602,-0.9231519911021343,0.0,1.0,-0.6804718122002787,-0.9770830834447182,1
-1.4721891215616434,0.0,0.461768744122683,-0.8795103745102193,-2.271301413069049,-2.0979157852458847,-1.5072920519457886,-2.0268289954725063,-0.9231519911021343,0.0,1.0,-0.6804718122002787,-2.2568431171423695,0
-0.6985221790742214,0.0,-0.18162350062635982,-0.8795103745102193,-0.3521162598506749,-0.0727088154730665,1.613436583277545,-0.0008867506627574296,-0.9231519911021343,0.0,0.0,-0.6804718122002787,1.707828126440525,0
-0.07289576572182317,0.0,2.104751684068571,-0.8795103745102193,-1.12105662982114,-1.0356937365568895,0.04579181165646059,-0.6960629002177537,0.18613963853285548,0.0,1.0,-0.12123202617656836,-0.6191955892103449,0
0.08350622611294847,1.0,-1.9860170239087698,1.1946979528393167,-0.5418526655952026,-0.7238459676478477,-1.5072920519457886,-1.0715844008170172,0.18613963853285548,0.0,0.0,-0.12123202617656836,-0.9186955800651374,1
-0.4534932381131697,0.0,-1.2418825974008505,0.697684930971013,-0.4360431195684708,-0.23866380856018854,0.41262740123801345,2.3673848116763136,1.2954312681678453,0.0,0.0,1.556487331894563,-0.40491436777114204,0
-0.4534932381131697,0.0,0.2902850510173811,-0.8795103745102193,-0.4379790492875736,-0.6641389848940414,-0.3919063374300445,-0.781954627922395,0.18613963853285548,0.0,0.0,-0.12123202617656836,-0.6211131576216735,0
0.2245460332616516,0.0,1.647319010761206,1.4347876498624124,-1.0701936650143569,-0.9965651623037695,-0.02899096777841141,-1.1826182295476602,2.404722897802835,0.0,0.0,2.6749669039419834,-1.171505077138828,0
-1.4721891215616434,0.0,-0.9444391811885324,0.697684930971013,0.7357934128741355,0.7624248672142554,1.4272844212878542,0.5307740080750752,-0.9231519911021343,1.0,0.0,-0.6804718122002787,1.555083567707556,0
-0.4534932381131697,0.0,-0.3251261608248572,1.1946979528393167,0.7777121899767684,0.8766103452573641,1.450564445031603,0.5785153380242523,-0.9231519911021343,1.0,0.0,-0.6804718122002787,1.5993895517414642,0
0.2245460332616516,0.0,-0.46192253572791986,0.697684930971013,0.07168946883209817,0.2846509543916297,0.06867303718851682,0.4822024803158727,0.18613963853285548,0.0,0.0,-0.12123202617656836,-0.13335273647248388,0
-1.4721891215616434,0.0,-0.46192253572791986,-0.8795103745102193,0.5954635570162646,0.44116600526156535,-1.5072920519457886,-1.1826182295476602,1.2954312681678453,0.0,0.0,1.556487331894563,-0.44126384700612276,0
0.08350622611294847,0.0,0.461768744122683,1.1946979528393167,0.011835295579942519,-0.4485275487942812,0.34731683030805827,-0.0008867506627574296,1.2954312681678453,0.0,0.0,1.556487331894563,-0.3176684900340033,0
0.8764122416617753,0.0,-0.3251261608248572,0.697684930971013,0.5922777098137583,0.6284936427069701,-0.05629982231812761,-0.0008867506627574296,-0.9231519911021343,0.0,0.0,-0.6804718122002787,0.17014906658684867,1
-1.4721891215616434,0.0,-0.5921311266741747,-0.8795103745102193,1.6334912480446955,1.3281195031310904,-1.5072920519457886,0.8060520324363187,0.18613963853285548,0.0,0.0,-0.12123202617656836,0.5309492610151004,0
-0.24938390894453497,0.0,-0.18162350062635982,-0.8795103745102193,-0.15405327124639726,-0.4237299919284973,-0.9918459235005864,-0.3886420715982743,-0.9231519911021343,0.0,1.0,-0.6804718122002787,-0.5206604201177688,1
0.6865551185257461,0.0,1.872022146645339,0.697684930971013,0.6503895455103739,0.775392852965216,0.04579181165646059,-0.12263695232921346,0.18613963853285548,0.0,0.0,-0.12123202617656836,0.14755182297264868,0
0.35339972946965464,0.0,-1.8408659249517312,1.4347876498624124,0.374862062449362,-0.13303146608600047,1.3677073883673285,-0.2514482231001947,0.18613963853285548,0.0,0.0,-0.12123202617656836,1.2614973406653662,0
0.7841165927033555,0.0,0.2902850510173811,0.697684930971013,0.33595881290880486,0.34871995104993136,-0.5059682851583214,-0.31889890269653554,0.18613963853285548,0.0,0.0,-0.12123202617656836,-0.1951987201133497,0
-0.07289576572182317,0.0,-0.3251261608248572,0.697684930971013,-1.3874647004500376,-1.4836057089681398,-0.5059682851583214,-1.594191099233689,0.18613963853285548,0.0,0.0,-0.12123202617656836,-1.1480964992197344,0
-1.4721891215616434,0.0,-0.18162350062635982,-0.8795103745102193,-0.3370915956221603,-1.2088238377712506,-1.5072920519457886,-0.3886420715982743,0.18613963853285548,0.0,0.0,-0.12123202617656836,-0.7717669681949445,0
0.2245460332616516,0.0,1.020324751826462,0.697684930971013,-0.10137148240131602,0.004582783269003773,1.231950193315455,0.382393625891712,-0.9231519911021343,0.0,0.0,-0.6804718122002787,1.1008305875686557,0
1.348389454007024,0.0,-0.18162350062635982,-0.8795103745102193,-1.3297829086400417,-0.37533744672449043,-1.5072920519457886,-1.594191099233689,-0.9231519911021343,0.0,1.0,-0.6804718122002787,-1.4825685980540568,1
-0.07289576572182317,0.0,0.2902850510173811,-0.8795103745102193,0.17428282485449756,0.09670929282765271,-1.5072920519457886,0.6716623488153538,-2.032443620737124,0.0,0.0,-1.7989513842476996,-0.186644750516407,0
1.047621135607331,0.0,1.020324751826462,0.697684930971013,0.31570251652897474,0.30086286343248403,-0.4459281988232748,0.8495461729713818,-2.032443620737124,0.0,0.0,-1.7989513842476996,0.03988259986545453,0
-1.4721891215616434,0.0,-0.5921311266741747,-0.8795103745102193,-2.271301413069049,-2.0979157852458847,-1.5072920519457886,-2.0268289954725063,1.2954312681678453,0.0,0.0,1.556487331894563,-2.2568431171423695,0
-0.24938390894453497,0.0,0.461768744122683,-0.8795103745102193,-0.5973084325587639,-0.7238459676478477,0.021947609361985223,0.33105875939802537,-0.9231519911021343,0.0,1.0,-0.6804718122002787,-0.3873176477629013,0
0.35339972946965464,0.0,1.647319010761206,0.697684930971013,0.6025638901527411,0.7230740557318959,-0.1472620689342646,-0.4609168016563328,0.18613963853285548,0.0,0.0,-0.12123202617656836,0.053122696182899456,0
-0.4534932381131697,0.0,-0.7158720037692985,0.697684930971013,0.024010107841506343,0.14984108315703443,-0.05629982231812761,0.382393625891712,0.18613963853285548,0.0,0.0,-0.12123202617656836,-0.22212491836528858,0
0.35339972946965464,0.0,0.461768744122683,0.697684930971013,0.2989950058564197,0.6146473417131381,-0.34278061469339505,0.432757898856675,0.18613963853285548,0.0,0.0,-0.12123202617656836,-0.17555537779094604,0
0.4723153205103732,0.0,0.461768744122683,-0.8795103745102193,-0.3395826356927439,-0.13303146608600047,-1.5072920519457886,-0.4609168016563328,0.18613963853285548,0.0,1.0,-0.12123202617656836,-0.7640455449236072,0
-1.012053753692239,0.0,1.2215756502689943,-0.8795103745102193,-1.776938381333661,-1.8108217731349643,-0.34278061469339505,-1.3040579861083508,-0.9231519911021343,0.0,1.0,-0.6804718122002787,-1.0619864274125188,1
1.2040372514157516,0.0,-0.3251261608248572,-0.8795103745102193,-1.465183156893129,-0.39933908986058203,-1.5072920519457886,-0.18608610499023895,-0.9231519911021343,0.0,1.0,-0.6804718122002787,-1.595558012211162,1
-0.6985221790742214,0.0,-0.9444391811885324,0.697684930971013,-0.767765448723282,-0.4237299919284973,1.228721302773915,-0.8725708510892921,-0.9231519911021343,1.0,0.0,-0.6804718122002787,1.0074905731068573,0
0.2245460332616516,0.0,1.020324751826462,0.697684930971013,-0.2381278566339791,-0.26063608837311514,1.5032289301168889,-0.0008867506627574296,0.18613963853285548,0.0,0.0,-0.12123202617656836,1.3888571395338856,0
0.4723153205103732,0.0,-0.8332668783246234,0.697684930971013,-0.4321810771286733,-0.1955945586379102,0.31900021497714,2.040287070344547,2.404722897802835,0.0,0.0,2.6749669039419834,-0.7806798943572956,0
-0.24938390894453497,0.0,-1.8833563609753177,1.1946979528393167,0.2904616045544488,-0.17447737485093776,1.343854666033475,-0.6142506050345212,0.18613963853285548,0.0,0.0,-0.12123202617656836,1.2108481767533923,0
-1.4721891215616434,0.0,-0.03129755540730531,-0.8795103745102193,0.00174515823660296,0.34871995104993136,-1.5072920519457886,0.17064504865893973,-0.9231519911021343,0.0,0.0,-0.6804718122002787,-0.44391439506289615,0
-1.4721891215616434,0.0,-1.4114139258166871,-0.8795103745102193,-0.1177037749067463,-0.11268564702923983,-1.5072920519457886,-0.18608610499023895,0.18613963853285548,0.0,0.0,-0.12123202617656836,-0.6063171147371879,0
1.4166903618380977,0.0,1.872022146645339,1.5752618279022026,1.1620807174582322,1.1124339195920343,1.1421047974645455,1.216225360090411,0.18613963853285548,0.0,0.0,-0.12123202617656836,1.15852404055042,0
0.08350622611294847,0.0,-0.03129755540730531,0.697684930971013,0.714555751375239,0.21842668287078776,0.854454787758178,0.6254659586163507,-0.9231519911021343,0.0,0.0,-0.6804718122002787,0.8264687662911476,0
0.8764122416617753,0.0,-1.686315314805773,1.5752618279022026,-0.016436624926200877,-0.0727088154730665,0.33333056902892305,0.057665153009515184,0.18613963853285548,0.0,0.0,-0.12123202617656836,-0.0006163092020758521,0
0.6865551185257461,0.0,0.2902850510173811,1.1946979528393167,0.767194116692765,0.31694313114105294,0.8944949872486918,0.717138288650402,-0.9231519911021343,0.0,0.0,-0.6804718122002787,0.8853584737332756,0
-1.4721891215616434,0.0,-1.0495141476718508,-0.8795103745102193,-0.032333208513218095,0.14984108315703443,-0.2560831944486632,0.33105875939802537,0.18613963853285548,0.0,0.0,-0.12123202617656836,-0.33785730626110605,0
1.2775822509180437,0.0,-1.793966719726717,0.697684930971013,1.192719728963744,1.6130607817255995,0.7516740379585609,0.9764777356110778,2.404722897802835,0.0,0.0,2.6749669039419834,-0.03202503967054195,0
0.8764122416617753,1.0,-1.1486189098802198,-0.8795103745102193,-1.29239434573745,-0.5255544800262242,-1.5072920519457886,-0.781954627922395,-0.9231519911021343,0.0,1.0,-0.6804718122002787,-1.456834392263208,1
-0.07289576572182317,0.0,-0.18162350062635982,-0.8795103745102193,-0.8837763018766396,-1.257338550726375,-0.5059682851583214,-0.968744774313427,-0.9231519911021343,0.0,1.0,-0.6804718122002787,-0.8558178311743594,0
-0.6985221790742214,1.0,0.8266788390641504,-0.8795103745102193,-1.3778546865075596,-1.257338550726375,-0.29771809938538085,-0.968744774313427,0.18613963853285548,0.0,1.0,-0.12123202617656836,-0.9860919906244799,1
-1.4721891215616434,0.0,-1.2418825974008505,-0.8795103745102193,-0.20734880070168094,-0.0925805927386985,-1.5072920519457886,0.17064504865893973,0.18613963853285548,0.0,0.0,-0.12123202617656836,-0.6692453957830293,0
-0.24938390894453497,0.0,-0.46192253572791986,-0.8795103745102193,0.06777643944302339,0.26830447523237333,-0.08500636257674449,0.27869756895634124,-0.9231519911021343,0.0,0.0,-0.6804718122002787,-0.12855649155740792,0
-1.4721891215616434,0.0,-0.5921311266741747,-0.8795103745102193,0.06463831904752478,0.30086286343248403,-1.5072920519457886,0.11481150538227353,-0.9231519911021343,0.0,0.0,-0.6804718122002787,-0.3999740956684975,0
-1.012053753692239,0.0,-0.03129755540730531,0.697684930971013,0.6759744980102507,0.3954654611427993,1.1988932952552227,0.057665153009515184,0.18613963853285548,0.0,0.0,-0.12123202617656836,1.0924176535211771,0
1.047621135607331,0.0,-1.7425011089148845,0.697684930971013,1.1095578443856444,1.556443027647991,0.6772853943080029,0.9347360339290371,2.404722897802835,0.0,0.0,2.6749669039419834,-0.10120020274822877,0
0.964073858567003,0.0,-1.9557629104763974,-0.8795103745102193,0.6888085929670521,1.1348301230709978,0.7230088817253174,1.017678909606691,-2.032443620737124,1.0,0.0,-1.7989513842476996,0.8894857724090746,0
0.6865551185257461,0.0,1.020324751826462,-0.8795103745102193,-0.4256453672483266,-0.5255544800262242,-0.1472620689342646,-0.4609168016563328,-0.9231519911021343,0.0,1.0,-0.6804718122002787,-0.4203445541778197,0
1.1274872107053646,0.0,2.104751684068571,-0.8795103745102193,-0.19841751017656048,0.2015103997107105,0.06867303718851682,-0.0008867506627574296,1.2954312681678453,0.0,1.0,1.556487331894563,-0.5626542185409018,0
0.7841165927033555,1.0,-0.3251261608248572,-0.8795103745102193,0.5686712364324784,0.6559282504848064,-0.11526604073060712,-0.0008867506627574296,-0.9231519911021343,0.0,0.0,-0.6804718122002787,0.13626809929424075,1
1.047621135607331,0.0,0.6405298909516516,-0.8795103745102193,-0.16701755010409683,0.09670929282765271,1.5898940075329646,0.11481150538227353,-0.9231519911021343,0.0,0.0,-0.6804718122002787,1.6836890034843766,0
-0.6985221790742214,0.0,-1.0495141476718508,0.697684930971013,0.03340723260891607,0.21842668287078776,0.36097556023933375,0.382393625891712,0.18613963853285548,0.0,0.0,-0.12123202617656836,0.041580871050091374,0
-0.6985221790742214,0.0,-2.055130370381915,-0.8795103745102193,0.26434912002178146,-0.4485275487942812,1.2254758286775493,-1.0715844008170172,0.18613963853285548,0.0,0.0,-0.12123202617656836,1.0351574173474758,0
-0.24938390894453497,0.0,-1.686315314805773,-0.8795103745102193,-0.42756376909315513,-0.6352708672061055,0.31900021497714,-0.18608610499023895,-0.9231519911021343,0.0,0.0,-0.6804718122002787,-0.078508941501358,0
0.4723153205103732,0.0,0.6405298909516516,0.697684930971013,1.7227580160474962,1.518060576668493,-0.5059682851583214,1.1382298578534331,0.18613963853285548,0.0,0.0,-0.12123202617656836,0.629265851870856,0
-0.07289576572182317,0.0,-0.9444391811885324,-0.8795103745102193,-0.8281797472934255,-1.257338550726375,-0.5059682851583214,-1.594191099233689,1.2954312681678453,0.0,1.0,1.556487331894563,-1.1187758724180799,0
0.08350622611294847,1.0,0.461768744122683,-0.8795103745102193,-0.6606228258839784,-0.9222319226746506,-0.08500636257674449,-1.3040579861083508,1.2954312681678453,0.0,1.0,1.556487331894563,-0.8340492677605169,1
-1.4721891215616434,0.0,0.12596723534148388,-0.8795103745102193,1.7827950205496637,1.459483335342635,0.986867947159215,-0.4609168016563328,-0.9231519911021343,0.0,0.0,-0.6804718122002787,1.3475526570334961,0
1.348389454007024,0.0,-0.18162350062635982,1.8159218925086418,1.2750736519279617,0.5005780712198213,-1.5072920519457886,0.8495461729713818,2.404722897802835,0.0,0.0,2.6749669039419834,-0.41550523362257263,0
-0.4534932381131697,0.0,-2.035513619812486,0.697684930971013,-0.5919425671109304,-0.8868079756552516,-1.5072920519457886,-0.968744774313427,0.18613963853285548,0.0,0.0,-0.12123202617656836,-0.9577378727614897,1
0.6865551185257461,0.0,-0.8332668783246234,1.7315706229742622,1.2237265425434107,0.38000288413917455,-1.5072920519457886,0.717138288650402,1.2954312681678453,1.0,0.0,1.556487331894563,-0.08984130892597766,0
0.35339972946965464,0.0,0.6405298909516516,1.1946979528393167,0.7654920242688796,0.44116600526156535,1.067219038926118,1.017678909606691,-0.9231519911021343,0.0,0.0,-0.6804718122002787,1.0762315868763586,0
0.5829479787780677,0.0,-0.03129755540730531,0.697684930971013,1.4660811137021104,1.3384534974805933,-0.34278061469339505,1.2924668108586557,0.18613963853285548,0.0,0.0,-0.12123202617656836,0.5013244446690324,0
-1.4721891215616434,0.0,0.461768744122683,-0.8795103745102193,-0.200962945212109,-0.7864686628999003,-1.1855370315326892,-0.4609168016563328,0.18613963853285548,0.0,0.0,-0.12123202617656836,-0.6486710797308187,0
-1.012053753692239,0.0,0.6405298909516516,-0.8795103745102193,-0.3307097047421827,0.004582783269003773,-1.5072920519457886,0.6716623488153538,-2.032443620737124,0.0,0.0,-1.7989513842476996,-0.5704360006782566,0
0.35339972946965464,0.0,-0.9444391811885324,1.4347876498624124,-0.4161011006655773,-0.17447737485093776,1.3190757903856305,0.33105875939802537,-0.9231519911021343,1.0,0.0,-0.6804718122002787,1.1925145148398053,0
-0.4534932381131697,0.0,-1.5591855870497442,-0.8795103745102193,-1.0000005491299713,-0.9222319226746506,-1.1855370315326892,-1.0715844008170172,-0.9231519911021343,0.0,0.0,-0.6804718122002787,-1.1688985249192931,0
-0.4534932381131697,0.0,0.12596723534148388,-0.8795103745102193,-0.5153701440113355,-0.2169867647588109,0.33333056902892305,-0.0008867506627574296,0.18613963853285548,0.0,1.0,-0.12123202617656836,-0.17710181942939338,0
-1.4721891215616434,0.0,-0.5921311266741747,-0.8795103745102193,-0.46265867337436284,-0.7547689557144309,1.4436684277962974,-0.6960629002177537,0.18613963853285548,0.0,0.0,-0.12123202617656836,1.2651671279069978,0
-1.4721891215616434,0.0,0.2902850510173811,-0.8795103745102193,-2.271301413069049,-2.0979157852458847,-1.5072920519457886,-2.0268289954725063,-0.9231519911021343,0.0,1.0,-0.6804718122002787,-2.2568431171423695,0
-1.4721891215616434,0.0,0.6405298909516516,-0.8795103745102193,-1.6616452399751547,-1.5517802215308147,0.2415078628653102,-1.0715844008170172,0.18613963853285548,0.0,1.0,-0.12123202617656836,-0.5116436351494907,0
0.35339972946965464,0.0,0.8266788390641504,0.697684930971013,0.029387543924189095,-0.39933908986058203,-0.05629982231812761,0.057665153009515184,0.18613963853285548,0.0,0.0,-0.12123202617656836,-0.22307183690330273,0
1.9966359811595418,1.0,0.461768744122683,1.5752618279022026,1.961363081442666,2.1738756146253624,-0.1472620689342646,2.508287487244056,-0.9231519911021343,0.0,0.0,-0.6804718122002787,0.9283573565659906,0
0.5829479787780677,0.0,0.6405298909516516,0.697684930971013,1.1014118018369294,0.9973552647654118,1.0998498040602487,1.216225360090411,0.18613963853285548,0.0,0.0,-0.12123202617656836,1.0930703595186075,0
-0.07289576572182317,0.0,0.461768744122683,-0.8795103745102193,-0.12970922783351865,-0.2169867647588109,1.4947443268741623,-0.2514482231001947,0.18613963853285548,0.0,0.0,-0.12123202617656836,1.3869746300009056,0
0.2245460332616516,0.0,-0.3251261608248572,-0.8795103745102193,1.8764755065962995,1.556443027647991,1.0755381544477365,0.4822024803158727,-0.9231519911021343,0.0,0.0,-0.6804718122002787,1.4626939892260487,0
0.08350622611294847,0.0,1.430538452483767,1.4347876498624124,-1.0118640203931941,-1.1626600424566094,0.021947609361985223,-0.8725708510892921,2.404722897802835,0.0,0.0,2.6749669039419834,-1.125210653671696,0
0.2245460332616516,0.0,1.430538452483767,-0.8795103745102193,-1.2005398450570708,-1.076306479538755,-0.05629982231812761,-0.968744774313427,-0.9231519911021343,0.0,1.0,-0.6804718122002787,-0.6644174419127366,1
-1.4721891215616434,1.0,0.2902850510173811,-0.8795103745102193,-2.271301413069049,-2.0979157852458847,-1.5072920519457886,-2.0268289954725063,-0.9231519911021343,0.0,1.0,-0.6804718122002787,-2.2568431171423695,1
0.2245460332616516,0.0,-1.9557629104763974,-0.8795103745102193,1.0319273774607751,1.389537393509255,0.2737585998685261,0.717138288650402,1.2954312681678453,0.0,0.0,1.556487331894563,0.055783843169166986,0
1.6685246921819126,0.0,-0.18162350062635982,1.8159218925086418,1.338053531947906,0.6146473417131381,-1.5072920519457886,1.0985370245410373,1.2954312681678453,0.0,0.0,1.556487331894563,-0.026570111529373372,0
1.1274872107053646,0.0,1.872022146645339,1.1946979528393167,0.20838848885621772,0.6007130929660973,0.4485848661498302,0.717138288650402,0.18613963853285548,0.0,0.0,-0.12123202617656836,0.1793235938877366,0
1.4826869650373546,0.0,-0.46192253572791986,0.697684930971013,1.8754595221595844,2.014414953545078,-1.5072920519457886,1.8826499213060561,-0.9231519911021343,0.0,0.0,-0.6804718122002787,0.7901060702096334,0
0.8764122416617753,0.0,0.6405298909516516,-0.8795103745102193,-0.1078803967037727,0.16722133829873997,0.18947797787923643,0.6254659586163507,0.18613963853285548,0.0,1.0,-0.12123202617656836,-0.14003280945722843,0
-1.4721891215616434,0.0,-0.18162350062635982,-0.8795103745102193,1.3836488732740966,1.2439709701718258,-1.5072920519457886,1.0985370245410373,0.18613963853285548,0.0,0.0,-0.12123202617656836,0.38008522291013436,0
0.5829479787780677,0.0,1.2215756502689943,-0.8795103745102193,-0.24206967024627288,0.16722133829873997,1.6480763941702163,0.432757898856675,0.18613963853285548,0.0,0.0,-0.12123202617656836,1.6407072421891888,0
-0.6985221790742214,0.0,0.6405298909516516,-0.8795103745102193,-0.3424358961360593,-0.39933908986058203,1.488307005820431,-0.12263695232921346,0.18613963853285548,0.0,0.0,-0.12123202617656836,1.3525341414910672,0
-1.4721891215616434,0.0,-1.9860170239087698,0.697684930971013,0.23895356943028787,-0.39933908986058203,1.3302076820358255,-0.5360063772889603,0.18613963853285548,0.0,0.0,-0.12123202617656836,1.1811067771680814,0
-1.4721891215616434,0.0,-0.03129755540730531,-0.8795103745102193,0.5331300087554981,0.5151728517444565,-1.5072920519457886,-0.8725708510892921,-0.9231519911021343,0.0,0.0,-0.6804718122002787,-0.07497299688788761,0
-0.07289576572182317,0.0,1.020324751826462,-0.8795103745102193,-0.34852177668887346,-0.01442369443343163,-0.5059682851583214,-0.0008867506627574296,-0.9231519911021343,0.0,0.0,-0.6804718122002787,-0.5352335836961127,0
-1.4721891215616434,0.0,-1.8833563609753177,-0.8795103745102193,-0.6644440434521517,-0.958783742641671,-0.11526604073060712,-0.6960629002177537,-0.9231519911021343,0.0,0.0,-0.6804718122002787,-0.5149433066437348,0
-1.4721891215616434,0.0,-0.5921311266741747,-0.8795103745102193,0.4938555404889478,0.4108119821788188,-1.5072920519457886,-1.3040579861083508,-0.9231519911021343,0.0,0.0,-0.6804718122002787,-0.10240899834023702,0
1.8389246320946688,0.0,0.6405298909516516,1.4347876498624124,1.8662969469544137,2.014414953545078,0.5449245221561867,0.6254659586163507,0.18613963853285548,0.0,0.0,-0.12123202617656836,0.9703459903876047,0
-0.4534932381131697,0.0,-0.18162350062635982,0.697684930971013,0.7573000066644264,0.6695193840693882,-0.18121248900618253,0.11481150538227353,2.404722897802835,0.0,0.0,2.6749669039419834,-0.5552154946808661,0
-0.6985221790742214,0.0,0.2902850510173811,-0.8795103745102193,-0.31944697334933203,-0.23866380856018854,1.1232507678454522,-0.8725708510892921,-0.9231519911021343,0.0,0.0,-0.6804718122002787,0.9027354193247402,0
-0.07289576572182317,0.0,0.6405298909516516,0.697684930971013,-0.16856955836316853,0.1145892787914231,-0.5059682851583214,0.6716623488153538,-0.9231519911021343,0.0,0.0,-0.6804718122002787,-0.424513894524235,0
-1.4721891215616434,0.0,-1.2418825974008505,-0.8795103745102193,-0.6970315412402416,-0.473750457681484,0.06867303718851682,1.9146749118999498,1.2954312681678453,0.0,0.0,1.556487331894563,-0.7447041935483976,0
1.2775822509180437,1.0,0.461768744122683,-0.8795103745102193,0.17476859423738944,0.04199850807495892,0.31900021497714,0.6716623488153538,0.18613963853285548,0.0,1.0,-0.12123202617656836,0.06666462644932201,1
-1.4721891215616434,0.0,-1.329436447453843,-0.8795103745102193,-2.271301413069049,-2.0979157852458847,-1.5072920519457886,-2.0268289954725063,1.2954312681678453,0.0,1.0,1.556487331894563,-2.2568431171423695,0
0.2245460332616516,0.0,-0.46192253572791986,-0.8795103745102193,-0.6740609884316724,-0.7238459676478477,0.34731683030805827,-0.6960629002177537,1.2954312681678453,0.0,1.0,1.556487331894563,-0.5232612205140669,0
0.6865551185257461,0.0,0.2902850510173811,0.697684930971013,1.720593686296312,1.5277052905535429,-0.5059682851583214,1.0583591808618793,0.18613963853285548,0.0,0.0,-0.12123202617656836,0.6280910947963536,0
1.7268865040398134,0.0,0.461768744122683,1.1946979528393167,1.8293042156525081,1.9399502206792854,0.04579181165646059,0.432757898856675,0.18613963853285548,0.0,0.0,-0.12123202617656836,0.7779687260833205,0
1.8389246320946688,0.0,-0.46192253572791986,1.4347876498624124,1.959889553149591,2.118962073126574,-0.5059682851583214,2.3386579682161797,-0.9231519911021343,0.0,0.0,-0.6804718122002787,0.8822212688455003,0
0.2245460332616516,0.0,-1.8408659249517312,1.1946979528393167,0.34794647009495583,-0.0925805927386985,1.362483192466787,-0.2514482231001947,0.18613963853285548,0.0,0.0,-0.12123202617656836,1.2489506572118783,0
0.6865551185257461,0.0,1.020324751826462,0.697684930971013,0.2994428490786144,0.33289458399522215,-0.34278061469339505,-0.0609482951462328,0.18613963853285548,0.0,0.0,-0.12123202617656836,-0.17774690456210704,0
0.8764122416617753,0.0,0.8266788390641504,1.1946979528393167,0.4682313110077595,0.6284936427069701,-0.34278061469339505,0.27869756895634124,0.18613963853285548,0.0,0.0,-0.12123202617656836,-0.07786775731820239,0
-0.07289576572182317,0.0,-0.46192253572791986,1.1946979528393167,-0.6338051818481237,-0.3517088458005675,1.28741953649281,-0.31889890269653554,-0.9231519911021343,1.0,0.0,-0.6804718122002787,1.116223807913077,0
1.6084561656599872,0.0,0.6405298909516516,1.4347876498624124,1.8215271281711594,1.9815386170619027,0.424859269722891,0.4822024803158727,0.18613963853285548,0.0,0.0,-0.12123202617656836,0.8951219529133658,0
-0.07289576572182317,0.0,-2.012539412635226,-0.8795103745102193,1.0222700833591531,1.3692194664230002,0.5349620679024845,0.6716623488153538,1.2954312681678453,0.0,0.0,1.556487331894563,0.1782877809217403,0
1.9966359811595418,0.0,1.020324751826462,1.5752618279022026,1.8724090787509418,2.0388485493322968,0.592378002808055,0.717138288650402,0.18613963853285548,0.0,0.0,-0.12123202617656836,0.9968537794127574,0
0.5829479787780677,0.0,1.020324751826462,0.697684930971013,-0.09313296797816173,0.18444317316632383,-0.05629982231812761,0.8924329275229498,-0.9231519911021343,0.0,0.0,-0.6804718122002787,-0.19820995569590824,0
0.5829479787780677,0.0,1.872022146645339,1.4347876498624124,0.7607177807958736,0.6830282263656221,1.2814905516476154,0.4822024803158727,1.2954312681678453,0.0,0.0,1.556487331894563,0.7464165027552592,0
0.2245460332616516,0.0,1.872022146645339,-0.8795103745102193,-1.3874647004500376,-1.1626600424566094,-0.1472620689342646,-1.4393186048761482,0.18613963853285548,0.0,1.0,-0.12123202617656836,-0.8606882611905563,1
-1.4721891215616434,0.0,0.8266788390641504,0.697684930971013,-1.9456794994565694,-1.6271094250024807,-0.6510697318600371,-1.7800759131583497,2.404722897802835,0.0,0.0,2.6749669039419834,-1.7309078804267242,0
0.6865551185257461,0.0,0.2902850510173811,0.697684930971013,0.3673709981278972,0.5296681287064666,-0.5059682851583214,0.17064504865893973,0.18613963853285548,0.0,0.0,-0.12123202617656836,-0.17478308790846075,0
-1.4721891215616434,0.0,-0.18162350062635982,-0.8795103745102193,-0.9627570156374761,-1.1626600424566094,-1.5072920519457886,-0.968744774313427,-0.9231519911021343,0.0,1.0,-0.6804718122002787,-1.1960195735761345,0
-1.4721891215616434,0.0,-1.5591855870497442,-0.8795103745102193,-0.6750277660171704,-0.5793234579425617,-0.1472620689342646,1.7849880206158109,1.2954312681678453,0.0,0.0,1.556487331894563,-0.8736035558087635,0
-0.24938390894453497,0.0,0.8266788390641504,0.697684930971013,-0.22021736008882445,-0.1955945586379102,1.557765586453321,0.11481150538227353,1.2954312681678453,0.0,0.0,1.556487331894563,0.9786171861238755,0
0.4723153205103732,0.0,0.461768744122683,-0.8795103745102193,1.8764755065962995,1.6130607817255995,1.107747819338259,0.5307740080750752,-0.9231519911021343,0.0,0.0,-0.6804718122002787,1.493051552754678,0
0.5829479787780677,0.0,1.647319010761206,0.697684930971013,-0.09606948140486019,0.30086286343248403,-0.0029467479771157737,0.9764777356110778,-0.9231519911021343,0.0,0.0,-0.6804718122002787,-0.16942631467049118,0
-1.4721891215616434,0.0,-0.3251261608248572,-0.8795103745102193,-2.271301413069049,-2.0979157852458847,-1.5072920519457886,-2.0268289954725063,-0.9231519911021343,0.0,1.0,-0.6804718122002787,-2.2568431171423695,1
1.4166903618380977,0.0,-0.3251261608248572,1.7792728358814742,1.2882107151150128,0.58668938306937,-1.5072920519457886,0.8924329275229498,1.2954312681678453,0.0,0.0,1.556487331894563,-0.053717422813402464,0
-1.4721891215616434,0.0,0.12596723534148388,-0.8795103745102193,0.8274518988931692,0.9736831732039121,1.6647324194439572,1.017678909606691,-0.9231519911021343,0.0,0.0,-0.6804718122002787,1.954789241506314,0
-1.012053753692239,0.0,0.8266788390641504,-0.8795103745102193,-1.3874647004500376,-1.3085554486041324,-1.5072920519457886,-0.6960629002177537,0.18613963853285548,0.0,1.0,-0.12123202617656836,-1.5977298773146733,0
-1.4721891215616434,0.0,-1.1486189098802198,-0.8795103745102193,-1.076273264896571,-1.257338550726375,0.4368416794280404,-1.1826182295476602,1.2954312681678453,0.0,1.0,1.556487331894563,-0.5219598161056732,0
0.2245460332616516,0.0,1.020324751826462,0.697684930971013,0.08852415328582233,0.3954654611427993,0.28923433604572274,0.5307740080750752,0.18613963853285548,0.0,0.0,-0.12123202617656836,0.012257403945325882,0
1.348389454007024,0.0,0.461768744122683,1.1946979528393167,1.766915994134443,1.897795400554241,0.18947797787923643,0.6254659586163507,0.18613963853285548,0.0,0.0,-0.12123202617656836,0.7834531541393716,0
-1.4721891215616434,0.0,0.2902850510173811,-0.8795103745102193,-0.36405574552191383,-0.473750457681484,1.4774335366906746,-0.2514482231001947,0.18613963853285548,0.0,0.0,-0.12123202617656836,1.3319176770344603,0
0.8764122416617753,0.0,0.461768744122683,1.1946979528393167,0.6053587270204321,0.7624248672142554,0.5643620474633199,0.432757898856675,0.18613963853285548,0.0,0.0,-0.12123202617656836,0.42427517005228943,0
-1.4721891215616434,0.0,0.12596723534148388,-0.8795103745102193,-0.4066351694084673,-0.6352708672061055,1.403129560570595,-0.5360063772889603,0.18613963853285548,0.0,0.0,-0.12123202617656836,1.204063853719563,0
2.281703090151351,0.0,1.2215756502689943,1.667066840949515,1.9436239880311217,2.126864231629125,0.6612385671642586,0.717138288650402,0.18613963853285548,1.0,0.0,-0.12123202617656836,1.0660123827698558,0
0.2245460332616516,0.0,0.2902850510173811,0.697684930971013,0.35120027714360535,0.34871995104993136,-0.02899096777841141,0.5307740080750752,-0.9231519911021343,0.0,0.0,-0.6804718122002787,0.04808890186045347,0
1.5465566591620816,0.0,-0.46192253572791986,-0.8795103745102193,-0.7034800782508237,-0.0727088154730665,0.2073487160052933,0.5307740080750752,-0.9231519911021343,0.0,1.0,-0.6804718122002787,-0.26774688454689305,1
-1.4721891215616434,0.0,0.12596723534148388,-0.8795103745102193,1.3672931289674912,1.2652603364108146,-1.5072920519457886,1.0583591808618793,0.18613963853285548,0.0,0.0,-0.12123202617656836,0.37030511453924164,0
0.4723153205103732,0.0,1.430538452483767,0.697684930971013,0.3039142757852603,0.31694313114105294,-0.1472620689342646,0.057665153009515184,0.18613963853285548,0.0,0.0,-0.12123202617656836,-0.11297791142136766,0
0.6865551185257461,0.0,-0.9444391811885324,-0.8795103745102193,-1.0281980625799656,-0.693650698030738,-0.34278061469339505,-0.968744774313427,-0.9231519911021343,0.0,1.0,-0.6804718122002787,-0.8254851849347085,0
-1.012053753692239,0.0,-0.5921311266741747,0.697684930971013,0.7262497365788837,0.5583673103886344,-0.8519084961219504,-0.18608610499023895,2.404722897802835,0.0,0.0,2.6749669039419834,-0.6562684376827516,0
-1.4721891215616434,0.0,0.12596723534148388,-0.8795103745102193,-2.271301413069049,-2.0979157852458847,-1.5072920519457886,-2.0268289954725063,-0.9231519911021343,0.0,1.0,-0.6804718122002787,-2.2568431171423695,1
-1.4721891215616434,0.0,-1.8833563609753177,-0.8795103745102193,-0.4036223464888658,-0.5793234579425617,-0.8519084961219504,-1.594191099233689,0.18613963853285548,0.0,0.0,-0.12123202617656836,-0.7373747928313305,0
1.4826869650373546,0.0,-0.3251261608248572,1.8159218925086418,1.304519860176696,0.5583673103886344,-0.5059682851583214,0.8924329275229498,2.404722897802835,0.0,0.0,2.6749669039419834,-0.3591139358425299,0
0.6865551185257461,0.0,-1.9215998710095312,0.697684930971013,1.1352122292437237,1.5468962185637367,0.792278719255593,1.4760839574539293,1.2954312681678453,0.0,0.0,1.556487331894563,0.38535156251485264,0
0.7841165927033555,0.0,0.12596723534148388,0.697684930971013,0.784129299458872,0.4108119821788188,0.9000072945296842,0.7619251298184915,-0.9231519911021343,0.0,0.0,-0.6804718122002787,0.89704351083408,0
0.35339972946965464,0.0,-0.03129755540730531,0.697684930971013,0.789515999557192,0.6695193840693882,-0.5059682851583214,-0.0008867506627574296,1.2954312681678453,0.0,0.0,1.556487331894563,-0.26507155609083843,0
-0.4534932381131697,0.0,0.2902850510173811,-0.8795103745102193,1.8032842619360736,1.5083826254463537,1.0010035389173504,0.5307740080750752,-0.9231519911021343,0.0,0.0,-0.6804718122002787,1.3679377719806673,0
0.4723153205103732,0.0,1.2215756502689943,1.1946979528393167,-0.1251944124292208,-0.0727088154730665,1.571187535107237,0.2252488320656032,1.2954312681678453,0.0,0.0,1.556487331894563,1.0081555340050337,0
-1.4721891215616434,0.0,0.2902850510173811,0.697684930971013,-1.3487845936712834,-1.6271094250024807,-0.7419059021457265,-1.594191099233689,2.404722897802835,0.0,0.0,2.6749669039419834,-1.6358807789336147,0
1.4166903618380977,0.0,0.461768744122683,1.4347876498624124,1.8215271281711594,1.9897901013101025,0.737511268853384,0.717138288650402,0.18613963853285548,0.0,0.0,-0.12123202617656836,1.0561309616442536,0
-0.6985221790742214,0.0,0.12596723534148388,-0.8795103745102193,1.3911568866231512,1.2758408369137495,-0.7419059021457265,1.1774541226784172,0.18613963853285548,0.0,0.0,-0.12123202617656836,0.4147877886130531,0
1.2775822509180437,0.0,1.020324751826462,1.1946979528393167,0.2632037873387319,0.5583673103886344,0.4600984431460262,0.6716623488153538,0.18613963853285548,0.0,0.0,-0.12123202617656836,0.20912969314199018,0
-1.4721891215616434,0.0,0.12596723534148388,-0.8795103745102193,-1.1275617121492878,-1.3629201294818385,-1.5072920519457886,-0.781954627922395,-0.9231519911021343,0.0,1.0,-0.6804718122002787,-1.3358375098762754,0
0.5829479787780677,0.0,0.461768744122683,-0.8795103745102193,-0.1509854393114559,-0.37533744672449043,-0.5059682851583214,-1.4393186048761482,0.18613963853285548,0.0,1.0,-0.12123202617656836,-0.4933443884053874,1
0.35339972946965464,1.0,0.2902850510173811,-0.8795103745102193,-0.18513624265084908,-0.39933908986058203,-1.5072920519457886,-0.12263695232921346,0.18613963853285548,0.0,1.0,-0.12123202617656836,-0.6566585775642023,1
-0.07289576572182317,0.0,0.12596723534148388,-0.8795103745102193,-0.3307097047421827,-0.01442369443343163,1.6222700733171724,0.11481150538227353,-0.9231519911021343,0.0,0.0,-0.6804718122002787,1.7260529253039874,0
-1.4721891215616434,0.0,-0.03129755540730531,-0.8795103745102193,-1.3660571921868698,-1.9318764786094749,-0.9918459235005864,-1.594191099233689,1.2954312681678453,0.0,1.0,1.556487331894563,-1.5840998362928647,1
-1.4721891215616434,0.0,-0.03129755540730531,-0.8795103745102193,0.052808739019480425,0.3644218685281948,-1.5072920519457886,0.33105875939802537,-0.9231519911021343,0.0,0.0,-0.6804718122002787,-0.40758123036243005,0
2.0467559242571385,0.0,1.872022146645339,1.8684208428384286,1.371078350872741,0.8265493748173808,0.06867303718851682,1.3670629301703794,2.404722897802835,0.0,0.0,2.6749669039419834,-0.24119443172067814,0
0.6865551185257461,0.0,0.461768744122683,1.1946979528393167,1.0920825494110054,0.9617604693161732,1.0459216674129812,0.9764777356110778,0.18613963853285548,0.0,0.0,-0.12123202617656836,1.0322519712543952,0
1.6084561656599872,0.0,-0.46192253572791986,1.4347876498624124,1.9167797435521345,2.0871575623784806,-1.5072920519457886,2.2513218944044526,-0.9231519911021343,0.0,0.0,-0.6804718122002787,0.8155217649056535,0
-0.6985221790742214,0.0,-0.18162350062635982,-0.8795103745102193,-0.03373642121458947,-0.8189996955752258,1.8089086510450838,-0.968744774313427,0.18613963853285548,0.0,0.0,-0.12123202617656836,1.95389131339277,0
-0.24938390894453497,1.0,-0.03129755540730531,-0.8795103745102193,-0.397994287961153,-0.3517088458005675,0.15197615836469722,0.4822024803158727,0.18613963853285548,0.0,1.0,-0.12123202617656836,-0.287490343116372,1
0.8764122416617753,0.0,0.6405298909516516,0.697684930971013,0.19167224370895822,0.4710825342868126,0.3743221429122441,0.5785153380242523,0.18613963853285548,0.0,0.0,-0.12123202617656836,0.11568148624290182,0
-1.4721891215616434,0.0,-0.46192253572791986,-0.8795103745102193,0.6705997076308818,0.5725746557955739,-1.5072920519457886,-0.18608610499023895,1.2954312681678453,0.0,0.0,1.556487331894563,-0.39730959655115633,0
0.964073858567003,1.0,1.2215756502689943,-0.8795103745102193,0.009115392470839605,-0.0727088154730665,0.09066795769800697,0.11481150538227353,0.18613963853285548,0.0,1.0,-0.12123202617656836,-0.15265134304510494,1
-0.07289576572182317,0.0,-0.3251261608248572,0.697684930971013,0.14236356660138513,0.3954654611427993,-0.5059682851583214,0.2252488320656032,-0.9231519911021343,0.0,0.0,-0.6804718122002787,-0.2301870818575304,0
0.35339972946965464,0.0,1.020324751826462,0.697684930971013,-0.15006649155701415,0.16722133829873997,-0.3919063374300445,0.7619251298184915,-0.9231519911021343,0.0,0.0,-0.6804718122002787,-0.37591710777043125,0
-0.6985221790742214,0.0,1.020324751826462,-0.8795103745102193,-0.8057537507827865,-0.7864686628999003,-0.29771809938538085,-0.2514482231001947,-0.9231519911021343,0.0,1.0,-0.6804718122002787,-0.6959454452094336,0
-1.4721891215616434,1.0,-0.5921311266741747,-0.8795103745102193,-2.271301413069049,-2.0979157852458847,-1.5072920519457886,-2.0268289954725063,-0.9231519911021343,0.0,1.0,-0.6804718122002787,-2.2568431171423695,1
0.964073858567003,1.0,1.2215756502689943,-0.8795103745102193,-0.1623726182666957,0.2015103997107105,0.4485848661498302,0.17064504865893973,1.2954312681678453,0.0,1.0,1.556487331894563,-0.29637796212380413,0
-0.07289576572182317,0.0,1.430538452483767,-0.8795103745102193,-0.9033160645443686,-0.958783742641671,0.09066795769800697,-0.6960629002177537,1.2954312681678453,0.0,1.0,1.556487331894563,-0.7915234247386045,1
0.964073858567003,1.0,0.461768744122683,-0.8795103745102193,0.021313682657261395,-0.1536259367112664,-0.11526604073060712,-0.12263695232921346,0.18613963853285548,0.0,1.0,-0.12123202617656836,-0.25318781463640755,1
0.5829479787780677,0.0,1.872022146645339,-0.8795103745102193,-1.0296343175975617,-0.9222319226746506,0.04579181165646059,-0.6960629002177537,0.18613963853285548,0.0,1.0,-0.12123202617656836,-0.5934333614343236,1
-0.4534932381131697,0.0,-2.055130370381915,0.697684930971013,0.37912711254657955,-0.1955945586379102,1.3246660451256989,-0.8725708510892921,0.18613963853285548,0.0,0.0,-0.12123202617656836,1.198944489546507,0
1.4826869650373546,1.0,0.2902850510173811,1.8159218925086418,1.2986627924758514,0.6146473417131381,-1.1855370315326892,1.0583591808618793,2.404722897802835,1.0,0.0,2.6749669039419834,-0.39763710230383803,0
-0.6985221790742214,0.0,0.2902850510173811,-0.8795103745102193,-1.3660571921868698,-1.712049814457204,-0.3919063374300445,-1.1826182295476602,0.18613963853285548,0.0,1.0,-0.12123202617656836,-1.0585757703230694,1
0.6865551185257461,0.0,0.2902850510173811,1.5752618279022026,0.8384552421308898,0.9855478547947649,1.4774335366906746,0.7619251298184915,0.18613963853285548,1.0,0.0,-0.12123202617656836,1.5158114839173018,0
-1.4721891215616434,0.0,-1.9215998710095312,0.697684930971013,-0.44614606668992957,-0.6070100507667666,-1.5072920519457886,-0.18608610499023895,0.18613963853285548,0.0,0.0,-0.12123202617656836,-0.846817591326129,0
1.783653034744592,0.0,0.12596723534148388,1.5752618279022026,1.9436239880311217,2.11104045660128,-0.34278061469339505,2.4524594791293293,-0.9231519911021343,0.0,0.0,-0.6804718122002787,0.8898517449351527,0
1.2775822509180437,0.0,-0.46192253572791986,-0.8795103745102193,-1.064913025233245,-0.2829146346091301,-0.3919063374300445,-0.31889890269653554,-0.9231519911021343,0.0,1.0,-0.6804718122002787,-0.8686456208619194,1
0.8764122416617753,0.0,-1.2418825974008505,0.697684930971013,-0.6549179420009933,-0.5521808457454166,-0.1472620689342646,-0.6960629002177537,-0.9231519911021343,0.0,0.0,-0.6804718122002787,-0.5292022096798243,0
0.4723153205103732,0.0,0.8266788390641504,0.697684930971013,0.01861208544370065,-0.6352708672061055,1.786047666931682,-1.0715844008170172,0.18613963853285548,0.0,0.0,-0.12123202617656836,1.9159472277595282,0
-1.4721891215616434,1.0,-1.9860170239087698,0.697684930971013,-0.6970315412402416,-1.0356937365568895,-0.8519084961219504,-0.781954627922395,0.18613963853285548,0.0,0.0,-0.12123202617656836,-0.9340513572063477,1
0.35339972946965464,0.0,0.12596723534148388,0.697684930971013,1.0754712681222307,0.9012491842348184,1.0545282658629507,1.017678909606691,0.18613963853285548,0.0,0.0,-0.12123202617656836,1.0358828261610873,0
-0.07289576572182317,0.0,0.6405298909516516,0.697684930971013,0.2632037873387319,0.42604475287671956,-1.5072920519457886,0.27869756895634124,0.18613963853285548,0.0,0.0,-0.12123202617656836,-0.3398511922536845,0
0.7841165927033555,0.0,-1.6252591166453392,0.697684930971013,0.6485738516024188,1.1570311538175746,0.798789820150384,1.1382298578534331,-2.032443620737124,1.0,0.0,-1.7989513842476996,0.9490889674759182,0
-1.012053753692239,0.0,-0.03129755540730531,-0.8795103745102193,-0.1072873636258909,-0.7864686628999003,-1.5072920519457886,-0.3886420715982743,0.18613963853285548,0.0,0.0,-0.12123202617656836,-0.6046431962345229,0
1.7268865040398134,1.0,0.6405298909516516,-0.8795103745102193,-0.862889607557567,-0.03363697408995959,0.09066795769800697,-0.12263695232921346,0.18613963853285548,0.0,1.0,-0.12123202617656836,-0.4977444975146142,1
0.2245460332616516,0.0,0.2902850510173811,-0.8795103745102193,0.21974548388392134,0.1145892787914231,-0.8519084961219504,0.8060520324363187,-2.032443620737124,0.0,0.0,-1.7989513842476996,-0.10246873028877454,0
0.2245460332616516,0.0,0.461768744122683,0.697684930971013,1.4289337388451488,1.3384534974805933,-0.29771809938538085,1.2545582777324633,1.2954312681678453,0.0,0.0,1.556487331894563,0.09632484762731253,0
0.4723153205103732,1.0,-0.03129755540730531,-0.8795103745102193,-0.09695169137676456,-0.4237299919284973,-1.5072920519457886,-0.5360063772889603,-0.9231519911021343,0.0,1.0,-0.6804718122002787,-0.5227877497081486,1
-1.012053753692239,0.0,0.2902850510173811,-0.8795103745102193,0.5447377358914761,0.5583673103886344,-1.5072920519457886,-0.6960629002177537,-0.9231519911021343,0.0,0.0,-0.6804718122002787,-0.06677086038101265,0
-1.4721891215616434,0.0,-1.329436447453843,-0.8795103745102193,-2.271301413069049,-2.0979157852458847,-1.5072920519457886,-2.0268289954725063,1.2954312681678453,0.0,1.0,1.556487331894563,-2.2568431171423695,0
1.1274872107053646,0.0,0.12596723534148388,1.1946979528393167,0.6072194734742511,0.6559282504848064,0.04579181165646059,0.057665153009515184,-0.9231519911021343,0.0,0.0,-0.6804718122002787,0.21881776457090174,1
-0.24938390894453497,0.0,-0.03129755540730531,-0.8795103745102193,-0.397994287961153,-0.3517088458005675,0.15197615836469722,0.4822024803158727,0.18613963853285548,0.0,1.0,-0.12123202617656836,-0.287490343116372,1
-0.4534932381131697,0.0,-0.18162350062635982,-0.8795103745102193,0.12990162664066926,-0.05306319911326454,-1.5072920519457886,0.432757898856675,-2.032443620737124,0.0,0.0,-1.7989513842476996,-0.2209257216569398,0
0.7841165927033555,0.0,-0.7158720037692985,-0.8795103745102193,-1.2770180150468766,-0.8189996955752258,-0.5059682851583214,-1.594191099233689,0.18613963853285548,0.0,1.0,-0.12123202617656836,-1.098663081195187,0
0.7841165927033555,0.0,1.647319010761206,0.697684930971013,0.2466162509874002,0.30086286343248403,-0.3919063374300445,0.8060520324363187,-2.032443620737124,0.0,0.0,-1.7989513842476996,0.010203093255611431,0
0.7841165927033555,0.0,0.12596723534148388,-0.8795103745102193,-0.24701441667323626,-0.26063608837311514,0.2073487160052933,0.432757898856675,1.2954312681678453,0.0,1.0,1.556487331894563,-0.4997918774197835,1
0.2245460332616516,0.0,-0.9444391811885324,-0.8795103745102193,-1.7247263433738542,-1.0356937365568895,-1.5072920519457886,-1.4393186048761482,-0.9231519911021343,0.0,1.0,-0.6804718122002787,-1.8449743412395825,0
-0.07289576572182317,0.0,-0.3251261608248572,0.697684930971013,-0.04218590331524188,-0.6641389848940414,-0.5059682851583214,-0.5360063772889603,0.18613963853285548,0.0,0.0,-0.12123202617656836,-0.43008283296151784,0
-0.07289576572182317,1.0,0.12596723534148388,-0.8795103745102193,-1.3874647004500376,-1.4836057089681398,-0.5059682851583214,-1.594191099233689,0.18613963853285548,0.0,1.0,-0.12123202617656836,-1.1480964992197344,1
-0.07289576572182317,0.0,-0.03129755540730531,0.697684930971013,-0.036547146537870494,-0.693650698030738,-0.5059682851583214,-0.3886420715982743,0.18613963853285548,0.0,0.0,-0.12123202617656836,-0.42685996132979676,0
0.2245460332616516,0.0,0.8266788390641504,0.697684930971013,1.7086548245138098,1.5468962185637367,0.2415078628653102,1.2924668108586557,0.18613963853285548,0.0,0.0,-0.12123202617656836,0.7679823793843176,0
1.047621135607331,0.0,0.6405298909516516,1.4347876498624124,0.1228766066927847,0.2518203896575308,1.28741953649281,0.9764777356110778,-0.9231519911021343,0.0,0.0,-0.6804718122002787,1.2237961793964802,0
1.047621135607331,0.0,-1.0495141476718508,-0.8795103745102193,-0.6245596628271213,-0.49941885605417785,-0.5059682851583214,-0.6142506050345212,-0.9231519911021343,0.0,0.0,-0.6804718122002787,-0.7038963524800466,0
1.6685246921819126,0.0,0.8266788390641504,1.4347876498624124,0.7654920242688796,0.9012491842348184,0.3743221429122441,0.33105875939802537,0.18613963853285548,0.0,0.0,-0.12123202617656836,0.36499839843193876,0
0.4723153205103732,1.0,0.2902850510173811,-0.8795103745102193,-0.2890028773740385,-0.2169867647588109,0.2737585998685261,0.5785153380242523,0.18613963853285548,0.0,1.0,-0.12123202617656836,-0.15126907116842161,1
-0.07289576572182317,0.0,0.6405298909516516,-0.8795103745102193,-0.8759608018970165,-1.1185646336077608,-0.11526604073060712,-1.0715844008170172,1.2954312681678453,0.0,1.0,1.556487331894563,-0.9297788018319589,1
-0.07289576572182317,1.0,0.6405298909516516,-0.8795103745102193,-0.8759608018970165,-1.1185646336077608,-0.11526604073060712,-1.0715844008170172,1.2954312681678453,0.0,1.0,1.556487331894563,-0.9297788018319589,1
-0.24938390894453497,0.0,0.2902850510173811,-0.8795103745102193,-0.4092778297492395,-0.13303146608600047,-1.1855370315326892,-0.31889890269653554,0.18613963853285548,0.0,1.0,-0.12123202617656836,-0.7874510884384964,0
-0.6985221790742214,0.0,0.2902850510173811,-0.8795103745102193,0.24939324800163892,0.38000288413917455,-1.5072920519457886,0.17064504865893973,0.18613963853285548,0.0,0.0,-0.12123202617656836,-0.3495766349544978,0
1.4166903618380977,0.0,-0.7158720037692985,1.1946979528393167,1.9052585687542876,2.046951262905443,-1.5072920519457886,2.2806302274111045,-0.9231519911021343,0.0,0.0,-0.6804718122002787,0.8082933191469953,0
-0.07289576572182317,0.0,0.8266788390641504,-0.8795103745102193,-0.7389516901052688,-0.852423195420382,-0.5059682851583214,-0.4609168016563328,-0.9231519911021343,0.0,1.0,-0.6804718122002787,-0.772672960117234,0
0.8764122416617753,0.0,-0.8332668783246234,1.4347876498624124,-0.2208642237294189,0.004582783269003773,0.5643620474633199,2.4804602011314127,2.404722897802835,0.0,0.0,2.6749669039419834,-0.5518272138479191,0
1.4826869650373546,0.0,0.12596723534148388,1.7792728358814742,1.2836218938323922,0.5296681287064666,-1.5072920519457886,0.8924329275229498,1.2954312681678453,1.0,0.0,1.556487331894563,-0.05649420962677499,0
0.6865551185257461,0.0,0.12596723534148388,0.697684930971013,1.4563969291076921,1.3793974432912068,-0.4459281988232748,1.1774541226784172,1.2954312681678453,0.0,0.0,1.556487331894563,0.0919515647755279,0
-0.07289576572182317,0.0,0.6405298909516516,1.1946979528393167,-1.0701936650143569,-1.257338550726375,-0.29771809938538085,-1.3040579861083508,2.404722897802835,0.0,0.0,2.6749669039419834,-1.3314773191164413,0
-1.4721891215616434,0.0,0.2902850510173811,-0.8795103745102193,-1.2770180150468766,-1.3629201294818385,-0.5735904547911599,-1.0715844008170172,-0.9231519911021343,0.0,1.0,-0.6804718122002787,-1.0930527767649778,0
0.8764122416617753,0.0,1.020324751826462,1.4347876498624124,0.8167150703161743,0.5296681287064666,1.095863043406545,1.0985370245410373,0.18613963853285548,0.0,0.0,-0.12123202617656836,1.0037840275886392,0
0.35339972946965464,0.0,0.6405298909516516,-0.8795103745102193,0.9072776096730311,1.0440266627375203,1.6344397856227333,1.017678909606691,-0.9231519911021343,0.0,0.0,-0.6804718122002787,1.9179520350138177,0
1.2040372514157516,0.0,0.6405298909516516,1.8159218925086418,1.269135574438991,0.5583673103886344,-0.7419059021457265,1.1382298578534331,1.2954312681678453,1.0,0.0,1.556487331894563,-0.03588759621404966,0
-0.07289576572182317,0.0,0.461768744122683,-0.8795103745102193,1.814767029767809,1.518060576668493,1.0193627841736257,-0.31889890269653554,-0.9231519911021343,0.0,0.0,-0.6804718122002787,1.3884888146034986,0
0.08350622611294847,0.0,0.2902850510173811,1.1946979528393167,0.38231853359667045,0.5296681287064666,-0.11526604073060712,0.8924329275229498,0.18613963853285548,0.0,0.0,-0.12123202617656836,-0.0573358812107698,0
0.6865551185257461,0.0,1.020324751826462,-0.8795103745102193,-0.06354063472463367,-0.1536259367112664,-0.08500636257674449,-0.18608610499023895,0.18613963853285548,0.0,1.0,-0.12123202617656836,-0.2822850657715995,1
-1.4721891215616434,0.0,-0.7158720037692985,-0.8795103745102193,-2.271301413069049,-2.0979157852458847,-1.5072920519457886,-2.0268289954725063,-0.9231519911021343,0.0,1.0,-0.6804718122002787,-2.2568431171423695,1
0.2245460332616516,0.0,1.872022146645339,-0.8795103745102193,-0.9574766317637907,-0.8868079756552516,0.11184436778086729,-0.6142506050345212,0.18613963853285548,0.0,1.0,-0.12123202617656836,-0.5137014926143494,0
-0.24938390894453497,0.0,-0.46192253572791986,-0.8795103745102193,1.8499239767251476,1.518060576668493,1.0459216674129812,0.2252488320656032,-0.9231519911021343,0.0,0.0,-0.6804718122002787,1.4255768237207702,0
0.6865551185257461,0.0,0.6405298909516516,0.697684930971013,-0.036547146537870494,0.0786539932463993,1.2222135950276227,0.27869756895634124,-0.9231519911021343,0.0,0.0,-0.6804718122002787,1.0973706246949875,0
-0.4534932381131697,0.0,0.12596723534148388,-0.8795103745102193,-0.39986728146445055,-0.03363697408995959,1.6062827550266197,-0.0609482951462328,-0.9231519911021343,0.0,0.0,-0.6804718122002787,1.6905476445751604,0
0.2245460332616516,0.0,0.12596723534148388,-0.8795103745102193,-0.2653144525312143,0.004582783269003773,1.637875662163232,0.27869756895634124,-0.9231519911021343,0.0,0.0,-0.6804718122002787,1.7607982489984355,0
1.2040372514157516,0.0,2.345610480711428,1.1946979528393167,1.7571252240904272,1.6409557386520202,0.04579181165646059,1.440111737574618,0.18613963853285548,0.0,0.0,-0.12123202617656836,0.7377203368379236,0
-0.4534932381131697,0.0,1.2215756502689943,0.697684930971013,-1.304965870004828,-1.3629201294818385,-0.2560831944486632,-1.0715844008170172,0.18613963853285548,0.0,0.0,-0.12123202617656836,-0.9314685809345269,0
1.1274872107053646,0.0,-1.7425011089148845,0.697684930971013,0.6889861998984658,1.2008655030797615,0.7790434220062957,1.0583591808618793,-0.9231519911021343,1.0,0.0,-0.6804718122002787,0.7484636260862764,0
-0.4534932381131697,0.0,-2.012539412635226,1.1946979528393167,-0.5414272205666848,-0.693650698030738,0.2415078628653102,-0.6142506050345212,0.18613963853285548,0.0,0.0,-0.12123202617656836,-0.2692562547600699,1
0.35339972946965464,1.0,-1.9860170239087698,1.1946979528393167,-0.46384743718321053,-0.693650698030738,-0.5059682851583214,-0.781954627922395,0.18613963853285548,0.0,0.0,-0.12123202617656836,-0.6801958484816829,1
0.964073858567003,1.0,0.461768744122683,-0.8795103745102193,0.021313682657261395,-0.1536259367112664,-0.11526604073060712,-0.12263695232921346,0.18613963853285548,0.0,1.0,-0.12123202617656836,-0.25318781463640755,1
-1.4721891215616434,0.0,0.461768744122683,0.697684930971013,-0.08815559341220609,-0.6352708672061055,1.851158387129882,-0.6960629002177537,0.18613963853285548,0.0,0.0,-0.12123202617656836,2.029918546818466,0
-1.4721891215616434,0.0,-0.03129755540730531,0.697684930971013,-0.397994287961153,-0.5793234579425617,-0.18121248900618253,-0.0609482951462328,0.18613963853285548,0.0,0.0,-0.12123202617656836,-0.5006906005493699,0
0.6865551185257461,0.0,0.12596723534148388,-0.8795103745102193,0.00502561196072779,-0.2169867647588109,-0.29771809938538085,-0.2514482231001947,0.18613963853285548,0.0,1.0,-0.12123202617656836,-0.3354093011406193,1
0.5829479787780677,0.0,-1.8833563609753177,1.1946979528393167,-0.39425731626263855,-0.473750457681484,-0.05629982231812761,-0.3886420715982743,0.18613963853285548,0.0,0.0,-0.12123202617656836,-0.42753747436355755,1
0.35339972946965464,0.0,0.2902850510173811,0.697684930971013,0.02804510379117699,-0.5255544800262242,1.8154852778100439,-1.0715844008170172,0.18613963853285548,0.0,0.0,-0.12123202617656836,1.9721309236588684,0
-1.4721891215616434,0.0,0.12596723534148388,-0.8795103745102193,-2.271301413069049,-2.0979157852458847,-1.5072920519457886,-2.0268289954725063,-0.9231519911021343,0.0,1.0,-0.6804718122002787,-2.2568431171423695,0
1.8927920133992675,1.0,-0.03129755540730531,-0.8795103745102193,-0.7571869518385783,-0.1536259367112664,-0.5059682851583214,-0.31889890269653554,-0.9231519911021343,0.0,1.0,-0.6804718122002787,-0.7750076603840343,1
0.4723153205103732,0.0,0.12596723534148388,-0.8795103745102193,0.6585372827689556,0.6422534681290875,-0.5735904547911599,-0.4609168016563328,-0.9231519911021343,0.0,0.0,-0.6804718122002787,0.07980881433833797,0
0.4723153205103732,0.0,-0.3251261608248572,1.1946979528393167,0.08336513171081271,0.31694313114105294,0.06867303718851682,0.33105875939802537,1.2954312681678453,0.0,0.0,1.556487331894563,-0.447526095561113,0
1.2040372514157516,0.0,-1.7425011089148845,0.697684930971013,1.1364795351131263,1.5659577894946692,0.7446340814570775,1.0583591808618793,2.404722897802835,0.0,0.0,2.6749669039419834,-0.05354679409773729,0
0.4723153205103732,1.0,1.2215756502689943,-0.8795103745102193,-0.36587529287837867,-0.05306319911326454,0.5349620679024845,0.33105875939802537,1.2954312681678453,0.0,1.0,1.556487331894563,-0.28023270912407994,0
-0.4534932381131697,1.0,-2.035513619812486,0.697684930971013,-0.5919425671109304,-0.8868079756552516,-1.5072920519457886,-0.968744774313427,0.18613963853285548,0.0,0.0,-0.12123202617656836,-0.9577378727614897,1
1.1274872107053646,0.0,-1.7425011089148845,0.697684930971013,0.6888085929670521,1.2008655030797615,0.7790434220062957,1.0583591808618793,-0.9231519911021343,1.0,0.0,-0.6804718122002787,0.7484003619033947,0
-0.07289576572182317,0.0,-0.03129755540730531,0.697684930971013,-1.3874647004500376,-1.4836057089681398,-0.5059682851583214,-1.594191099233689,2.404722897802835,0.0,0.0,2.6749669039419834,-1.535299948328361,0
-1.012053753692239,0.0,0.12596723534148388,-0.8795103745102193,-0.18356423859006707,-0.03363697408995959,1.2785051654602868,0.27869756895634124,-0.9231519911021343,0.0,0.0,-0.6804718122002787,1.1593701011643,0
-0.24938390894453497,0.0,-0.3251261608248572,-0.8795103745102193,0.1547213839787084,0.06041869553875765,-1.5072920519457886,0.4822024803158727,-2.032443620737124,0.0,0.0,-1.7989513842476996,-0.2014456752119821,0
0.4723153205103732,0.0,1.020324751826462,1.1946979528393167,0.049372986798919,-0.473750457681484,1.828446396147655,-0.6960629002177537,0.18613963853285548,0.0,0.0,-0.12123202617656836,1.9986324875034795,0
1.2775822509180437,0.0,-0.18162350062635982,1.1946979528393167,1.7906958604870635,1.8722218750471302,0.30430790550158904,0.27869756895634124,0.18613963853285548,0.0,0.0,-0.12123202617656836,0.8329590838725447,0
1.7268865040398134,0.0,0.2902850510173811,1.8684208428384286,1.3754862121128546,0.7493831664814768,0.04579181165646059,1.616526884008438,2.404722897802835,1.0,0.0,2.6749669039419834,-0.24487505222461836,0
0.7841165927033555,0.0,-1.7425011089148845,-0.8795103745102193,0.5790976914670167,1.0898378755974683,0.6191375244033067,0.382393625891712,-2.032443620737124,1.0,0.0,-1.7989513842476996,0.7502758749456766,0
-0.4534932381131697,0.0,0.6405298909516516,-0.8795103745102193,-0.24701441667323626,0.06041869553875765,-0.9918459235005864,0.6716623488153538,-2.032443620737124,0.0,0.0,-1.7989513842476996,-0.4552321273011348,0
-1.4721891215616434,0.0,-0.03129755540730531,-0.8795103745102193,1.6558469401232183,1.3996396954936638,-1.5072920519457886,0.9764777356110778,0.18613963853285548,0.0,0.0,-0.12123202617656836,0.5447320911014228,0
1.2775822509180437,0.0,0.461768744122683,0.697684930971013,0.6192663973546448,0.6830282263656221,-0.5059682851583214,0.11481150538227353,-0.9231519911021343,0.0,0.0,-0.6804718122002787,0.06714503643103881,1
0.08350622611294847,0.0,0.6405298909516516,0.697684930971013,0.03340723260891607,-0.5521808457454166,1.8219974309417155,-0.8725708510892921,0.18613963853285548,0.0,0.0,-0.12123202617656836,1.9848940161834363,0
-0.4534932381131697,0.0,0.2902850510173811,-0.8795103745102193,0.12739654323505176,0.0786539932463993,-1.5072920519457886,0.5307740080750752,-0.9231519911021343,0.0,0.0,-0.6804718122002787,-0.3581145130977271,0
-1.4721891215616434,0.0,-0.9444391811885324,-0.8795103745102193,-0.7811568188569528,-0.6070100507667666,-0.11526604073060712,-0.5360063772889603,0.18613963853285548,0.0,1.0,-0.12123202617656836,-0.6331482639693461,0
0.2245460332616516,0.0,0.12596723534148388,-0.8795103745102193,-0.3629653582995528,-0.17447737485093776,-1.5072920519457886,-0.5360063772889603,0.18613963853285548,0.0,1.0,-0.12123202617656836,-0.7814001272795453,0
0.4723153205103732,1.0,0.6405298909516516,-0.8795103745102193,-0.2992963931852855,-0.01442369443343163,-0.4459281988232748,-0.18608610499023895,0.18613963853285548,0.0,1.0,-0.12123202617656836,-0.5579262343021272,0
-0.24938390894453497,0.0,-0.46192253572791986,0.697684930971013,-0.6935765912188564,-0.3055111642679678,1.2814905516476154,-0.31889890269653554,-0.9231519911021343,1.0,0.0,-0.6804718122002787,1.1005872067714575,0
-1.4721891215616434,0.0,-1.9557629104763974,-0.8795103745102193,-0.6740609884316724,-0.9222319226746506,-0.29771809938538085,-0.8725708510892921,-0.9231519911021343,0.0,0.0,-0.6804718122002787,-0.6323907740979545,0
-1.4721891215616434,0.0,0.8266788390641504,-0.8795103745102193,-2.271301413069049,-2.0979157852458847,-0.8519084961219504,-2.0268289954725063,-0.9231519911021343,0.0,1.0,-0.6804718122002787,-1.5742511997120265,1
-1.4721891215616434,0.0,1.430538452483767,-0.8795103745102193,-2.0705287051085044,-1.5517802215308147,-0.4459281988232748,-1.4393186048761482,0.18613963853285548,0.0,1.0,-0.12123202617656836,-1.2411064724202432,0
0.2245460332616516,0.0,1.430538452483767,0.697684930971013,0.30837303043640035,0.5296681287064666,-0.34278061469339505,0.4822024803158727,0.18613963853285548,0.0,0.0,-0.12123202617656836,-0.1709309012789562,0
0.08350622611294847,0.0,-1.793966719726717,1.4347876498624124,-0.1611367661859462,-0.2169867647588109,0.04579181165646059,-0.2514482231001947,0.18613963853285548,0.0,0.0,-0.12123202617656836,-0.2582322244416079,0
0.4723153205103732,0.0,-2.012539412635226,-0.8795103745102193,0.6337977509530849,1.067037138915206,0.6693155314891707,0.9347360339290371,-2.032443620737124,1.0,0.0,-1.7989513842476996,0.8173759653030516,0
1.4166903618380977,0.0,0.2902850510173811,1.1946979528393167,1.8095542569749326,1.9399502206792854,0.4485848661498302,0.5307740080750752,0.18613963853285548,0.0,0.0,-0.12123202617656836,0.8991377460288444,0
-0.07289576572182317,0.0,0.12596723534148388,-0.8795103745102193,0.7354472439231267,0.30086286343248403,0.8889327000775428,0.7619251298184915,-0.9231519911021343,0.0,0.0,-0.6804718122002787,0.8689635320525747,0
1.4166903618380977,0.0,1.020324751826462,1.1946979528393167,1.977515787225327,1.7677140716125816,1.1640060687285056,0.6254659586163507,-0.9231519911021343,0.0,0.0,-0.6804718122002787,1.5847239856054771,0
-1.4721891215616434,0.0,-1.4114139258166871,-0.8795103745102193,-2.271301413069049,-2.0979157852458847,-0.29771809938538085,-2.0268289954725063,1.2954312681678453,0.0,1.0,1.556487331894563,-1.313407005895931,0
-1.012053753692239,0.0,-0.18162350062635982,-0.8795103745102193,-0.14182484331797465,-0.9965651623037695,-1.5072920519457886,-0.6960629002177537,0.18613963853285548,0.0,0.0,-0.12123202617656836,-0.6303383215708557,0
0.08350622611294847,0.0,-0.5921311266741747,-0.8795103745102193,1.0754712681222307,0.8265493748173808,1.0193627841736257,0.9764777356110778,0.18613963853285548,0.0,0.0,-0.12123202617656836,0.998857382595517,0
1.9453374865592172,1.0,0.8266788390641504,-0.8795103745102193,-0.6596697758051592,0.004582783269003773,0.25785800478751103,0.17064504865893973,0.18613963853285548,0.0,1.0,-0.12123202617656836,-0.2883607474333754,1
0.6865551185257461,1.0,0.6405298909516516,-0.8795103745102193,-0.23550683206217568,0.004582783269003773,-0.08500636257674449,-0.0008867506627574296,0.18613963853285548,0.0,1.0,-0.12123202617656836,-0.36586459849336583,0
-0.6985221790742214,0.0,0.12596723534148388,1.1946979528393167,0.7590096878259931,0.5725746557955739,1.2785051654602868,0.9347360339290371,0.18613963853285548,0.0,0.0,-0.12123202617656836,1.2168033001673566,0
0.8764122416617753,0.0,1.020324751826462,1.4347876498624124,0.013193271899918715,0.004582783269003773,1.5499696344878255,0.7619251298184915,1.2954312681678453,0.0,0.0,1.556487331894563,0.9903803138444436,0
1.7268865040398134,0.0,0.12596723534148388,1.4347876498624124,1.9312316067611923,2.126864231629125,-0.4459281988232748,2.4524594791293293,-0.9231519911021343,0.0,0.0,-0.6804718122002787,0.8713839001824527,0
0.7841165927033555,1.0,1.020324751826462,-0.8795103745102193,-0.26029681542090577,0.0786539932463993,-0.5735904547911599,-0.2514482231001947,0.18613963853285548,0.0,1.0,-0.12123202617656836,-0.573876312794937,0
0.4723153205103732,0.0,-0.5921311266741747,0.697684930971013,0.12915054940467813,0.34871995104993136,0.1322625095167463,0.5307740080750752,0.18613963853285548,0.0,0.0,-0.12123202617656836,-0.07020553403248257,0
-0.6985221790742214,1.0,-2.012539412635226,0.697684930971013,-0.7909179761240844,-1.076306479538755,-1.5072920519457886,-0.781954627922395,0.18613963853285548,0.0,0.0,-0.12123202617656836,-1.1111919960258971,1
-1.012053753692239,0.0,-0.18162350062635982,-0.8795103745102193,0.17233816992346598,0.04199850807495892,-1.5072920519457886,-0.6960629002177537,-0.9231519911021343,0.0,0.0,-0.6804718122002787,-0.32693075628547547,0
-0.4534932381131697,0.0,-0.03129755540730531,-0.8795103745102193,-0.16021064634478385,-0.13303146608600047,1.2056446710461979,0.2252488320656032,-0.9231519911021343,0.0,0.0,-0.6804718122002787,1.0511918229306163,0
-0.07289576572182317,0.0,1.647319010761206,-0.8795103745102193,-1.4447201322237848,-1.257338550726375,-0.1472620689342646,-1.0715844008170172,-0.9231519911021343,0.0,1.0,-0.6804718122002787,-0.8115428560554405,1
1.047621135607331,0.0,0.8266788390641504,-0.8795103745102193,-0.07564730752167385,0.18444317316632383,-0.11526604073060712,-0.18608610499023895,0.18613963853285548,0.0,1.0,-0.12123202617656836,-0.3003393765789447,0
-1.4721891215616434,0.0,0.2902850510173811,-0.8795103745102193,-2.271301413069049,-2.0979157852458847,-1.5072920519457886,-2.0268289954725063,-0.9231519911021343,0.0,1.0,-0.6804718122002787,-2.2568431171423695,1
1.6685246921819126,0.0,-0.7158720037692985,1.5752618279022026,1.9647979939774125,2.126864231629125,-0.18121248900618253,2.698467829640878,-0.9231519911021343,0.0,0.0,-0.6804718122002787,0.9244344341119096,0
1.047621135607331,0.0,1.020324751826462,1.4347876498624124,0.7637883580367263,0.8517128778170655,0.28923433604572274,0.4822024803158727,0.18613963853285548,0.0,0.0,-0.12123202617656836,0.3166609301396998,0
-0.6985221790742214,0.0,0.8266788390641504,-0.8795103745102193,-0.9431245666219559,-0.852423195420382,0.424859269722891,-0.5360063772889603,0.18613963853285548,0.0,1.0,-0.12123202617656836,-0.1984901706313655,0
-1.4721891215616434,0.0,-0.5921311266741747,-0.8795103745102193,-2.271301413069049,-2.0979157852458847,-1.5072920519457886,-2.0268289954725063,-0.9231519911021343,0.0,1.0,-0.6804718122002787,-2.2568431171423695,0
-1.4721891215616434,0.0,0.461768744122683,-0.8795103745102193,-2.271301413069049,-2.0979157852458847,-1.5072920519457886,-2.0268289954725063,-0.9231519911021343,0.0,1.0,-0.6804718122002787,-2.2568431171423695,1
-1.4721891215616434,0.0,-0.03129755540730531,-0.8795103745102193,-2.271301413069049,-2.0979157852458847,-1.5072920519457886,-2.0268289954725063,2.404722897802835,0.0,0.0,2.6749669039419834,-2.2568431171423695,0
-1.4721891215616434,0.0,-0.7158720037692985,-0.8795103745102193,-0.4264123430806777,-0.2169867647588109,1.5954028058699312,-0.2514482231001947,-0.9231519911021343,0.0,0.0,-0.6804718122002787,1.6680491363174632,0
1.4826869650373546,0.0,-1.6252591166453392,1.1946979528393167,0.7421857320470956,1.2652603364108146,0.8241591544739677,1.1382298578534331,-0.9231519911021343,1.0,0.0,-0.6804718122002787,0.8108278301852243,0
-1.4721891215616434,0.0,0.461768744122683,-0.8795103745102193,-0.5079202191913996,-0.1536259367112664,-1.5072920519457886,0.6716623488153538,-2.032443620737124,0.0,0.0,-1.7989513842476996,-0.7126174198597884,0
0.2245460332616516,0.0,1.430538452483767,0.697684930971013,0.6174183997879824,0.6695193840693882,-0.08500636257674449,-0.2514482231001947,0.18613963853285548,0.0,0.0,-0.12123202617656836,0.08103190628333098,0
-1.4721891215616434,0.0,-0.5921311266741747,-0.8795103745102193,0.10974018352309742,-0.0925805927386985,-1.5072920519457886,0.382393625891712,-2.032443620737124,0.0,0.0,-1.7989513842476996,-0.23627494297037072,0
-0.24938390894453497,0.0,-0.03129755540730531,-0.8795103745102193,-0.397994287961153,-0.3517088458005675,0.15197615836469722,0.4822024803158727,0.18613963853285548,0.0,1.0,-0.12123202617656836,-0.287490343116372,1
1.047621135607331,0.0,-0.8332668783246234,1.1946979528393167,-0.5237077083954429,-0.2169867647588109,0.5643620474633199,-0.0609482951462328,-0.9231519911021343,0.0,0.0,-0.6804718122002787,0.14211323302681889,0
1.1274872107053646,0.0,0.8266788390641504,1.4347876498624124,1.1277333266370153,1.0091061381190292,1.1038112869719683,1.1774541226784172,0.18613963853285548,0.0,0.0,-0.12123202617656836,1.105457620039829,0
-1.012053753692239,0.0,-0.3251261608248572,-0.8795103745102193,-0.4206724692730144,-0.4237299919284973,0.04579181165646059,0.382393625891712,0.18613963853285548,0.0,1.0,-0.12123202617656836,-0.37300496414667905,1
-1.4721891215616434,0.0,-0.03129755540730531,-0.8795103745102193,-2.271301413069049,-2.0979157852458847,-1.5072920519457886,-2.0268289954725063,-0.9231519911021343,0.0,1.0,-0.6804718122002787,-2.2568431171423695,1
-0.07289576572182317,0.0,1.020324751826462,0.697684930971013,-0.11919852012017629,-0.7547689557144309,1.8009297242043052,-0.781954627922395,0.18613963853285548,0.0,0.0,-0.12123202617656836,1.931464557738351,0
-1.4721891215616434,0.0,0.8266788390641504,-0.8795103745102193,-1.3719267400962707,-1.5517802215308147,-0.5059682851583214,-1.3040579861083508,-0.9231519911021343,0.0,1.0,-0.6804718122002787,-1.0884570101105984,0
0.8764122416617753,0.0,-1.5591855870497442,0.697684930971013,0.6337977509530849,1.2008655030797615,0.7856971155694022,1.017678909606691,-0.9231519911021343,1.0,0.0,-0.6804718122002787,0.735364839602128,0
-1.012053753692239,0.0,-0.9444391811885324,-0.8795103745102193,-0.6117534714101472,-0.2829146346091301,0.2737585998685261,2.0710952263582554,1.2954312681678453,0.0,0.0,1.556487331894563,-0.5657631290832795,0
-0.6985221790742214,1.0,-0.18162350062635982,-0.8795103745102193,0.3808299870432079,0.44116600526156535,-1.5072920519457886,0.11481150538227353,-0.9231519911021343,0.0,0.0,-0.6804718122002787,-0.17897375987048336,1
-1.4721891215616434,0.0,1.020324751826462,0.697684930971013,0.6534719705316494,0.5151728517444565,1.238358913876749,0.27869756895634124,0.18613963853285548,0.0,0.0,-0.12123202617656836,1.1387824618207825,0
0.4723153205103732,0.0,1.020324751826462,0.697684930971013,0.6238779091663903,0.7098042908981944,-0.6510697318600371,-0.6142506050345212,0.18613963853285548,0.0,0.0,-0.12123202617656836,-0.04192707434912227,0
0.4723153205103732,0.0,0.12596723534148388,-0.8795103745102193,-0.3289429528911215,-0.3517088458005675,-0.9918459235005864,0.382393625891712,0.18613963853285548,0.0,1.0,-0.12123202617656836,-0.7096895683684238,1
0.5829479787780677,0.0,-0.18162350062635982,1.7315706229742622,1.1620807174582322,0.3644218685281948,-1.5072920519457886,0.9764777356110778,1.2954312681678453,0.0,0.0,1.556487331894563,-0.12366156019838025,0
-0.4534932381131697,0.0,0.12596723534148388,-0.8795103745102193,0.6925346603983793,0.2518203896575308,0.877654397692173,0.7619251298184915,-0.9231519911021343,0.0,0.0,-0.6804718122002787,0.8428668925880616,0
-0.4534932381131697,0.0,-0.3251261608248572,-0.8795103745102193,-0.39612430371323154,-0.17447737485093776,1.6026762259169647,-0.18608610499023895,-0.9231519911021343,0.0,0.0,-0.6804718122002787,1.6840524529436969,0
-0.6985221790742214,0.0,-0.8332668783246234,-0.8795103745102193,-0.15405327124639726,-0.5793234579425617,-1.5072920519457886,-0.4609168016563328,-0.9231519911021343,0.0,1.0,-0.6804718122002787,-0.5656136340857335,1
0.2245460332616516,0.0,0.8266788390641504,-0.8795103745102193,-1.1915555058805185,-1.4210117268426015,-0.11526604073060712,-1.1826182295476602,-0.9231519911021343,0.0,1.0,-0.6804718122002787,-0.715977124893412,1
0.2245460332616516,0.0,0.8266788390641504,-0.8795103745102193,-0.6454804999123898,-0.8189996955752258,-0.11526604073060712,-0.2514482231001947,-0.9231519911021343,0.0,1.0,-0.6804718122002787,-0.5057086385523791,0
1.9453374865592172,0.0,0.6405298909516516,1.667066840949515,1.902244323804442,2.071135941044344,0.7081497039941473,1.2545582777324633,0.18613963853285548,0.0,0.0,-0.12123202617656836,1.0738850285095387,0
-0.24938390894453497,0.0,0.461768744122683,-0.8795103745102193,-1.1034553647661383,-1.257338550726375,0.021947609361985223,-0.31889890269653554,-0.9231519911021343,0.0,1.0,-0.6804718122002787,-0.566511009855969,1
-0.07289576572182317,0.0,0.461768744122683,0.697684930971013,1.405476299641532,1.3281195031310904,-0.9918459235005864,1.1382298578534331,1.2954312681678453,0.0,0.0,1.556487331894563,0.02702320417820855,0
-0.4534932381131697,0.0,0.461768744122683,0.697684930971013,0.7495866847824078,0.7230740557318959,0.04579181165646059,0.33105875939802537,2.404722897802835,0.0,0.0,2.6749669039419834,-0.500990386354009,0
-1.4721891215616434,0.0,-1.1486189098802198,-0.8795103745102193,-2.271301413069049,-2.0979157852458847,-1.5072920519457886,-2.0268289954725063,-0.9231519911021343,0.0,1.0,-0.6804718122002787,-2.2568431171423695,0
-1.4721891215616434,0.0,-0.9444391811885324,-0.8795103745102193,0.7122780136703667,0.5296681287064666,-1.5072920519457886,-0.2514482231001947,1.2954312681678453,0.0,0.0,1.556487331894563,-0.3738815975087994,0
-1.4721891215616434,0.0,0.8266788390641504,-0.8795103745102193,0.052808739019480425,0.45617790096966415,-0.8519084961219504,0.382393625891712,0.18613963853285548,0.0,0.0,-0.12123202617656836,-0.42940334576535555,0
1.348389454007024,0.0,-0.3251261608248572,0.697684930971013,1.80119069077949,1.9231574203328687,0.31900021497714,0.33105875939802537,0.18613963853285548,0.0,0.0,-0.12123202617656836,0.8437686636556906,0
1.9966359811595418,0.0,-0.3251261608248572,1.4347876498624124,1.954479286144467,2.0951383322827972,-0.5059682851583214,2.2806302274111045,-0.9231519911021343,0.0,0.0,-0.6804718122002787,0.8789049080737439,0
0.964073858567003,0.0,-0.03129755540730531,1.1946979528393167,-0.3360255890935667,0.004582783269003773,0.5040297805182613,2.2218120942225736,2.404722897802835,0.0,0.0,2.6749669039419834,-0.6239980765731195,0
-1.4721891215616434,0.0,-0.03129755540730531,-0.8795103745102193,-2.271301413069049,-2.0979157852458847,-0.5735904547911599,-2.0268289954725063,2.404722897802835,0.0,0.0,2.6749669039419834,-1.6994431024678607,0
0.964073858567003,0.0,1.020324751826462,1.1946979528393167,-0.019768120203613057,0.1322984404802882,1.238358913876749,0.382393625891712,-0.9231519911021343,0.0,0.0,-0.6804718122002787,1.1245759502741959,0
-1.012053753692239,0.0,0.2902850510173811,-0.8795103745102193,0.5447377358914761,0.5583673103886344,-1.5072920519457886,-0.6960629002177537,-0.9231519911021343,0.0,0.0,-0.6804718122002787,-0.06677086038101265,0
0.5829479787780677,0.0,1.020324751826462,1.1946979528393167,0.21974548388392134,0.58668938306937,-0.18121248900618253,0.6254659586163507,0.18613963853285548,0.0,0.0,-0.12123202617656836,-0.16875481051585756,0
-1.012053753692239,0.0,0.12596723534148388,-0.8795103745102193,-0.8180202961951829,-1.1626600424566094,-0.34278061469339505,-1.594191099233689,1.2954312681678453,0.0,1.0,1.556487331894563,-1.0386167138452311,1
0.7841165927033555,0.0,-1.8833563609753177,1.4347876498624124,-0.03851807876822461,-0.11268564702923983,0.17103352023621246,-0.18608610499023895,0.18613963853285548,0.0,0.0,-0.12123202617656836,-0.12463859198872529,0
-0.07289576572182317,0.0,-0.3251261608248572,-0.8795103745102193,0.046724452024196846,0.33289458399522215,-0.1472620689342646,0.11481150538227353,-0.9231519911021343,0.0,0.0,-0.6804718122002787,-0.1674132026357752,0
-1.012053753692239,0.0,0.2902850510173811,-0.8795103745102193,0.5447377358914761,0.5583673103886344,-1.5072920519457886,-0.6960629002177537,-0.9231519911021343,0.0,0.0,-0.6804718122002787,-0.06677086038101265,0
-1.4721891215616434,0.0,0.461768744122683,-0.8795103745102193,-2.271301413069049,-2.0979157852458847,-1.5072920519457886,-2.0268289954725063,-0.9231519911021343,0.0,1.0,-0.6804718122002787,-2.2568431171423695,0
0.5829479787780677,0.0,1.020324751826462,1.4347876498624124,0.8087466391019769,0.8265493748173808,0.18947797787923643,0.27869756895634124,2.404722897802835,0.0,0.0,2.6749669039419834,-0.4307415903743102,0
-1.4721891215616434,0.0,0.461768744122683,-0.8795103745102193,0.09955423112850116,0.48588193502091354,-0.5735904547911599,0.5785153380242523,-0.9231519911021343,0.0,0.0,-0.6804718122002787,-0.2715872696082379,0
0.8764122416617753,0.0,0.8266788390641504,0.697684930971013,-0.20798914719887518,0.14984108315703443,1.6429958929934099,0.33105875939802537,0.18613963853285548,0.0,0.0,-0.12123202617656836,1.6347825069914579,0
1.4826869650373546,0.0,-0.18162350062635982,1.4347876498624124,1.913278891412656,2.063094818805589,-0.8519084961219504,2.3959250697011876,-0.9231519911021343,0.0,0.0,-0.6804718122002787,0.8311663977365725,0
-0.07289576572182317,0.0,-1.2418825974008505,0.697684930971013,0.03608069633787821,0.0786539932463993,-0.5059682851583214,-0.0008867506627574296,0.18613963853285548,0.0,0.0,-0.12123202617656836,-0.3776369356999646,0
0.08350622611294847,0.0,0.461768744122683,1.1946979528393167,-0.8096390865374689,-1.0356937365568895,-0.2560831944486632,-1.594191099233689,2.404722897802835,0.0,0.0,2.6749669039419834,-1.2253589253230794,0
-1.4721891215616434,0.0,-0.3251261608248572,-0.8795103745102193,-0.200962945212109,-0.9965651623037695,-1.5072920519457886,-0.5360063772889603,0.18613963853285548,0.0,0.0,-0.12123202617656836,-0.6724236115230492,0
-1.4721891215616434,0.0,0.12596723534148388,-0.8795103745102193,-2.271301413069049,-2.0979157852458847,-1.5072920519457886,-2.0268289954725063,-0.9231519911021343,0.0,1.0,-0.6804718122002787,-2.2568431171423695,1
0.35339972946965464,0.0,1.2215756502689943,-0.8795103745102193,0.6358116390658863,0.7493831664814768,-0.05629982231812761,-0.18608610499023895,0.18613963853285548,0.0,0.0,-0.12123202617656836,0.10138997230133771,0
-0.07289576572182317,0.0,0.12596723534148388,-0.8795103745102193,-0.24800571241211192,-0.5255544800262242,-1.5072920519457886,-1.7800759131583497,0.18613963853285548,0.0,1.0,-0.12123202617656836,-0.7025655588064023,1
-1.4721891215616434,0.0,-1.686315314805773,-0.8795103745102193,-0.6085764742240144,-0.7547689557144309,0.1322625095167463,-0.3886420715982743,-0.9231519911021343,0.0,0.0,-0.6804718122002787,-0.30489035578976603,0
0.6865551185257461,0.0,0.8266788390641504,-0.8795103745102193,-0.7556102603717505,-0.8868079756552516,-0.1472620689342646,-1.3040579861083508,0.18613963853285548,0.0,1.0,-0.12123202617656836,-0.6464664588108776,1
-1.4721891215616434,0.0,-0.03129755540730531,-0.8795103745102193,0.5198784326967282,0.2518203896575308,1.1232507678454522,0.2252488320656032,0.18613963853285548,0.0,0.0,-0.12123202617656836,0.9579760713826261,0
-0.24938390894453497,0.0,0.2902850510173811,-0.8795103745102193,-0.4092778297492395,-0.13303146608600047,-1.1855370315326892,-0.31889890269653554,0.18613963853285548,0.0,1.0,-0.12123202617656836,-0.7874510884384964,0
0.35339972946965464,0.0,0.6405298909516516,-0.8795103745102193,0.2859515964544129,0.2846509543916297,-0.6510697318600371,-0.18608610499023895,0.18613963853285548,0.0,0.0,-0.12123202617656836,-0.253327570191902,0
0.7841165927033555,0.0,1.872022146645339,1.1946979528393167,0.26617989421183236,0.6830282263656221,0.09066795769800697,0.8060520324363187,0.18613963853285548,0.0,0.0,-0.12123202617656836,-0.025421797784353557,0
0.35339972946965464,0.0,1.2215756502689943,1.1946979528393167,-0.11531567766362127,0.26830447523237333,0.3743221429122441,0.9347360339290371,-0.9231519911021343,0.0,0.0,-0.6804718122002787,0.08708892506284156,0
-1.012053753692239,0.0,-2.09587508029045,-0.8795103745102193,0.2723428628679187,-0.3517088458005675,1.293293686776617,-1.0715844008170172,0.18613963853285548,0.0,0.0,-0.12123202617656836,1.1331697936724374,0
-0.07289576572182317,0.0,1.430538452483767,1.1946979528393167,-1.1050384899861152,-1.076306479538755,-0.02899096777841141,-0.8725708510892921,2.404722897802835,0.0,0.0,2.6749669039419834,-1.179744492756639,0
0.7841165927033555,0.0,0.6405298909516516,1.1946979528393167,1.0609150064564614,0.9134738420375053,1.005644587299752,1.1774541226784172,0.18613963853285548,0.0,0.0,-0.12123202617656836,0.9804353234856286,0
-0.4534932381131697,0.0,0.8266788390641504,0.697684930971013,-0.1072873636258909,-0.6070100507667666,-0.4459281988232748,-0.31889890269653554,0.18613963853285548,0.0,0.0,-0.12123202617656836,-0.4512399452343294,0
1.2040372514157516,0.0,0.8266788390641504,1.5752618279022026,0.895395465085989,0.58668938306937,1.0502398511625246,1.5117019662148734,-0.9231519911021343,1.0,0.0,-0.6804718122002787,1.0959061041879,0
0.2245460332616516,0.0,-0.18162350062635982,-0.8795103745102193,-0.7651097700479935,-0.7864686628999003,0.30430790550158904,-1.0715844008170172,1.2954312681678453,0.0,1.0,1.556487331894563,-0.5823752336073423,0
0.2245460332616516,0.0,-0.18162350062635982,-0.8795103745102193,0.7319819370258316,0.31694313114105294,0.860337685462238,0.6716623488153538,-0.9231519911021343,0.0,0.0,-0.6804718122002787,0.8386832267512206,0
0.6865551185257461,0.0,1.430538452483767,0.697684930971013,1.8764755065962995,1.6685841888932493,1.1383790947465053,0.5785153380242523,-0.9231519911021343,0.0,0.0,-0.6804718122002787,1.5228231286502707,0
0.2245460332616516,0.0,-1.9557629104763974,1.4347876498624124,0.38231853359667045,-0.05306319911326454,1.4225255703145396,-0.2514482231001947,0.18613963853285548,0.0,0.0,-0.12123202617656836,1.3456449115961593,0
0.7841165927033555,0.0,0.8266788390641504,0.697684930971013,0.35984492297195414,0.4710825342868126,-0.5059682851583214,0.17064504865893973,0.18613963853285548,0.0,0.0,-0.12123202617656836,-0.17981409030242382,0
-0.07289576572182317,0.0,-1.7425011089148845,1.1946979528393167,-0.1409122925226489,-0.1536259367112664,0.28923433604572274,0.11481150538227353,0.18613963853285548,0.0,0.0,-0.12123202617656836,-0.08300882931355247,0
-0.6985221790742214,0.0,-1.0495141476718508,-0.8795103745102193,-0.8281797472934255,-1.2088238377712506,0.2073487160052933,-1.0715844008170172,1.2954312681678453,0.0,1.0,1.556487331894563,-0.6803681621865914,0
0.964073858567003,0.0,0.461768744122683,1.1946979528393167,0.17598232902670027,0.42604475287671956,0.17103352023621246,0.27869756895634124,0.18613963853285548,0.0,0.0,-0.12123202617656836,-0.025532422038860116,0
-1.4721891215616434,0.0,-0.03129755540730531,-0.8795103745102193,-1.3408890902289883,-1.5517802215308147,-1.1855370315326892,-1.3040579861083508,-0.9231519911021343,0.0,1.0,-0.6804718122002787,-1.432320950903012,0
0.08350622611294847,0.0,-2.0715886207378653,0.697684930971013,0.34032839130069126,-0.2169867647588109,1.313436033022089,-0.8725708510892921,0.18613963853285548,0.0,0.0,-0.12123202617656836,1.175289174703159,0
1.4166903618380977,0.0,0.12596723534148388,0.697684930971013,1.7975226244839255,1.8892946258767844,-0.1472620689342646,0.33105875939802537,-0.9231519911021343,0.0,0.0,-0.6804718122002787,0.8340716902938713,0
-1.012053753692239,0.0,-0.03129755540730531,-0.8795103745102193,0.84792892524006,0.9497789763145085,1.658120706308582,0.8924329275229498,-0.9231519911021343,0.0,0.0,-0.6804718122002787,1.947000807892381,0
1.4166903618380977,0.0,-0.8332668783246234,0.697684930971013,1.8936842096295992,1.9980198842290424,-1.5072920519457886,2.1621718427945305,-0.9231519911021343,0.0,0.0,-0.6804718122002787,0.8009638497551679,0
0.5829479787780677,0.0,1.020324751826462,1.1946979528393167,0.3315772082447251,0.5151728517444565,-0.5059682851583214,0.382393625891712,0.18613963853285548,0.0,0.0,-0.12123202617656836,-0.19638233594293783,0
-0.4534932381131697,0.0,0.2902850510173811,-0.8795103745102193,0.5809866861035299,0.5725746557955739,-0.3919063374300445,-0.4609168016563328,-0.9231519911021343,0.0,0.0,-0.6804718122002787,0.06566517301955302,0
1.6685246921819126,0.0,-0.9444391811885324,1.1946979528393167,1.9277508097433644,2.0791568101867024,-1.5072920519457886,2.2218120942225736,-0.9231519911021343,0.0,0.0,-0.6804718122002787,0.822053129472687,0
-0.07289576572182317,0.0,1.020324751826462,-0.8795103745102193,-1.2669655148548455,-1.257338550726375,-0.5059682851583214,-1.594191099233689,0.18613963853285548,0.0,1.0,-0.12123202617656836,-1.0990767840437592,0
0.5829479787780677,0.0,0.8266788390641504,1.1946979528393167,1.4362902965972963,1.3692194664230002,-0.11526604073060712,1.3299641777568034,1.2954312681678453,1.0,0.0,1.556487331894563,0.1303789775747152,0
1.348389454007024,0.0,-1.5591855870497442,0.697684930971013,1.1618026284992373,1.6409557386520202,0.8179152061748023,1.2545582777324633,2.404722897802835,0.0,0.0,2.6749669039419834,-9.227373269266108e-06,0
-0.4534932381131697,0.0,-0.46192253572791986,-0.8795103745102193,0.7004932237864283,0.18444317316632383,0.8303397949053458,0.5785153380242523,-0.9231519911021343,0.0,0.0,-0.6804718122002787,0.7974358708432345,0
-1.4721891215616434,0.0,1.020324751826462,-0.8795103745102193,-2.271301413069049,-2.0979157852458847,-1.5072920519457886,-2.0268289954725063,0.18613963853285548,0.0,1.0,-0.12123202617656836,-2.2568431171423695,0
0.6865551185257461,0.0,-1.329436447453843,-0.8795103745102193,-0.9965440608044007,-0.8189996955752258,-0.5059682851583214,-1.4393186048761482,-0.9231519911021343,0.0,1.0,-0.6804718122002787,-0.9113764829521552,0
0.7841165927033555,0.0,1.430538452483767,1.4347876498624124,0.06516181609424235,-0.39933908986058203,1.8348334207256285,-0.5360063772889603,1.2954312681678453,0.0,0.0,1.556487331894563,1.4466804769966213,0
-0.07289576572182317,0.0,0.8266788390641504,-0.8795103745102193,-1.3874647004500376,-1.4836057089681398,-0.5059682851583214,-1.594191099233689,-0.9231519911021343,0.0,1.0,-0.6804718122002787,-1.0939758796319052,1
-1.4721891215616434,0.0,-0.8332668783246234,-0.8795103745102193,-0.6501882717338173,-0.49941885605417785,0.06867303718851682,-0.18608610499023895,0.18613963853285548,0.0,1.0,-0.12123202617656836,-0.4470711030165115,0
-1.4721891215616434,0.0,-1.487950860074402,-0.8795103745102193,-0.8057537507827865,-0.6641389848940414,1.2089934441260295,-1.1826182295476602,-0.9231519911021343,1.0,0.0,-0.6804718122002787,0.9716824990537302,0
-0.6985221790742214,0.0,0.2902850510173811,0.697684930971013,-0.15313216531072335,0.1322984404802882,-0.11526604073060712,1.216225360090411,-2.032443620737124,0.0,0.0,-1.7989513842476996,-0.11803209082582239,0
-1.4721891215616434,0.0,0.2902850510173811,-0.8795103745102193,-2.271301413069049,-2.0979157852458847,-1.5072920519457886,-2.0268289954725063,0.18613963853285548,0.0,1.0,-0.12123202617656836,-2.2568431171423695,1
1.1274872107053646,0.0,1.647319010761206,1.1946979528393167,-0.1078803967037727,0.23519554831297898,1.66308572980805,0.5307740080750752,0.18613963853285548,0.0,0.0,-0.12123202617656836,1.6804584058989038,0
0.4723153205103732,0.0,-0.18162350062635982,1.5752618279022026,0.8087466391019769,0.8889616434843537,1.4528468064582118,0.5307740080750752,0.18613963853285548,1.0,0.0,-0.12123202617656836,1.4731528472999145,0
1.4166903618380977,0.0,-0.7158720037692985,1.1946979528393167,1.9052585687542876,2.046951262905443,-1.5072920519457886,2.2806302274111045,-0.9231519911021343,0.0,0.0,-0.6804718122002787,0.8082933191469953,0
-0.07289576572182317,0.0,0.461768744122683,-0.8795103745102193,-0.6454804999123898,-0.3055111642679678,0.09066795769800697,-0.968744774313427,0.18613963853285548,0.0,1.0,-0.12123202617656836,-0.42685996132979676,0
-1.4721891215616434,0.0,0.12596723534148388,-0.8795103745102193,-2.271301413069049,-2.0979157852458847,-1.5072920519457886,-2.0268289954725063,-0.9231519911021343,0.0,1.0,-0.6804718122002787,-2.2568431171423695,0
-1.4721891215616434,0.0,-0.18162350062635982,-0.8795103745102193,0.022123152111380703,0.26830447523237333,-1.5072920519457886,0.11481150538227353,-0.9231519911021343,0.0,0.0,-0.6804718122002787,-0.43042277477186686,0
-0.6985221790742214,0.0,0.461768744122683,-0.8795103745102193,-1.5478097619216569,-1.9318764786094749,-0.3919063374300445,-1.4393186048761482,-0.9231519911021343,0.0,1.0,-0.6804718122002787,-1.0580414206853006,1
-0.07289576572182317,0.0,-0.7158720037692985,-0.8795103745102193,-0.7059715524864735,-0.7864686628999003,0.5831848741279877,-0.781954627922395,1.2954312681678453,0.0,1.0,1.556487331894563,-0.31085731928736593,0
-0.4534932381131697,0.0,0.6405298909516516,-0.8795103745102193,-1.4610287632747716,-1.4210117268426015,-1.5072920519457886,-1.7800759131583497,0.18613963853285548,0.0,1.0,-0.12123202617656836,-1.6625226230881343,1
0.2245460332616516,0.0,-0.8332668783246234,-0.8795103745102193,-0.6692410206050219,-0.958783742641671,0.31900021497714,-0.8725708510892921,1.2954312681678453,0.0,1.0,1.556487331894563,-0.5469166711361246,0
-0.07289576572182317,0.0,0.8266788390641504,-0.8795103745102193,-1.3874647004500376,-1.4836057089681398,-0.5059682851583214,-1.594191099233689,-0.9231519911021343,0.0,1.0,-0.6804718122002787,-1.0939758796319052,1
-0.24938390894453497,0.0,-1.793966719726717,0.697684930971013,-0.294138818763063,-0.4237299919284973,-0.34278061469339505,-1.3040579861083508,0.18613963853285548,0.0,0.0,-0.12123202617656836,-0.5200940385255594,0
0.8764122416617753,0.0,1.020324751826462,0.697684930971013,0.3533658130650157,0.38000288413917455,-0.2560831944486632,-0.0609482951462328,0.18613963853285548,0.0,0.0,-0.12123202617656836,-0.12158859438878224,0
-1.4721891215616434,0.0,-1.329436447453843,-0.8795103745102193,-0.7556102603717505,-0.6352708672061055,-1.5072920519457886,1.7849880206158109,1.2954312681678453,0.0,0.0,1.556487331894563,-1.2863851529439159,0
1.047621135607331,0.0,1.2215756502689943,1.4347876498624124,0.22609677805313871,-0.2169867647588109,1.8386364089919949,-0.6960629002177537,1.2954312681678453,0.0,0.0,1.556487331894563,1.4670032693189812,0
0.7841165927033555,0.0,1.430538452483767,1.1946979528393167,-0.14182484331797465,-0.13303146608600047,1.5178144745621485,0.11481150538227353,1.2954312681678453,0.0,0.0,1.556487331894563,0.9260135732498495,0
0.5829479787780677,0.0,1.020324751826462,1.1946979528393167,1.0754712681222307,0.9736831732039121,1.0878123472217276,1.0583591808618793,0.18613963853285548,0.0,0.0,-0.12123202617656836,1.0719431093894651,0
-0.07289576572182317,0.0,0.6405298909516516,-0.8795103745102193,-1.3874647004500376,-1.4836057089681398,-0.5059682851583214,-1.594191099233689,2.404722897802835,0.0,0.0,2.6749669039419834,-1.535299948328361,0
0.7841165927033555,0.0,0.6405298909516516,1.1946979528393167,0.4159759625307269,0.44116600526156535,0.1322625095167463,0.6254659586163507,0.18613963853285548,0.0,0.0,-0.12123202617656836,0.06656345940162864,0
-0.07289576572182317,0.0,0.12596723534148388,-0.8795103745102193,-0.3307097047421827,-0.01442369443343163,1.6222700733171724,0.11481150538227353,-0.9231519911021343,0.0,0.0,-0.6804718122002787,1.7260529253039874,0
-0.4534932381131697,0.0,0.461768744122683,0.697684930971013,0.7078896809912263,0.5151728517444565,1.2351626735187333,0.33105875939802537,0.18613963853285548,0.0,0.0,-0.12123202617656836,1.1473903386732025,0
0.08350622611294847,0.0,0.461768744122683,-0.8795103745102193,0.5809866861035299,0.5583673103886344,-1.5072920519457886,-0.8725708510892921,-0.9231519911021343,0.0,0.0,-0.6804718122002787,-0.04243317078478321,0
0.35339972946965464,0.0,-0.03129755540730531,-0.8795103745102193,-0.28729566388834815,-0.05306319911326454,1.6152128619784205,-0.0609482951462328,0.18613963853285548,0.0,0.0,-0.12123202617656836,1.577710601796225,0
0.35339972946965464,0.0,0.461768744122683,-0.8795103745102193,0.2597626997236573,0.18444317316632383,-1.5072920519457886,-0.4609168016563328,-0.9231519911021343,0.0,0.0,-0.6804718122002787,-0.26471778381107575,0
-0.07289576572182317,0.0,0.6405298909516516,-0.8795103745102193,-1.3874647004500376,-1.4836057089681398,-0.5059682851583214,-1.594191099233689,0.18613963853285548,0.0,1.0,-0.12123202617656836,-1.1480964992197344,0
0.35339972946965464,0.0,0.8266788390641504,1.1946979528393167,0.7607177807958736,0.6007130929660973,1.2572045377803682,0.432757898856675,0.18613963853285548,0.0,0.0,-0.12123202617656836,1.189098139622025,0
0.35339972946965464,0.0,1.2215756502689943,1.1946979528393167,1.4387371062041694,1.3590030782607694,0.021947609361985223,1.4037749992596662,1.2954312681678453,0.0,0.0,1.556487331894563,0.16083825803374968,0
-0.07289576572182317,0.0,-1.6252591166453392,-0.8795103745102193,-0.8570109368392939,-0.7864686628999003,-0.7419059021457265,-0.968744774313427,-0.9231519911021343,0.0,0.0,-0.6804718122002787,-0.9397754663319376,0
-0.6985221790742214,0.0,1.2215756502689943,-0.8795103745102193,-1.6513212051663042,-1.3629201294818385,-0.4459281988232748,-1.4393186048761482,0.18613963853285548,0.0,1.0,-0.12123202617656836,-1.1802153073697006,1
-1.4721891215616434,0.0,-0.03129755540730531,-0.8795103745102193,-0.3739147614893892,-0.11268564702923983,-1.5072920519457886,0.4822024803158727,-2.032443620737124,0.0,0.0,-1.7989513842476996,-0.605924480707782,0
0.2245460332616516,0.0,-0.03129755540730531,0.697684930971013,0.32828306088064424,0.4108119821788188,-0.5059682851583214,0.057665153009515184,0.18613963853285548,0.0,0.0,-0.12123202617656836,-0.1992818101474113,0
0.964073858567003,0.0,-1.7425011089148845,0.697684930971013,0.6547396517643772,1.1899765338272974,0.7156250160583865,0.9347360339290371,-0.9231519911021343,1.0,0.0,-0.6804718122002787,0.6774394457812954,0
0.2245460332616516,0.0,-1.8833563609753177,1.5752618279022026,-0.018934494980351043,-0.11268564702923983,0.424859269722891,0.6254659586163507,0.18613963853285548,0.0,0.0,-0.12123202617656836,0.07120705677055746,0
0.08350622611294847,1.0,-0.3251261608248572,1.1946979528393167,-0.6716481128919547,-0.26063608837311514,1.2814905516476154,-0.5360063772889603,0.18613963853285548,1.0,0.0,-0.12123202617656836,0.9818975192529866,1
-1.4721891215616434,0.0,1.2215756502689943,-0.8795103745102193,-1.2770180150468766,-1.076306479538755,-0.18121248900618253,-0.968744774313427,0.18613963853285548,0.0,1.0,-0.12123202617656836,-0.860104993908374,0
1.5465566591620816,0.0,1.2215756502689943,1.4347876498624124,1.8095542569749326,1.9897901013101025,0.5349620679024845,0.5785153380242523,0.18613963853285548,0.0,0.0,-0.12123202617656836,0.9389393628287118,0
0.08350622611294847,0.0,0.8266788390641504,-0.8795103745102193,-0.3431502754580845,0.02338831919764908,-0.2560831944486632,-0.0008867506627574296,0.18613963853285548,0.0,1.0,-0.12123202617656836,-0.5049436103251729,0
1.348389454007024,0.0,2.345610480711428,-0.8795103745102193,-0.11830147096086722,0.26830447523237333,0.2073487160052933,0.27869756895634124,1.2954312681678453,0.0,1.0,1.556487331894563,-0.4507830006756149,0
-1.4721891215616434,0.0,-1.686315314805773,-0.8795103745102193,-2.271301413069049,-2.0979157852458847,-1.5072920519457886,-2.0268289954725063,1.2954312681678453,0.0,1.0,1.556487331894563,-2.2568431171423695,0
0.964073858567003,0.0,-1.5591855870497442,0.697684930971013,1.0930892954976796,1.5659577894946692,0.7516740379585609,1.017678909606691,2.404722897802835,0.0,0.0,2.6749669039419834,-0.06232908011900476,0
-1.4721891215616434,0.0,0.6405298909516516,-0.8795103745102193,0.8568689469905792,1.067037138915206,1.6825784367282444,1.216225360090411,-0.9231519911021343,0.0,0.0,-0.6804718122002787,1.9905442531162278,0
0.08350622611294847,0.0,0.6405298909516516,0.697684930971013,0.01861208544370065,-0.6070100507667666,1.83100857026087,-0.6142506050345212,0.18613963853285548,0.0,0.0,-0.12123202617656836,2.0005757778730064,0
-1.4721891215616434,0.0,-2.085096900933757,-0.8795103745102193,0.04274238420109551,-0.7547689557144309,1.2254758286775493,-0.8725708510892921,0.18613963853285548,0.0,0.0,-0.12123202617656836,0.9932118397269205,0
0.35339972946965464,1.0,-0.46192253572791986,-0.8795103745102193,-0.0866951610667201,-0.32843814160131607,-1.5072920519457886,-0.5360063772889603,0.18613963853285548,0.0,1.0,-0.12123202617656836,-0.586657897050855,1
-0.24938390894453497,0.0,0.12596723534148388,-0.8795103745102193,0.5686712364324784,0.5296681287064666,-1.5072920519457886,-0.968744774313427,0.18613963853285548,0.0,0.0,-0.12123202617656836,-0.13718200079023135,0
-1.4721891215616434,1.0,0.461768744122683,-0.8795103745102193,-1.184450069209411,-1.3085554486041324,-0.21737965524864494,-0.968744774313427,1.2954312681678453,0.0,1.0,1.556487331894563,-1.095980493729896,1
0.5829479787780677,0.0,0.8266788390641504,0.697684930971013,0.27302613069181336,0.30086286343248403,0.25785800478751103,0.9347360339290371,-2.032443620737124,0.0,0.0,-1.7989513842476996,0.32729670185012055,0
0.7841165927033555,0.0,0.461768744122683,1.1946979528393167,0.1650231095775202,-0.32843814160131607,-0.1472620689342646,-0.2514482231001947,0.18613963853285548,0.0,0.0,-0.12123202617656836,-0.1920495583939046,0
1.2040372514157516,0.0,-1.6252591166453392,-0.8795103745102193,0.6358116390658863,1.1570311538175746,0.6772853943080029,0.4822024803158727,-0.9231519911021343,1.0,0.0,-0.6804718122002787,0.6361605790258958,0
0.08350622611294847,0.0,-1.0495141476718508,0.697684930971013,-0.455552295240373,-0.26063608837311514,0.2415078628653102,1.9779674266339151,1.2954312681678453,0.0,0.0,1.556487331894563,-0.544727268717358,0
0.2245460332616516,0.0,-0.3251261608248572,-0.8795103745102193,-0.1162107110048683,-0.473750457681484,-1.5072920519457886,-0.6142506050345212,0.18613963853285548,0.0,1.0,-0.12123202617656836,-0.6086243976337434,1
1.1274872107053646,0.0,-0.03129755540730531,1.7792728358814742,1.258538047574357,0.5296681287064666,-1.5072920519457886,0.9764777356110778,1.2954312681678453,0.0,0.0,1.556487331894563,-0.07013325550527767,0
1.047621135607331,0.0,2.104751684068571,1.1946979528393167,0.3533658130650157,0.4710825342868126,-0.0029467479771157737,-0.0008867506627574296,0.18613963853285548,0.0,0.0,-0.12123202617656836,-0.027969213200025402,0
-1.4721891215616434,1.0,-0.5921311266741747,-0.8795103745102193,-2.271301413069049,-2.0979157852458847,-1.5072920519457886,-2.0268289954725063,2.404722897802835,0.0,0.0,2.6749669039419834,-2.2568431171423695,1
1.047621135607331,0.0,-0.46192253572791986,0.697684930971013,-0.5928349751119503,-0.26063608837311514,0.2737585998685261,-0.0609482951462328,-0.9231519911021343,0.0,0.0,-0.6804718122002787,-0.17274272035985608,0
0.2245460332616516,0.0,-0.03129755540730531,-0.8795103745102193,1.8581239744956557,1.537317071290184,1.063017454169349,0.27869756895634124,-0.9231519911021343,0.0,0.0,-0.6804718122002787,1.4442482943651083,0
-0.07289576572182317,0.0,-1.4114139258166871,0.697684930971013,-0.5371819543933224,-0.4237299919284973,0.04579181165646059,1.850364597445138,1.2954312681678453,0.0,0.0,1.556487331894563,-0.706356910261926,0
-1.4721891215616434,0.0,0.6405298909516516,-0.8795103745102193,-1.2188651773145895,-1.2088238377712506,-0.29771809938538085,-0.8725708510892921,-0.9231519911021343,0.0,0.0,-0.6804718122002787,-0.8736406839087754,0
-1.4721891215616434,0.0,-1.0495141476718508,-0.8795103745102193,-2.271301413069049,-2.0979157852458847,-1.5072920519457886,-2.0268289954725063,-0.9231519911021343,0.0,1.0,-0.6804718122002787,-2.2568431171423695,0
-0.6985221790742214,0.0,-0.46192253572791986,-0.8795103745102193,1.3967711831355918,1.2332611690125022,-1.5072920519457886,1.017678909606691,0.18613963853285548,0.0,0.0,-0.12123202617656836,0.3879710480578477,0
0.08350622611294847,0.0,0.2902850510173811,-0.8795103745102193,0.06777643944302339,0.3644218685281948,0.11184436778086729,0.33105875939802537,-0.9231519911021343,0.0,0.0,-0.6804718122002787,-0.023129061447991237,0
-1.4721891215616434,0.0,-1.5591855870497442,-0.8795103745102193,-2.271301413069049,-2.0979157852458847,-0.7419059021457265,-2.0268289954725063,1.2954312681678453,0.0,1.0,1.556487331894563,-1.6684651331006728,0
0.4723153205103732,0.0,0.2902850510173811,0.697684930971013,0.8142285803888213,0.42604475287671956,0.9215746400273038,0.7619251298184915,-0.9231519911021343,0.0,0.0,-0.6804718122002787,0.9294603440518407,0
-1.012053753692239,1.0,1.020324751826462,-0.8795103745102193,-1.0224787810878317,-1.3085554486041324,-0.02899096777841141,-0.8725708510892921,1.2954312681678453,0.0,1.0,1.556487331894563,-0.9156564122465781,1
0.35339972946965464,0.0,-0.18162350062635982,0.697684930971013,0.7535330988255156,0.2846509543916297,0.8719364196494802,0.6716623488153538,-0.9231519911021343,0.0,0.0,-0.6804718122002787,0.857609627472255,0
0.4723153205103732,0.0,-1.487950860074402,-0.8795103745102193,-0.7571869518385783,-0.5521808457454166,-0.3919063374300445,-0.781954627922395,-0.9231519911021343,0.0,0.0,-0.6804718122002787,-0.7233170164410071,0
-1.4721891215616434,0.0,0.461768744122683,-0.8795103745102193,-1.4474048563104793,-1.8108217731349643,-0.9918459235005864,-1.594191099233689,-0.9231519911021343,0.0,1.0,-0.6804718122002787,-1.4241272938684109,0
0.4723153205103732,0.0,-0.18162350062635982,1.1946979528393167,-0.5534036234693214,-0.17447737485093776,1.3020043473276863,-0.18608610499023895,0.18613963853285548,1.0,0.0,-0.12123202617656836,1.0266052268730241,0
-0.4534932381131697,0.0,1.2215756502689943,0.697684930971013,0.6999637444396037,0.5725746557955739,1.2602916558593638,0.5307740080750752,0.18613963853285548,0.0,0.0,-0.12123202617656836,1.1788153309300438,0
1.047621135607331,0.0,-0.5921311266741747,0.697684930971013,1.7822673861494296,1.8550529943395622,0.2415078628653102,0.2252488320656032,-0.9231519911021343,0.0,0.0,-0.6804718122002787,0.9228842148691596,0
0.08350622611294847,0.0,0.6405298909516516,-0.8795103745102193,-0.54911102381437,-0.693650698030738,-0.4459281988232748,-0.6142506050345212,-0.9231519911021343,0.0,1.0,-0.6804718122002787,-0.6367833198371453,0
-0.07289576572182317,0.0,-0.18162350062635982,-0.8795103745102193,1.0667501117604525,0.8641943950641062,1.0327841763864802,0.9347360339290371,0.18613963853285548,0.0,0.0,-0.12123202617656836,1.0101253978877094,0
1.2040372514157516,0.0,0.8266788390641504,0.697684930971013,-0.07564730752167385,0.21842668287078776,1.6614348954332647,0.4822024803158727,0.18613963853285548,0.0,0.0,-0.12123202617656836,1.6807232724121541,0
0.4723153205103732,0.0,1.2215756502689943,-0.8795103745102193,1.7157167935714934,1.5659577894946692,-0.29771809938538085,1.3299641777568034,0.18613963853285548,0.0,0.0,-0.12123202617656836,0.6501024837297216,0
1.8927920133992675,1.0,0.12596723534148388,-0.8795103745102193,-0.6985159336153656,-0.03363697408995959,0.06867303718851682,-0.0609482951462328,0.18613963853285548,0.0,1.0,-0.12123202617656836,-0.46086992549145867,1
0.5829479787780677,0.0,0.6405298909516516,1.4347876498624124,-0.18891690121854876,-0.2829146346091301,0.17103352023621246,0.17064504865893973,1.2954312681678453,0.0,0.0,1.556487331894563,-0.5022136865097352,0
-1.4721891215616434,0.0,-0.03129755540730531,-0.8795103745102193,-1.3719267400962707,-1.6271094250024807,-1.5072920519457886,-1.4393186048761482,-0.9231519911021343,0.0,1.0,-0.6804718122002787,-1.5507147380745006,0
-1.4721891215616434,0.0,-1.7425011089148845,-0.8795103745102193,-0.8453678932689611,-1.0356937365568895,-0.8519084961219504,-0.3886420715982743,-0.9231519911021343,0.0,0.0,-0.6804718122002787,-0.9724518164265452,0
0.4723153205103732,0.0,-0.46192253572791986,1.4347876498624124,0.8384552421308898,0.9134738420375053,1.4596457821391382,0.717138288650402,-0.9231519911021343,1.0,0.0,-0.6804718122002787,1.625922361486778,0
0.35339972946965464,0.0,-0.8332668783246234,-0.8795103745102193,-1.1234893431325033,-0.6352708672061055,-0.18121248900618253,-0.6960629002177537,-0.9231519911021343,0.0,1.0,-0.6804718122002787,-0.7435192856374911,0
1.2040372514157516,0.0,0.2902850510173811,1.4347876498624124,0.6934206832561974,0.8138654497951128,0.4485848661498302,0.9347360339290371,-0.9231519911021343,0.0,0.0,-0.6804718122002787,0.4809213531363373,0
0.2245460332616516,0.0,-1.7425011089148845,1.4347876498624124,-0.22930367417858638,-0.3055111642679678,-0.21737965524864494,0.057665153009515184,0.18613963853285548,0.0,0.0,-0.12123202617656836,-0.43076284888469873,0
0.8764122416617753,0.0,-1.7425011089148845,1.4347876498624124,-0.0484154337551702,-0.1955945586379102,-0.5059682851583214,-0.18608610499023895,0.18613963853285548,0.0,0.0,-0.12123202617656836,-0.4305927952829174,0
0.2245460332616516,0.0,0.6405298909516516,-0.8795103745102193,-0.38681908816081395,-0.0727088154730665,-0.5735904547911599,-0.18608610499023895,0.18613963853285548,0.0,0.0,-0.12123202617656836,-0.6515462245063324,0
1.7268865040398134,0.0,0.6405298909516516,1.4347876498624124,1.8411816077450722,1.9897901013101025,0.5248295651718701,0.6254659586163507,0.18613963853285548,0.0,0.0,-0.12123202617656836,0.9488776636545783,0
-0.6985221790742214,0.0,1.430538452483767,-0.8795103745102193,-0.9113809689980364,-0.852423195420382,-0.4459281988232748,-0.5360063772889603,-0.9231519911021343,0.0,1.0,-0.6804718122002787,-0.8349287956175742,0
0.08350622611294847,0.0,-0.03129755540730531,-0.8795103745102193,0.48788487578372286,0.58668938306937,-0.34278061469339505,-0.0609482951462328,-0.9231519911021343,0.0,0.0,-0.6804718122002787,0.02157022427674846,1
1.047621135607331,0.0,0.2902850510173811,0.697684930971013,0.2000534564545506,0.5151728517444565,0.18947797787923643,0.33105875939802537,0.18613963853285548,0.0,0.0,-0.12123202617656836,-0.002994139664598845,0
-1.4721891215616434,0.0,0.6405298909516516,-0.8795103745102193,-0.46345104309141494,-0.13303146608600047,-1.5072920519457886,-0.12263695232921346,-2.032443620737124,0.0,0.0,-1.7989513842476996,-0.6769004367158603,0
0.6865551185257461,0.0,1.430538452483767,1.1946979528393167,-0.13182143456819226,0.21842668287078776,-0.18121248900618253,0.8495461729713818,-0.9231519911021343,0.0,0.0,-0.6804718122002787,-0.2799630005921826,0
-0.6985221790742214,0.0,0.6405298909516516,-0.8795103745102193,-1.0210553360655665,-1.076306479538755,-0.21737965524864494,-0.8725708510892921,0.18613963853285548,0.0,1.0,-0.12123202617656836,-0.8026611905386865,0
-0.6985221790742214,0.0,1.2215756502689943,-0.8795103745102193,-1.081632661131669,-1.1185646336077608,-0.08500636257674449,-1.1826182295476602,1.2954312681678453,0.0,1.0,1.556487331894563,-0.972238162575862,1
1.5465566591620816,1.0,-0.5921311266741747,-0.8795103745102193,-0.49479912576829005,-0.26063608837311514,0.11184436778086729,-0.781954627922395,0.18613963853285548,0.0,1.0,-0.12123202617656836,-0.3542448942118173,1
2.190646160645761,0.0,-0.18162350062635982,1.7315706229742622,2.0239331337830246,2.2202175274254903,0.17103352023621246,2.803754585533314,-0.9231519911021343,1.0,0.0,-0.6804718122002787,1.031945181241918,0
-0.4534932381131697,0.0,0.8266788390641504,-0.8795103745102193,-0.22021736008882445,-0.03363697408995959,1.202278020507419,0.11481150538227353,-0.9231519911021343,0.0,0.0,-0.6804718122002787,1.0367437554209016,0
-0.07289576572182317,0.0,0.8266788390641504,-0.8795103745102193,0.6552826671278409,0.45617790096966415,1.1886286485318256,-0.4609168016563328,0.18613963853285548,0.0,0.0,-0.12123202617656836,1.0744141745181062,0
0.6865551185257461,0.0,-1.8408659249517312,1.5752618279022026,-0.06698866810759087,-0.23866380856018854,0.15197615836469722,-0.2514482231001947,0.18613963853285548,0.0,0.0,-0.12123202617656836,-0.1501395835181753,0
-1.4721891215616434,0.0,-1.487950860074402,-0.8795103745102193,-0.9431245666219559,-1.6271094250024807,-0.21737965524864494,-1.594191099233689,1.2954312681678453,0.0,1.0,1.556487331894563,-1.01910421204282,0
-0.6985221790742214,0.0,0.2902850510173811,-0.8795103745102193,0.1311525709814425,0.45617790096966415,-0.9918459235005864,0.432757898856675,-0.9231519911021343,0.0,0.0,-0.6804718122002787,-0.31710674901510827,0
-1.4721891215616434,1.0,-0.3251261608248572,-0.8795103745102193,-2.271301413069049,-2.0979157852458847,-1.5072920519457886,-2.0268289954725063,0.18613963853285548,0.0,1.0,-0.12123202617656836,-2.2568431171423695,1
-1.4721891215616434,0.0,-0.7158720037692985,-0.8795103745102193,-0.6886617334546209,-0.39933908986058203,0.021947609361985223,-0.3886420715982743,0.18613963853285548,0.0,1.0,-0.12123202617656836,-0.496275265375636,0
-1.4721891215616434,0.0,0.2902850510173811,-0.8795103745102193,-0.595964390666399,-0.7238459676478477,-1.5072920519457886,-1.4393186048761482,0.18613963853285548,0.0,0.0,-0.12123202617656836,-0.959077829406632,0
-1.012053753692239,0.0,0.12596723534148388,-0.8795103745102193,-0.5650802561386856,-0.2169867647588109,1.5843382558887398,-0.968744774313427,-0.9231519911021343,0.0,0.0,-0.6804718122002787,1.6363716521137968,0
-1.012053753692239,0.0,0.461768744122683,0.697684930971013,-0.4674212839252253,-0.5255544800262242,0.2415078628653102,-0.6960629002177537,1.2954312681678453,0.0,0.0,1.556487331894563,-0.54972263895242,0
1.047621135607331,0.0,0.8266788390641504,0.697684930971013,-0.13182143456819226,0.2015103997107105,1.6463872690810593,0.33105875939802537,0.18613963853285548,0.0,0.0,-0.12123202617656836,1.6482925425231147,0
0.2245460332616516,0.0,0.8266788390641504,-0.8795103745102193,0.21738642367936675,0.23519554831297898,-0.6510697318600371,0.8924329275229498,-2.032443620737124,0.0,0.0,-1.7989513842476996,-0.07062485264794352,0
0.6865551185257461,0.0,-0.46192253572791986,-0.8795103745102193,0.5838163276377795,0.6007130929660973,-0.05629982231812761,0.17064504865893973,-0.9231519911021343,0.0,0.0,-0.6804718122002787,0.1652847242408078,1
0.8764122416617753,1.0,0.2902850510173811,0.697684930971013,0.5838163276377795,0.6830282263656221,0.1322625095167463,0.2252488320656032,-0.9231519911021343,0.0,0.0,-0.6804718122002787,0.24584018452093362,1
-1.4721891215616434,0.0,-0.9444391811885324,-0.8795103745102193,-0.0606739419192769,0.04199850807495892,-0.29771809938538085,0.27869756895634124,0.18613963853285548,0.0,0.0,-0.12123202617656836,-0.3699831912434141,0
-0.07289576572182317,0.0,0.8266788390641504,-0.8795103745102193,-1.3874647004500376,-1.4836057089681398,-0.5059682851583214,-1.594191099233689,-0.9231519911021343,0.0,1.0,-0.6804718122002787,-1.0939758796319052,1
0.2245460332616516,0.0,0.461768744122683,1.4347876498624124,0.8104095319122893,0.6559282504848064,1.2991140346918413,1.017678909606691,0.18613963853285548,0.0,0.0,-0.12123202617656836,1.2565769798820476,0
0.8764122416617753,0.0,-0.9444391811885324,0.697684930971013,-0.6862133888423149,-0.4237299919284973,0.09066795769800697,-0.31889890269653554,-0.9231519911021343,0.0,0.0,-0.6804718122002787,-0.36554856661177226,0
0.6865551185257461,0.0,0.6405298909516516,1.4347876498624124,0.44589188632256227,0.6146473417131381,0.06867303718851682,0.9764777356110778,0.18613963853285548,0.0,0.0,-0.12123202617656836,0.0519947773027752,0
-1.4721891215616434,0.0,-2.1041567749041574,-0.8795103745102193,0.17719508164981093,-0.6641389848940414,1.2694637969615825,-1.4393186048761482,0.18613963853285548,0.0,0.0,-0.12123202617656836,1.0807483491489684,0
1.2775822509180437,0.0,1.020324751826462,1.4347876498624124,1.5502614172644555,1.5083826254463537,0.1322625095167463,1.3299641777568034,1.2954312681678453,0.0,0.0,1.556487331894563,0.2416669474607954,0
0.4723153205103732,0.0,0.461768744122683,-0.8795103745102193,-0.2503217948147922,-0.0925805927386985,0.6363344069825336,0.7619251298184915,1.2954312681678453,0.0,1.0,1.556487331894563,-0.1596399096561232,1
-0.24938390894453497,0.0,0.6405298909516516,-0.8795103745102193,-0.25796216123854504,-0.32843814160131607,1.4926056680508222,-0.12263695232921346,0.18613963853285548,0.0,0.0,-0.12123202617656836,1.3687384359170955,0
0.5829479787780677,0.0,-0.3251261608248572,1.1946979528393167,-0.40174329676491627,-0.1536259367112664,0.4485848661498302,2.1621718427945305,2.404722897802835,0.0,0.0,2.6749669039419834,-0.6812302972112521,0
1.6685246921819126,1.0,0.6405298909516516,1.8449234868866584,1.3064686858045242,0.6559282504848064,-0.5735904547911599,1.1382298578534331,2.404722897802835,1.0,0.0,2.6749669039419834,-0.36371383369642146,0
1.4166903618380977,0.0,0.2902850510173811,1.1946979528393167,1.8095542569749326,1.9399502206792854,0.4485848661498302,0.5307740080750752,0.18613963853285548,0.0,0.0,-0.12123202617656836,0.8991377460288444,0
0.08350622611294847,0.0,0.2902850510173811,-0.8795103745102193,-0.1251944124292208,-0.03363697408995959,1.1988932952552227,0.17064504865893973,-0.9231519911021343,0.0,0.0,-0.6804718122002787,1.047151398896132,0
0.7841165927033555,0.0,1.020324751826462,1.4347876498624124,0.022123152111380703,0.33289458399522215,0.2073487160052933,1.3670629301703794,-0.9231519911021343,0.0,0.0,-0.6804718122002787,0.016566101633840737,0
-0.24938390894453497,0.0,-0.18162350062635982,-0.8795103745102193,-0.18042596900416374,-0.1955945586379102,1.1604084989562675,-0.12263695232921346,-0.9231519911021343,0.0,0.0,-0.6804718122002787,0.980417626037747,0
2.190646160645761,1.0,0.2902850510173811,-0.8795103745102193,-0.3953771498121693,0.16722133829873997,0.22468124808969311,-0.0609482951462328,0.18613963853285548,1.0,1.0,-0.12123202617656836,-0.22673314573281433,1
-1.4721891215616434,0.0,-0.46192253572791986,-0.8795103745102193,-0.12219307410333152,-1.0356937365568895,1.7995905258039215,-1.1826182295476602,0.18613963853285548,0.0,0.0,-0.12123202617656836,1.9284788199796792,0
0.08350622611294847,0.0,-1.9215998710095312,1.4347876498624124,-0.15774420698217537,-0.37533744672449043,-0.0029467479771157737,-0.3886420715982743,0.18613963853285548,0.0,0.0,-0.12123202617656836,-0.2861862728315305,0
-0.24938390894453497,0.0,0.2902850510173811,-0.8795103745102193,-0.4834443654556632,-0.11268564702923983,1.5898940075329646,0.2252488320656032,-0.9231519911021343,0.0,0.0,-0.6804718122002787,1.6532995218788729,0
1.8389246320946688,0.0,0.2902850510173811,1.5752618279022026,1.9356998715920517,2.142610683512403,-0.4459281988232748,2.3673848116763136,-0.9231519911021343,0.0,0.0,-0.6804718122002787,0.8740871809907945,0
0.4723153205103732,0.0,0.6405298909516516,0.697684930971013,0.9877163227102221,1.168059890047116,1.6889495156700824,1.0985370245410373,0.18613963853285548,0.0,0.0,-0.12123202617656836,1.875773068608496,0
-1.4721891215616434,0.0,0.12596723534148388,-0.8795103745102193,-0.05838492869350845,0.2846509543916297,-1.5072920519457886,0.432757898856675,-0.9231519911021343,0.0,0.0,-0.6804718122002787,-0.4875354023400427,0
-0.6985221790742214,0.0,0.6405298909516516,-0.8795103745102193,-0.19460881952099493,-0.11268564702923983,1.2089934441260295,0.27869756895634124,-0.9231519911021343,0.0,0.0,-0.6804718122002787,1.0507378618052887,0
0.8764122416617753,0.0,-1.7425011089148845,1.4347876498624124,-0.36478322872281077,-0.4237299919284973,0.04579181165646059,-0.31889890269653554,0.18613963853285548,0.0,0.0,-0.12123202617656836,-0.34942144192925456,1
1.348389454007024,0.0,-0.5921311266741747,1.1946979528393167,1.8642562248912875,2.0062281181180226,-1.5072920519457886,2.3386579682161797,-0.9231519911021343,0.0,0.0,-0.6804718122002787,0.783288958770974,0
0.2245460332616516,0.0,1.647319010761206,-0.8795103745102193,-1.2444102409634479,-1.076306479538755,-0.1472620689342646,-1.1826182295476602,0.18613963853285548,0.0,1.0,-0.12123202617656836,-0.8223294557209095,1
-0.24938390894453497,0.0,-0.3251261608248572,-0.8795103745102193,-0.3923933132343022,-0.2169867647588109,-1.5072920519457886,-0.6142506050345212,0.18613963853285548,0.0,1.0,-0.12123202617656836,-0.8032005503402914,0
1.2775822509180437,0.0,-0.03129755540730531,1.7792728358814742,1.2836218938323922,0.5440656997790116,-0.8519084961219504,1.0985370245410373,1.2954312681678453,0.0,0.0,1.556487331894563,-0.035259100737388846,0
0.2245460332616516,1.0,1.2215756502689943,-0.8795103745102193,-1.0893546928511175,-0.9965651623037695,-0.05629982231812761,-0.781954627922395,0.18613963853285548,0.0,1.0,-0.12123202617656836,-0.6994986132401081,1
-1.4721891215616434,0.0,-0.03129755540730531,-0.8795103745102193,-0.4314102316046328,-0.37533744672449043,1.095863043406545,-1.0715844008170172,-0.9231519911021343,0.0,0.0,-0.6804718122002787,0.8446306497827688,0
0.35339972946965464,0.0,0.2902850510173811,-0.8795103745102193,-0.06929223331089521,-0.01442369443343163,1.228721302773915,0.33105875939802537,-0.9231519911021343,0.0,0.0,-0.6804718122002787,1.1012685668747988,0
-0.07289576572182317,0.0,-1.9860170239087698,0.697684930971013,0.2225715453072525,-0.39933908986058203,1.2814905516476154,0.27869756895634124,0.18613963853285548,0.0,0.0,-0.12123202617656836,1.1068368450505475,0
0.964073858567003,0.0,-1.686315314805773,-0.8795103745102193,1.1189497129386938,1.5848923141925018,0.7723159967781673,1.1774541226784172,1.2954312681678453,0.0,0.0,1.556487331894563,0.365730487275267,0
-0.6985221790742214,0.0,1.430538452483767,-0.8795103745102193,-1.0537169331206915,-0.9222319226746506,0.021947609361985223,-0.5360063772889603,0.18613963853285548,0.0,1.0,-0.12123202617656836,-0.6213265020686839,0
0.4723153205103732,0.0,-0.3251261608248572,0.697684930971013,-0.44966425988074166,-0.11268564702923983,0.424859269722891,2.1621718427945305,2.404722897802835,0.0,0.0,2.6749669039419834,-0.7096001142024425,0
-0.4534932381131697,0.0,1.020324751826462,0.697684930971013,0.15102483817455148,0.48588193502091354,-0.2560831944486632,0.6254659586163507,0.18613963853285548,0.0,0.0,-0.12123202617656836,-0.23382480962577903,0
-1.4721891215616434,0.0,0.2902850510173811,0.697684930971013,-2.271301413069049,-2.0979157852458847,-1.5072920519457886,-2.0268289954725063,2.404722897802835,0.0,0.0,2.6749669039419834,-2.2568431171423695,0
0.7841165927033555,0.0,-1.8408659249517312,-0.8795103745102193,1.0930892954976796,1.5083826254463537,0.6929152138350317,0.9764777356110778,1.2954312681678453,0.0,0.0,1.556487331894563,0.3019188920491015,0
0.4723153205103732,0.0,-1.9215998710095312,-0.8795103745102193,1.0764862902783159,1.459483335342635,0.7081497039941473,1.017678909606691,1.2954312681678453,0.0,0.0,1.556487331894563,0.30598530317827466,0
1.1274872107053646,0.0,-1.9215998710095312,0.697684930971013,0.696960422251775,1.1570311538175746,0.7230088817253174,0.8924329275229498,-0.9231519911021343,1.0,0.0,-0.6804718122002787,0.6995219826034084,0
-1.4721891215616434,0.0,-0.46192253572791986,-0.8795103745102193,0.7375232736452159,0.6007130929660973,-0.11526604073060712,0.17064504865893973,1.2954312681678453,0.0,0.0,1.556487331894563,-0.21428171057485113,0
-1.4721891215616434,0.0,-2.1041567749041574,-0.8795103745102193,0.2904616045544488,-0.4485275487942812,1.2991140346918413,-0.781954627922395,0.18613963853285548,0.0,0.0,-0.12123202617656836,1.144792476755452,0
-1.4721891215616434,0.0,-0.46192253572791986,-0.8795103745102193,0.7470083526853462,0.6284936427069701,-0.3919063374300445,-0.0008867506627574296,1.2954312681678453,0.0,0.0,1.556487331894563,-0.269771777369124,0
-0.6985221790742214,0.0,-0.03129755540730531,-0.8795103745102193,-0.47140560586469094,-0.37533744672449043,-0.05629982231812761,0.33105875939802537,0.18613963853285548,0.0,1.0,-0.12123202617656836,-0.46139829590318193,1
1.047621135607331,0.0,1.430538452483767,1.4347876498624124,1.1192336434045673,1.0440266627375203,1.1155473095485038,1.1382298578534331,0.18613963853285548,0.0,0.0,-0.12123202617656836,1.115897467491351,0
-1.4721891215616434,0.0,-1.0495141476718508,-0.8795103745102193,-0.9431245666219559,-1.257338550726375,0.021947609361985223,-1.4393186048761482,1.2954312681678453,0.0,1.0,1.556487331894563,-0.8556367300673783,0
0.4723153205103732,0.0,0.6405298909516516,0.697684930971013,1.8881296599623119,1.6685841888932493,1.2222135950276227,0.717138288650402,-0.9231519911021343,0.0,0.0,-0.6804718122002787,1.6122277778212832,0
-0.24938390894453497,0.0,0.2902850510173811,-0.8795103745102193,-0.4092778297492395,-0.13303146608600047,-1.1855370315326892,-0.31889890269653554,0.18613963853285548,0.0,1.0,-0.12123202617656836,-0.7874510884384964,0
-1.4721891215616434,0.0,0.12596723534148388,-0.8795103745102193,-1.302853330843389,-1.4210117268426015,-1.5072920519457886,-1.0715844008170172,-0.9231519911021343,0.0,1.0,-0.6804718122002787,-1.4871396705454107,0
-1.012053753692239,0.0,-2.0715886207378653,1.1946979528393167,0.35552842590575284,-0.2169867647588109,1.3598549986807158,0.17064504865893973,0.18613963853285548,0.0,0.0,-0.12123202617656836,1.246178189741769,0
1.2775822509180437,0.0,0.2902850510173811,1.1946979528393167,1.789643892880956,1.9315652296561596,0.33333056902892305,0.382393625891712,0.18613963853285548,0.0,0.0,-0.12123202617656836,0.843298251464394,0
0.35339972946965464,0.0,-2.012539412635226,1.1946979528393167,0.442822172759534,-0.0727088154730665,1.343854666033475,-0.6960629002177537,0.18613963853285548,0.0,0.0,-0.12123202617656836,1.2392042016593199,0
-0.07289576572182317,0.0,0.8266788390641504,-0.8795103745102193,0.829098280767474,0.9973552647654118,1.6531177941103956,0.5307740080750752,0.18613963853285548,0.0,0.0,-0.12123202617656836,1.7894347246446471,0
0.08350622611294847,0.0,0.2902850510173811,1.1946979528393167,0.7297259504718375,0.48588193502091354,1.2222135950276227,0.17064504865893973,0.18613963853285548,0.0,0.0,-0.12123202617656836,1.1357467826351892,0
0.6865551185257461,0.0,-0.7158720037692985,1.1946979528393167,-0.45673358888211163,-0.23866380856018854,1.3048815833071252,-0.2514482231001947,0.18613963853285548,1.0,0.0,-0.12123202617656836,1.041672450558065,0
-0.6985221790742214,0.0,-1.686315314805773,-0.8795103745102193,-0.5029815046288841,-0.6641389848940414,0.17103352023621246,-0.3886420715982743,-0.9231519911021343,0.0,0.0,-0.6804718122002787,-0.23326029817827268,0
0.08350622611294847,0.0,-0.18162350062635982,-0.8795103745102193,-0.080869222458235,-0.3517088458005675,-0.7419059021457265,-0.3886420715982743,-0.9231519911021343,0.0,1.0,-0.6804718122002787,-0.43042277477186686,1
0.35339972946965464,0.0,0.6405298909516516,1.1946979528393167,-0.07217720579276884,-0.11268564702923983,1.5360974247461319,0.6716623488153538,0.18613963853285548,0.0,0.0,-0.12123202617656836,1.463213771183225,0
0.964073858567003,0.0,1.647319010761206,0.697684930971013,1.748579209181066,1.6223891388023381,-0.05629982231812761,1.4037749992596662,0.18613963853285548,0.0,0.0,-0.12123202617656836,0.7100908485760885,0
-0.07289576572182317,0.0,-0.5921311266741747,1.1946979528393167,0.7743258032623146,0.8889616434843537,1.4390297018431608,0.4822024803158727,-0.9231519911021343,1.0,0.0,-0.6804718122002787,1.5812035805507298,0
-0.07289576572182317,0.0,1.020324751826462,-0.8795103745102193,-0.681334676701895,-0.6641389848940414,0.34731683030805827,-0.18608610499023895,0.18613963853285548,0.0,1.0,-0.12123202617656836,-0.214985954300229,0
0.08350622611294847,0.0,-0.9444391811885324,0.697684930971013,-0.559874899907184,-0.32843814160131607,1.2633638065326638,-0.6142506050345212,-0.9231519911021343,1.0,0.0,-0.6804718122002787,1.0853654079265747,0
-1.4721891215616434,0.0,0.12596723534148388,-0.8795103745102193,-0.009245716007764368,-0.11268564702923983,-1.5072920519457886,0.6716623488153538,-2.032443620737124,0.0,0.0,-1.7989513842476996,-0.3255316202101993,0
0.2245460332616516,0.0,-1.329436447453843,-0.8795103745102193,-0.7757774547904827,-0.6352708672061055,0.021947609361985223,-0.3886420715982743,-0.9231519911021343,0.0,0.0,-0.6804718122002787,-0.45584458040430453,0
-0.6985221790742214,0.0,0.12596723534148388,-0.8795103745102193,1.8256779665975915,1.5468962185637367,1.0415732867811247,0.27869756895634124,-0.9231519911021343,0.0,0.0,-0.6804718122002787,1.4125812348446645,0
0.6865551185257461,0.0,0.461768744122683,-0.8795103745102193,-0.06929223331089521,-0.03363697408995959,1.107747819338259,0.057665153009515184,-0.9231519911021343,0.0,0.0,-0.6804718122002787,0.9250429601820878,0
0.8764122416617753,0.0,-1.686315314805773,1.5752618279022026,-0.016159361483408276,-0.0727088154730665,0.33333056902892305,0.057665153009515184,0.18613963853285548,1.0,0.0,-0.12123202617656836,-0.0005083572175074592,0
0.08350622611294847,0.0,0.461768744122683,-0.8795103745102193,-0.4399182704969495,-0.0925805927386985,1.5972287782319798,-0.781954627922395,-0.9231519911021343,0.0,0.0,-0.6804718122002787,1.6704165134786153,0
0.08350622611294847,0.0,-0.3251261608248572,-0.8795103745102193,0.07948374124040329,0.30086286343248403,-0.08500636257674449,0.11481150538227353,-0.9231519911021343,0.0,0.0,-0.6804718122002787,-0.12209119103979735,0
-0.07289576572182317,0.0,0.6405298909516516,-0.8795103745102193,-0.8002313873085796,-1.076306479538755,-0.5059682851583214,-0.781954627922395,-0.9231519911021343,0.0,1.0,-0.6804718122002787,-0.8087856373119048,0
-0.07289576572182317,0.0,-1.9215998710095312,-0.8795103745102193,1.0206311343408345,1.4396797791323088,0.5547226911301306,0.7619251298184915,1.2954312681678453,0.0,0.0,1.556487331894563,0.18939109541236815,0
0.4723153205103732,0.0,1.2215756502689943,-0.8795103745102193,1.8719003078015877,1.6501944964791433,1.1383790947465053,0.717138288650402,-0.9231519911021343,0.0,0.0,-0.6804718122002787,1.521102689444062,0
-1.4721891215616434,0.0,0.12596723534148388,-0.8795103745102193,-0.14487126837233977,-0.7238459676478477,-0.7419059021457265,-0.18608610499023895,0.18613963853285548,0.0,0.0,-0.12123202617656836,-0.5486967544326683,0
-1.4721891215616434,0.0,-0.5921311266741747,-0.8795103745102193,0.5747451753706834,0.42604475287671956,-1.5072920519457886,-0.0008867506627574296,1.2954312681678453,0.0,0.0,1.556487331894563,-0.45328827507437225,0
-1.4721891215616434,0.0,-0.7158720037692985,-0.8795103745102193,1.358435448382905,1.168059890047116,-1.5072920519457886,0.9347360339290371,0.18613963853285548,0.0,0.0,-0.12123202617656836,0.3642272749121143,0
0.8764122416617753,0.0,-1.686315314805773,1.5752618279022026,-0.016436624926200877,-0.0727088154730665,0.33333056902892305,0.057665153009515184,0.18613963853285548,0.0,0.0,-0.12123202617656836,-0.0006163092020758521,0
-1.4721891215616434,0.0,-0.18162350062635982,-0.8795103745102193,-2.271301413069049,-2.0979157852458847,-1.5072920519457886,-2.0268289954725063,-0.9231519911021343,0.0,1.0,-0.6804718122002787,-2.2568431171423695,1
0.964073858567003,0.0,1.872022146645339,1.1946979528393167,0.37058571676799257,0.4108119821788188,0.04579181165646059,0.17064504865893973,0.18613963853285548,0.0,0.0,-0.12123202617656836,0.0021867487182812913,0
-1.4721891215616434,0.0,-0.8332668783246234,-0.8795103745102193,-2.271301413069049,-2.0979157852458847,-1.5072920519457886,-2.0268289954725063,-0.9231519911021343,0.0,1.0,-0.6804718122002787,-2.2568431171423695,1
0.2245460332616516,1.0,-0.18162350062635982,-0.8795103745102193,-0.3521162598506749,-0.39933908986058203,0.06867303718851682,0.33105875939802537,0.18613963853285548,0.0,1.0,-0.12123202617656836,-0.32855948739614005,1
0.35339972946965464,0.0,0.8266788390641504,-0.8795103745102193,-0.6222611873357815,-0.693650698030738,0.021947609361985223,-0.8725708510892921,0.18613963853285548,0.0,1.0,-0.12123202617656836,-0.4729266002921892,0
-1.4721891215616434,0.0,-0.3251261608248572,-0.8795103745102193,-0.9113809689980364,-1.3629201294818385,-1.5072920519457886,-0.6960629002177537,-0.9231519911021343,0.0,1.0,-0.6804718122002787,-1.1560280926405853,0
2.0957599883376585,0.0,0.8266788390641504,1.8684208428384286,1.4270908021636075,0.8391648571679861,-0.11526604073060712,1.1382298578534331,2.404722897802835,0.0,0.0,2.6749669039419834,-0.25416654235631303,0
0.35339972946965464,0.0,-1.0495141476718508,1.1946979528393167,-0.3236581884686136,-0.11268564702923983,0.49334932010851695,2.424282180564849,1.2954312681678453,0.0,0.0,1.556487331894563,-0.3062212158909511,0
-0.07289576572182317,0.0,0.2902850510173811,-0.8795103745102193,0.17428282485449756,0.09670929282765271,-1.5072920519457886,0.6716623488153538,-2.032443620737124,0.0,0.0,-1.7989513842476996,-0.186644750516407,0
-1.4721891215616434,1.0,0.6405298909516516,-0.8795103745102193,-1.2790472269833673,-1.712049814457204,-0.2560831944486632,-1.0715844008170172,1.2954312681678453,0.0,1.0,1.556487331894563,-1.1513469244649006,1
-0.24938390894453497,0.0,-0.18162350062635982,-0.8795103745102193,-0.44186079769225006,-0.49941885605417785,-1.5072920519457886,0.27869756895634124,0.18613963853285548,0.0,1.0,-0.12123202617656836,-0.8425366559408751,1
0.08350622611294847,0.0,0.2902850510173811,-0.8795103745102193,0.06777643944302339,0.3644218685281948,0.11184436778086729,0.33105875939802537,-0.9231519911021343,0.0,0.0,-0.6804718122002787,-0.023129061447991237,0
0.35339972946965464,0.0,0.461768744122683,0.697684930971013,0.7458038881023441,0.34871995104993136,0.916253355558495,0.8495461729713818,-0.9231519911021343,0.0,0.0,-0.6804718122002787,0.901047282968947,0
0.8764122416617753,0.0,1.2215756502689943,0.697684930971013,0.18926903646326887,0.5725746557955739,0.40013516043213326,0.6716623488153538,0.18613963853285548,0.0,0.0,-0.12123202617656836,0.13453797179363,0
0.8764122416617753,0.0,1.2215756502689943,1.1946979528393167,1.112835665440161,1.0208011946350248,1.1155473095485038,1.2545582777324633,0.18613963853285548,0.0,0.0,-0.12123202617656836,1.1138842585328792,0
-0.4534932381131697,0.0,0.6405298909516516,-0.8795103745102193,-0.24701441667323626,0.06041869553875765,-0.9918459235005864,0.6716623488153538,-2.032443620737124,0.0,0.0,-1.7989513842476996,-0.4552321273011348,0
0.7841165927033555,0.0,-0.5921311266741747,1.1946979528393167,-0.4092778297492395,-0.13303146608600047,0.3873708945356991,2.101675587139568,2.404722897802835,0.0,0.0,2.6749669039419834,-0.727333548751797,0
0.6865551185257461,0.0,-1.793966719726717,0.697684930971013,0.6549206753121598,1.2008655030797615,0.9268502742541038,1.1382298578534331,-0.9231519911021343,1.0,0.0,-0.6804718122002787,0.8869527603053649,0
-0.07289576572182317,0.0,0.12596723534148388,-0.8795103745102193,-1.3874647004500376,-1.4836057089681398,-0.5059682851583214,-1.594191099233689,1.2954312681678453,0.0,1.0,1.556487331894563,-1.3472419459362495,1
-0.07289576572182317,0.0,0.8266788390641504,-0.8795103745102193,-0.7389516901052688,-0.852423195420382,-0.5059682851583214,-0.4609168016563328,-0.9231519911021343,0.0,1.0,-0.6804718122002787,-0.772672960117234,0
0.8764122416617753,0.0,0.8266788390641504,1.1946979528393167,0.7975668657788292,0.44116600526156535,0.9525708924540658,0.9347360339290371,-0.9231519911021343,0.0,0.0,-0.6804718122002787,0.9568000882386545,0
0.5829479787780677,0.0,2.104751684068571,-0.8795103745102193,-1.1316566668171593,-0.9965651623037695,0.04579181165646059,-0.8725708510892921,0.18613963853285548,0.0,1.0,-0.12123202617656836,-0.6217533601556743,1
-0.07289576572182317,0.0,0.12596723534148388,-0.8795103745102193,-0.41800363369701093,-0.1536259367112664,0.36097556023933375,-0.0008867506627574296,0.18613963853285548,0.0,1.0,-0.12123202617656836,-0.12097973128539745,0
-0.4534932381131697,1.0,-0.7158720037692985,-0.8795103745102193,-0.17885969148180839,-0.473750457681484,-1.5072920519457886,-0.6960629002177537,-0.9231519911021343,0.0,1.0,-0.6804718122002787,-0.5828330225528557,1
-0.07289576572182317,0.0,1.020324751826462,-0.8795103745102193,-1.3874647004500376,-1.4836057089681398,-0.5059682851583214,-1.594191099233689,-0.9231519911021343,0.0,1.0,-0.6804718122002787,-1.0939758796319052,0
-0.07289576572182317,0.0,-0.8332668783246234,-0.8795103745102193,-0.6920995772823624,-0.4237299919284973,-0.11526604073060712,1.5469755984553732,1.2954312681678453,0.0,0.0,1.556487331894563,-0.8605424003305917,0
1.348389454007024,0.0,-1.1486189098802198,0.697684930971013,1.8972125087537828,2.030725022791544,-1.5072920519457886,2.1621718427945305,-0.9231519911021343,0.0,0.0,-0.6804718122002787,0.8033307465172248,0
1.8389246320946688,0.0,-0.46192253572791986,1.4347876498624124,1.954479286144467,2.1030992531023536,-0.3919063374300445,2.424282180564849,-0.9231519911021343,0.0,0.0,-0.6804718122002787,0.8903626763842031,0
-1.4721891215616434,0.0,-0.46192253572791986,-0.8795103745102193,-0.161754545558642,-1.076306479538755,-1.5072920519457886,-0.781954627922395,0.18613963853285548,0.0,0.0,-0.12123202617656836,-0.6449268373403397,0
1.5465566591620816,0.0,-1.686315314805773,1.1946979528393167,0.8107419329566069,1.3177454937169992,0.8303397949053458,1.0583591808618793,-0.9231519911021343,1.0,0.0,-0.6804718122002787,0.8412185844628884,0
0.35339972946965464,0.0,0.461768744122683,-0.8795103745102193,1.7400028567551493,1.537317071290184,-1.1855370315326892,1.0583591808618793,0.18613963853285548,0.0,0.0,-0.12123202617656836,0.6018973537611318,0
-1.4721891215616434,0.0,-0.3251261608248572,-0.8795103745102193,-1.2329377919145452,-1.6271094250024807,-1.5072920519457886,-1.594191099233689,-0.9231519911021343,0.0,1.0,-0.6804718122002787,-1.4290281805441198,0
-0.4534932381131697,0.0,-0.3251261608248572,-0.8795103745102193,0.7375232736452159,0.58668938306937,-1.5072920519457886,-0.12263695232921346,1.2954312681678453,0.0,0.0,1.556487331894563,-0.35915315154793526,0
-0.07289576572182317,0.0,-1.1486189098802198,-0.8795103745102193,-1.3874647004500376,-1.4836057089681398,-0.08500636257674449,-1.594191099233689,1.2954312681678453,0.0,1.0,1.556487331894563,-1.0466806659344412,0
-1.4721891215616434,0.0,-0.3251261608248572,-0.8795103745102193,-0.200962945212109,-0.9965651623037695,-1.5072920519457886,-0.5360063772889603,0.18613963853285548,0.0,0.0,-0.12123202617656836,-0.6724236115230492,0
0.5829479787780677,0.0,0.12596723534148388,0.697684930971013,1.1028432865377995,0.9134738420375053,1.091850671276482,1.1382298578534331,0.18613963853285548,0.0,0.0,-0.12123202617656836,1.0844738535939726,0
0.35339972946965464,0.0,0.8266788390641504,0.697684930971013,0.925355735281373,1.1124339195920343,1.6873625272824433,1.1774541226784172,0.18613963853285548,0.0,0.0,-0.12123202617656836,1.862393429440743,0
1.6685246921819126,0.0,0.12596723534148388,1.8449234868866584,1.3148933314138007,0.58668938306937,-0.5059682851583214,0.9347360339290371,2.404722897802835,0.0,0.0,2.6749669039419834,-0.354303400815354,0
-0.6985221790742214,0.0,1.430538452483767,-0.8795103745102193,-1.1888825432379688,-1.1185646336077608,-0.05629982231812761,-0.781954627922395,-0.9231519911021343,0.0,1.0,-0.6804718122002787,-0.6613832975979579,0
0.2245460332616516,0.0,-1.8833563609753177,-0.8795103745102193,1.0657301861951292,1.5083826254463537,0.860337685462238,1.0583591808618793,2.404722897802835,0.0,0.0,2.6749669039419834,0.00043573720260852024,0
-1.4721891215616434,0.0,-1.0495141476718508,-0.8795103745102193,-0.9431245666219559,-1.257338550726375,0.021947609361985223,-1.4393186048761482,1.2954312681678453,0.0,1.0,1.556487331894563,-0.8556367300673783,0
-0.4534932381131697,0.0,0.12596723534148388,-0.8795103745102193,-0.5153701440113355,-0.2169867647588109,0.33333056902892305,-0.0008867506627574296,0.18613963853285548,0.0,1.0,-0.12123202617656836,-0.17710181942939338,0
0.6865551185257461,0.0,0.461768744122683,0.697684930971013,0.31392879427118187,0.2518203896575308,-0.5059682851583214,-0.3886420715982743,0.18613963853285548,0.0,0.0,-0.12123202617656836,-0.20923318672714916,0
0.8764122416617753,0.0,1.872022146645339,0.697684930971013,0.34359773396365473,0.44116600526156535,-0.0029467479771157737,0.17064504865893973,0.18613963853285548,0.0,0.0,-0.12123202617656836,-0.03319479932956528,0
1.6685246921819126,1.0,0.461768744122683,-0.8795103745102193,-0.8168983838728388,-0.11268564702923983,0.1322625095167463,0.057665153009515184,0.18613963853285548,0.0,1.0,-0.12123202617656836,-0.4484584919650114,1
0.4723153205103732,0.0,0.461768744122683,-0.8795103745102193,0.374862062449362,0.3644218685281948,0.06867303718851682,-0.31889890269653554,-0.9231519911021343,0.0,0.0,-0.6804718122002787,0.1056757453129331,0
-1.4721891215616434,1.0,-0.03129755540730531,-0.8795103745102193,-1.3660571921868698,-1.9318764786094749,-0.9918459235005864,-1.594191099233689,1.2954312681678453,0.0,1.0,1.556487331894563,-1.5840998362928647,1
0.4723153205103732,0.0,-0.46192253572791986,-0.8795103745102193,-0.050687766413276235,-0.37533744672449043,-0.5059682851583214,-0.5360063772889603,0.18613963853285548,0.0,1.0,-0.12123202617656836,-0.4333176341091103,1
0.964073858567003,0.0,1.430538452483767,1.1946979528393167,0.6693432616534551,0.7624248672142554,-0.02899096777841141,-0.2514482231001947,0.18613963853285548,0.0,0.0,-0.12123202617656836,0.12902083302268594,0
0.964073858567003,0.0,0.12596723534148388,0.697684930971013,-0.1562050483021303,0.16722133829873997,1.6292519001310963,0.11481150538227353,0.18613963853285548,0.0,0.0,-0.12123202617656836,1.6154651964177082,0
0.7841165927033555,0.0,-0.8332668783246234,-0.8795103745102193,-0.629172039099295,-0.3055111642679678,0.2073487160052933,-0.12263695232921346,-0.9231519911021343,0.0,0.0,-0.6804718122002787,-0.24503088962589584,0
1.047621135607331,0.0,0.8266788390641504,-0.8795103745102193,0.2900111883443485,0.2015103997107105,-0.5059682851583214,0.6716623488153538,-2.032443620737124,0.0,0.0,-1.7989513842476996,0.007850266520002388,0
-0.4534932381131697,0.0,0.6405298909516516,-0.8795103745102193,-0.24701441667323626,0.06041869553875765,-0.9918459235005864,0.6716623488153538,-2.032443620737124,0.0,0.0,-1.7989513842476996,-0.4552321273011348,0
0.35339972946965464,0.0,0.12596723534148388,-0.8795103745102193,0.20434577094578968,0.06041869553875765,-1.5072920519457886,0.5307740080750752,-2.032443620737124,0.0,0.0,-1.7989513842476996,-0.1648629055795516,0
-1.4721891215616434,0.0,-1.8408659249517312,-0.8795103745102193,-1.0426789981874218,-1.3085554486041324,-1.5072920519457886,-0.5360063772889603,-0.9231519911021343,0.0,0.0,-0.6804718122002787,-1.2638824648558102,0
0.5829479787780677,0.0,0.2902850510173811,1.1946979528393167,0.04407097953485053,0.14984108315703443,1.26642113817884,0.8924329275229498,-0.9231519911021343,0.0,0.0,-0.6804718122002787,1.1779294830709728,0
-0.4534932381131697,0.0,-0.18162350062635982,0.697684930971013,-1.0701936650143569,-1.6271094250024807,-0.8519084961219504,-1.4393186048761482,2.404722897802835,0.0,0.0,2.6749669039419834,-1.5573731215853313,0
-1.4721891215616434,0.0,-0.03129755540730531,-0.8795103745102193,-0.5393025044169076,-0.7864686628999003,-1.5072920519457886,-1.3040579861083508,0.18613963853285548,0.0,0.0,-0.12123202617656836,-0.9174309568938102,0
1.4166903618380977,0.0,-0.18162350062635982,1.1946979528393167,-0.4646406444683097,-0.13303146608600047,0.3743221429122441,0.057665153009515184,-0.9231519911021343,0.0,0.0,-0.6804718122002787,-0.036628325672668945,0
0.4723153205103732,0.0,-1.793966719726717,1.4347876498624124,0.357688125836744,-0.05306319911326454,1.362483192466787,-0.4609168016563328,0.18613963853285548,0.0,0.0,-0.12123202617656836,1.2507830557556383,0
0.8764122416617753,0.0,2.104751684068571,1.4347876498624124,0.8045829166724396,0.736266616845703,1.3020043473276863,0.717138288650402,1.2954312681678453,0.0,0.0,1.556487331894563,0.7799114991307451,0
0.5829479787780677,0.0,-0.03129755540730531,0.697684930971013,-0.059242857691736234,0.04199850807495892,1.1886286485318256,0.057665153009515184,-0.9231519911021343,0.0,0.0,-0.6804718122002787,1.0435556411496667,0
-0.07289576572182317,0.0,-1.7425011089148845,0.697684930971013,-0.45280073372117047,-0.7238459676478477,0.09066795769800697,-0.6142506050345212,0.18613963853285548,0.0,0.0,-0.12123202617656836,-0.35627534580863063,0
-1.4721891215616434,0.0,0.12596723534148388,-0.8795103745102193,0.6534719705316494,0.42604475287671956,1.2123245337616075,0.2252488320656032,0.18613963853285548,0.0,0.0,-0.12123202617656836,1.1044223137828602,0
0.7841165927033555,0.0,1.2215756502689943,-0.8795103745102193,0.2877571605629756,0.33289458399522215,-0.2560831944486632,0.9764777356110778,-2.032443620737124,0.0,0.0,-1.7989513842476996,0.07868431165078217,0
-1.012053753692239,0.0,-2.1041567749041574,-0.8795103745102193,-0.5919425671109304,-1.1185646336077608,-1.5072920519457886,-1.0715844008170172,-0.9231519911021343,0.0,0.0,-0.6804718122002787,-0.8994978203589327,1
-1.4721891215616434,0.0,-0.46192253572791986,-0.8795103745102193,0.004479403869593535,0.23519554831297898,-1.5072920519457886,0.057665153009515184,-0.9231519911021343,0.0,0.0,-0.6804718122002787,-0.44333187488671494,0
0.6865551185257461,0.0,1.2215756502689943,1.1946979528393167,0.9347211448689455,1.1459547502360705,1.6952594330540645,1.2545582777324633,0.18613963853285548,0.0,0.0,-0.12123202617656836,1.8771573877252572,0
0.08350622611294847,0.0,1.647319010761206,0.697684930971013,-0.25796216123854504,-0.1955945586379102,1.509520155015006,-0.0609482951462328,1.2954312681678453,0.0,0.0,1.556487331894563,0.9022229513971282,0
-1.4721891215616434,0.0,-0.18162350062635982,-0.8795103745102193,-0.9862615738236472,-0.6070100507667666,-0.34278061469339505,-1.4393186048761482,0.18613963853285548,0.0,1.0,-0.12123202617656836,-0.8691989215755235,0
0.4723153205103732,0.0,-1.8408659249517312,-0.8795103745102193,0.5986435929650842,1.1236567054531974,0.6612385671642586,0.8495461729713818,-2.032443620737124,1.0,0.0,-1.7989513842476996,0.7963119384788586,0
-0.4534932381131697,0.0,-0.46192253572791986,-0.8795103745102193,0.17428282485449756,-0.01442369443343163,-1.5072920519457886,0.6254659586163507,-2.032443620737124,0.0,0.0,-1.7989513842476996,-0.18772001468736466,0
0.4723153205103732,0.0,0.2902850510173811,-0.8795103745102193,-0.2890028773740385,-0.2169867647588109,0.2737585998685261,0.5785153380242523,0.18613963853285548,0.0,1.0,-0.12123202617656836,-0.15126907116842161,1
0.8764122416617753,0.0,-1.8833563609753177,-0.8795103745102193,1.1505085379021278,1.556443027647991,0.7005805871445804,0.8924329275229498,1.2954312681678453,0.0,0.0,1.556487331894563,0.32759542470625175,0
1.6084561656599872,0.0,-1.2418825974008505,1.4347876498624124,0.7421857320470956,1.3281195031310904,0.8719364196494802,1.1774541226784172,-0.9231519911021343,1.0,0.0,-0.6804718122002787,0.8585401380647113,0
-1.4721891215616434,0.0,0.2902850510173811,-0.8795103745102193,-0.3521162598506749,-0.05306319911326454,-1.5072920519457886,0.5785153380242523,-2.032443620737124,0.0,0.0,-1.7989513842476996,-0.5879880301920537,0
0.08350622611294847,0.0,0.6405298909516516,0.697684930971013,1.3786292814652306,1.2863791590579898,-1.5072920519457886,1.3299641777568034,1.2954312681678453,0.0,0.0,1.556487331894563,-0.0008727408215677193,0
0.35339972946965464,0.0,0.2902850510173811,0.697684930971013,-0.18513624265084908,-0.23866380856018854,1.4861469047202425,-0.2514482231001947,0.18613963853285548,0.0,0.0,-0.12123202617656836,1.3661820117117571,0
1.047621135607331,0.0,-0.5921311266741747,1.7315706229742622,1.2478875330952404,0.5005780712198213,-1.5072920519457886,0.8060520324363187,1.2954312681678453,0.0,0.0,1.556487331894563,-0.07607754165756742,0
-1.4721891215616434,0.0,-1.9557629104763974,-0.8795103745102193,-0.6153962590890891,-0.9965651623037695,-0.21737965524864494,-0.8725708510892921,-0.9231519911021343,0.0,0.0,-0.6804718122002787,-0.5573587106656037,0
-1.4721891215616434,0.0,-0.03129755540730531,-0.8795103745102193,-0.16484784966470695,-0.8189996955752258,-1.5072920519457886,-0.6142506050345212,0.18613963853285548,0.0,0.0,-0.12123202617656836,-0.6455863118591222,0
-0.24938390894453497,0.0,1.2215756502689943,1.1946979528393167,0.7218951087232388,0.5440656997790116,1.26642113817884,0.5307740080750752,0.18613963853285548,0.0,0.0,-0.12123202617656836,1.191982033656711,0
0.4723153205103732,0.0,0.6405298909516516,0.697684930971013,0.09750845969818887,0.44116600526156535,0.06867303718851682,0.27869756895634124,0.18613963853285548,0.0,0.0,-0.12123202617656836,-0.11988472867688486,0
-0.4534932381131697,0.0,0.461768744122683,0.697684930971013,0.7078896809912263,0.5151728517444565,1.2351626735187333,0.33105875939802537,0.18613963853285548,0.0,0.0,-0.12123202617656836,1.1473903386732025,0
0.6865551185257461,0.0,-0.03129755540730531,1.4347876498624124,-0.5342201434299061,-0.13303146608600047,1.3020043473276863,-0.3886420715982743,0.18613963853285548,1.0,0.0,-0.12123202617656836,1.0287482428146932,0
-1.4721891215616434,0.0,-0.18162350062635982,-0.8795103745102193,-0.1772953108588231,-1.1185646336077608,1.7955566320467273,-1.7800759131583497,0.18613963853285548,0.0,0.0,-0.12123202617656836,1.9162278526906769,0
0.5829479787780677,1.0,-1.9860170239087698,1.1946979528393167,-0.39090425133211293,-0.6641389848940414,-0.11526604073060712,-0.5360063772889603,0.18613963853285548,0.0,0.0,-0.12123202617656836,-0.4617507226386857,1
0.2245460332616516,0.0,1.020324751826462,-0.8795103745102193,-0.8281797472934255,-0.852423195420382,-0.0029467479771157737,-0.6960629002177537,0.18613963853285548,0.0,1.0,-0.12123202617656836,-0.5692590455537179,0
0.2245460332616516,0.0,-0.18162350062635982,1.4347876498624124,0.8571932449516828,0.8011120777105697,0.28923433604572274,0.8495461729713818,2.404722897802835,0.0,0.0,2.6749669039419834,-0.37555756277468205,0
-1.012053753692239,0.0,-0.03129755540730531,-0.8795103745102193,-0.22021736008882445,-0.1536259367112664,1.1746768421402496,0.057665153009515184,-0.9231519911021343,0.0,0.0,-0.6804718122002787,0.9950456931844112,0
-0.6985221790742214,0.0,0.8266788390641504,-0.8795103745102193,-0.9541932250890596,-1.0356937365568895,-0.0029467479771157737,-0.781954627922395,1.2954312681678453,0.0,1.0,1.556487331894563,-0.8762071612872022,1
-0.4534932381131697,0.0,0.461768744122683,-0.8795103745102193,-0.2855908196426797,-0.05306319911326454,-1.5072920519457886,0.4822024803158727,-2.032443620737124,0.0,0.0,-1.7989513842476996,-0.5361468551145445,0
0.2245460332616516,1.0,-0.46192253572791986,-0.8795103745102193,-0.2890028773740385,-0.3517088458005675,0.1322625095167463,0.5307740080750752,0.18613963853285548,0.0,1.0,-0.12123202617656836,-0.2582322244416079,1
-1.4721891215616434,0.0,-1.1486189098802198,-0.8795103745102193,-0.8310219651381187,-0.5521808457454166,1.2351626735187333,-0.781954627922395,-0.9231519911021343,1.0,0.0,-0.6804718122002787,1.0116485173159786,0
-1.4721891215616434,0.0,-0.46192253572791986,-0.8795103745102193,-2.271301413069049,-2.0979157852458847,-1.5072920519457886,-2.0268289954725063,0.18613963853285548,0.0,0.0,-0.12123202617656836,-2.2568431171423695,0
0.08350622611294847,0.0,0.12596723534148388,-0.8795103745102193,-0.052109895356875297,-0.7864686628999003,-0.5059682851583214,-0.5360063772889603,0.18613963853285548,0.0,0.0,-0.12123202617656836,-0.4367356903411005,0
0.8764122416617753,0.0,0.12596723534148388,-0.8795103745102193,0.31570251652897474,0.2015103997107105,-1.5072920519457886,0.8060520324363187,-2.032443620737124,0.0,0.0,-1.7989513842476996,-0.08214526085450803,0
0.5829479787780677,0.0,0.461768744122683,-0.8795103745102193,-0.22735110260739752,0.09670929282765271,1.6344397856227333,0.2252488320656032,0.18613963853285548,0.0,0.0,-0.12123202617656836,1.617640216250597,0
0.8764122416617753,0.0,-1.487950860074402,1.1946979528393167,-0.14639713798508358,-0.23866380856018854,0.40013516043213326,-0.2514482231001947,0.18613963853285548,0.0,0.0,-0.12123202617656836,0.004230296157374292,0
0.08350622611294847,1.0,1.430538452483767,-0.8795103745102193,-0.8293155719737276,-1.0356937365568895,0.1322625095167463,-0.6960629002177537,1.2954312681678453,0.0,1.0,1.556487331894563,-0.7397274609665099,1
-1.4721891215616434,0.0,-1.7425011089148845,-0.8795103745102193,-0.5839447744118021,-0.6641389848940414,0.5145209391695161,-0.2514482231001947,-0.9231519911021343,0.0,0.0,-0.6804718122002787,0.06998506156547073,0
0.964073858567003,0.0,1.020324751826462,-0.8795103745102193,-0.19841751017656048,0.09670929282765271,-0.1472620689342646,-0.0609482951462328,0.18613963853285548,0.0,1.0,-0.12123202617656836,-0.37859828310916405,0
-0.24938390894453497,0.0,0.2902850510173811,-0.8795103745102193,0.30503014882686585,0.42604475287671956,-1.5072920519457886,0.17064504865893973,0.18613963853285548,0.0,0.0,-0.12123202617656836,-0.31188041939616945,0
-0.6985221790742214,0.0,-2.012539412635226,0.697684930971013,-0.22248282914125206,-0.37533744672449043,-0.18121248900618253,-0.4609168016563328,0.18613963853285548,0.0,0.0,-0.12123202617656836,-0.41092099688966105,0
1.6084561656599872,0.0,-0.18162350062635982,1.1946979528393167,1.8411816077450722,1.9399502206792854,0.4368416794280404,0.5785153380242523,0.18613963853285548,0.0,0.0,-0.12123202617656836,0.9093734840616517,0
-0.4534932381131697,0.0,-0.8332668783246234,-0.8795103745102193,-0.8717808889359635,-1.0356937365568895,-0.02899096777841141,-1.594191099233689,1.2954312681678453,0.0,1.0,1.556487331894563,-0.8702698414434362,0
0.08350622611294847,0.0,-0.3251261608248572,0.697684930971013,-0.11174155851506987,-0.11268564702923983,1.171140004211083,-0.0609482951462328,-0.9231519911021343,0.0,0.0,-0.6804718122002787,1.008219122098206,0
0.6865551185257461,1.0,0.2902850510173811,-0.8795103745102193,-0.22572626169856652,-0.1955945586379102,0.40013516043213326,0.717138288650402,0.18613963853285548,0.0,1.0,-0.12123202617656836,-0.02299111002981182,1
1.9453374865592172,0.0,0.2902850510173811,1.4347876498624124,1.8642562248912875,2.0225805393741205,0.49334932010851695,0.5307740080750752,0.18613963853285548,0.0,0.0,-0.12123202617656836,0.9454438827804402,0
0.6865551185257461,0.0,1.020324751826462,-0.8795103745102193,-0.8281797472934255,-0.958783742641671,-0.1472620689342646,-1.594191099233689,0.18613963853285548,0.0,1.0,-0.12123202617656836,-0.6767574701913873,1
1.2040372514157516,0.0,-0.5921311266741747,0.697684930971013,-0.4968390495326654,-0.17447737485093776,0.31900021497714,-0.0008867506627574296,-0.9231519911021343,0.0,0.0,-0.6804718122002787,-0.09918882303588107,0
-1.4721891215616434,0.0,-0.18162350062635982,-0.8795103745102193,-2.271301413069049,-2.0979157852458847,-1.5072920519457886,-2.0268289954725063,1.2954312681678453,0.0,0.0,1.556487331894563,-2.2568431171423695,0
-1.4721891215616434,0.0,-1.329436447453843,-0.8795103745102193,-0.014220067813862685,0.06041869553875765,-0.8519084961219504,0.057665153009515184,0.18613963853285548,0.0,0.0,-0.12123202617656836,-0.4768637602723615,0
0.35339972946965464,0.0,-1.2418825974008505,0.697684930971013,-0.46345104309141494,-0.23866380856018854,0.15197615836469722,1.9146749118999498,1.2954312681678453,0.0,0.0,1.556487331894563,-0.6103065494419668,0
-0.6985221790742214,0.0,-0.46192253572791986,-0.8795103745102193,-0.4674212839252253,-0.5521808457454166,-0.11526604073060712,0.2252488320656032,0.18613963853285548,0.0,1.0,-0.12123202617656836,-0.496825930097921,1
1.348389454007024,0.0,0.461768744122683,1.1946979528393167,0.7128038996285492,0.8265493748173808,0.2737585998685261,0.2252488320656032,-0.9231519911021343,0.0,0.0,-0.6804718122002787,0.38362722376130703,0
-0.07289576572182317,0.0,0.6405298909516516,-0.8795103745102193,-0.1857655817860337,0.0786539932463993,-0.29771809938538085,0.8060520324363187,-2.032443620737124,0.0,0.0,-1.7989513842476996,-0.22520587647546544,0
0.964073858567003,0.0,-1.0495141476718508,-0.8795103745102193,-0.9431245666219559,-0.7547689557144309,-0.5059682851583214,-1.3040579861083508,0.18613963853285548,0.0,1.0,-0.12123202617656836,-0.9438228015369745,0
1.9453374865592172,1.0,1.020324751826462,1.8684208428384286,1.3457190792848253,0.736266616845703,-0.21737965524864494,1.216225360090411,2.404722897802835,1.0,0.0,2.6749669039419834,-0.30583284883694767,0
-1.4721891215616434,0.0,-0.9444391811885324,-0.8795103745102193,-1.0281980625799656,-1.1626600424566094,0.11184436778086729,-1.0715844008170172,1.2954312681678453,0.0,1.0,1.556487331894563,-0.8071226493466747,0
-0.24938390894453497,0.0,0.12596723534148388,-0.8795103745102193,1.4147654171513526,1.2863791590579898,-0.21737965524864494,1.2924668108586557,0.18613963853285548,0.0,0.0,-0.12123202617656836,0.49271426126437556,0
-0.4534932381131697,0.0,-1.8833563609753177,1.1946979528393167,-0.19714668827090723,-0.32843814160131607,0.09066795769800697,-0.18608610499023895,0.18613963853285548,0.0,0.0,-0.12123202617656836,-0.24705913533958143,0
1.6685246921819126,0.0,1.020324751826462,1.5752618279022026,1.258538047574357,1.168059890047116,1.1421047974645455,1.1774541226784172,0.18613963853285548,0.0,0.0,-0.12123202617656836,1.1879185442653761,0
0.7841165927033555,0.0,1.872022146645339,1.1946979528393167,0.672930766662871,0.7493831664814768,0.09066795769800697,-0.12263695232921346,0.18613963853285548,0.0,0.0,-0.12123202617656836,0.17741055107314732,0
0.7841165927033555,0.0,1.430538452483767,1.1946979528393167,-0.014220067813862685,0.1145892787914231,1.2541023016570314,0.4822024803158727,-0.9231519911021343,0.0,0.0,-0.6804718122002787,1.1491997512138865,0
1.4166903618380977,0.0,-0.3251261608248572,1.1946979528393167,1.8142462506022905,1.9062726759983422,0.34731683030805827,0.33105875939802537,0.18613963853285548,0.0,0.0,-0.12123202617656836,0.8605411006918827,0
-0.24938390894453497,1.0,-0.18162350062635982,-0.8795103745102193,-0.15405327124639726,-0.4237299919284973,-0.9918459235005864,-0.3886420715982743,-0.9231519911021343,0.0,1.0,-0.6804718122002787,-0.5206604201177688,1
-0.6985221790742214,0.0,1.020324751826462,-0.8795103745102193,0.5600934598845968,0.58668938306937,-0.34278061469339505,-0.3886420715982743,-0.9231519911021343,0.0,0.0,-0.6804718122002787,0.06463942469306208,0
-0.07289576572182317,0.0,0.461768744122683,0.697684930971013,-1.3874647004500376,-1.4836057089681398,-0.5059682851583214,-1.594191099233689,2.404722897802835,0.0,0.0,2.6749669039419834,-1.535299948328361,0
0.7841165927033555,0.0,-0.03129755540730531,1.1946979528393167,0.6385541564454026,0.736266616845703,0.36097556023933375,0.8495461729713818,-0.9231519911021343,0.0,0.0,-0.6804718122002787,0.39871780064143303,0
1.348389454007024,0.0,1.020324751826462,1.4347876498624124,0.9127975973425311,0.6007130929660973,0.9916157734613981,0.9347360339290371,-0.9231519911021343,0.0,0.0,-0.6804718122002787,1.0365908663162124,0
0.08350622611294847,0.0,0.6405298909516516,1.4347876498624124,0.7802479172032978,0.9617604693161732,1.4796229245622161,0.8495461729713818,-0.9231519911021343,1.0,0.0,-0.6804718122002787,1.6447903287417671,0
1.8927920133992675,0.0,-0.5921311266741747,1.5752618279022026,1.9480704168310554,2.0791568101867024,-0.5059682851583214,2.2513218944044526,-0.9231519911021343,1.0,0.0,-0.6804718122002787,0.8750636089082171,0
0.5829479787780677,0.0,-0.03129755540730531,1.667066840949515,0.8861558873863172,1.0324411393024084,1.5074298672141886,1.2924668108586557,-0.9231519911021343,1.0,0.0,-0.6804718122002787,1.7095200348447162,0
-0.24938390894453497,0.0,-0.18162350062635982,-0.8795103745102193,0.6025638901527411,0.5583673103886344,-1.5072920519457886,-0.6142506050345212,-0.9231519911021343,0.0,0.0,-0.6804718122002787,-0.027983075349011982,0
-1.012053753692239,0.0,-1.1486189098802198,-0.8795103745102193,-0.7134840783530633,-1.0356937365568895,0.04579181165646059,-1.7800759131583497,1.2954312681678453,0.0,1.0,1.556487331894563,-0.7686367293388061,0
-0.4534932381131697,0.0,-0.8332668783246234,-0.8795103745102193,0.4738701988439756,0.45617790096966415,-0.7419059021457265,-0.2514482231001947,-0.9231519911021343,0.0,0.0,-0.6804718122002787,-0.06250120917245,1
-1.4721891215616434,0.0,0.6405298909516516,-0.8795103745102193,-1.1695841334856294,-1.1185646336077608,-0.7419059021457265,-1.1826182295476602,0.18613963853285548,0.0,1.0,-0.12123202617656836,-1.183994904215942,0
-0.07289576572182317,0.0,0.461768744122683,0.697684930971013,0.7409780880825195,0.5296681287064666,1.2633638065326638,0.4822024803158727,0.18613963853285548,0.0,0.0,-0.12123202617656836,1.1923471848579057,0
0.2245460332616516,0.0,0.461768744122683,-0.8795103745102193,1.683497361719041,1.4297244056875984,-1.5072920519457886,0.9764777356110778,0.18613963853285548,0.0,0.0,-0.12123202617656836,0.5613678500310837,0
1.348389454007024,0.0,-1.6252591166453392,1.1946979528393167,0.6996106718699544,1.2332611690125022,0.811606602745049,1.1382298578534331,-0.9231519911021343,1.0,0.0,-0.6804718122002787,0.7835968080211055,0
-0.6985221790742214,0.0,-1.4114139258166871,-0.8795103745102193,-0.5216173450239294,-0.5521808457454166,0.30430790550158904,-0.12263695232921346,-0.9231519911021343,0.0,0.0,-0.6804718122002787,-0.12305140940813275,0
-1.4721891215616434,0.0,-0.5921311266741747,-0.8795103745102193,-2.271301413069049,-2.0979157852458847,-1.5072920519457886,-2.0268289954725063,0.18613963853285548,0.0,0.0,-0.12123202617656836,-2.2568431171423695,0
0.2245460332616516,0.0,0.461768744122683,0.697684930971013,1.4289337388451488,1.3384534974805933,-0.29771809938538085,1.2545582777324633,1.2954312681678453,0.0,0.0,1.556487331894563,0.09632484762731253,0
-0.07289576572182317,0.0,0.12596723534148388,0.697684930971013,-1.3874647004500376,-1.4836057089681398,-0.5059682851583214,-1.594191099233689,2.404722897802835,0.0,0.0,2.6749669039419834,-1.535299948328361,0
-0.4534932381131697,0.0,0.2902850510173811,-0.8795103745102193,0.21549654091750975,0.18444317316632383,-1.5072920519457886,-0.31889890269653554,-0.9231519911021343,0.0,0.0,-0.6804718122002787,-0.2954633940684468,0
1.6685246921819126,1.0,-0.3251261608248572,1.4347876498624124,1.895196947226663,2.0550333058192183,-1.5072920519457886,2.3959250697011876,-0.9231519911021343,0.0,0.0,-0.6804718122002787,0.8022995511334612,0
-0.24938390894453497,0.0,-0.9444391811885324,0.697684930971013,-0.6716481128919547,-0.39933908986058203,1.2572045377803682,-0.6142506050345212,-0.9231519911021343,1.0,0.0,-0.6804718122002787,1.063143093282875,0
1.047621135607331,0.0,1.020324751826462,1.1946979528393167,1.1446279710456841,1.067037138915206,1.1270672382330378,1.2924668108586557,0.18613963853285548,0.0,0.0,-0.12123202617656836,1.1363797516977463,0
-1.4721891215616434,0.0,-1.4114139258166871,-0.8795103745102193,-0.7271536796435951,-0.5521808457454166,-0.05629982231812761,1.850364597445138,1.2954312681678453,0.0,0.0,1.556487331894563,-0.838103863993696,0
-0.07289576572182317,0.0,0.12596723534148388,1.4347876498624124,0.7184038777897491,0.8517128778170655,1.4201328643249453,0.7619251298184915,-0.9231519911021343,1.0,0.0,-0.6804718122002787,1.5409364534124244,0
-0.4534932381131697,0.0,-0.03129755540730531,-0.8795103745102193,-0.14334717192102034,-0.0925805927386985,1.1816914082439107,0.057665153009515184,-0.9231519911021343,0.0,0.0,-0.6804718122002787,1.0183784819200214,0
1.1274872107053646,0.0,-1.5591855870497442,1.667066840949515,0.00037602643803610604,-0.01442369443343163,0.40013516043213326,0.17064504865893973,0.18613963853285548,1.0,0.0,-0.12123202617656836,0.05854017304683837,0
-1.4721891215616434,0.0,0.12596723534148388,-0.8795103745102193,-0.595964390666399,-0.693650698030738,0.11184436778086729,-0.8725708510892921,1.2954312681678453,0.0,0.0,1.556487331894563,-0.6836781582569107,0
0.8764122416617753,0.0,1.872022146645339,1.4347876498624124,0.4013363156289113,0.58668938306937,-0.02899096777841141,0.5785153380242523,0.18613963853285548,0.0,0.0,-0.12123202617656836,-0.013326081733683746,0
0.8764122416617753,0.0,0.461768744122683,1.1946979528393167,1.936691746197003,1.7050191264207413,1.18516958449124,1.1774541226784172,-0.9231519911021343,0.0,0.0,-0.6804718122002787,1.5909708992177138,0
1.5465566591620816,0.0,0.12596723534148388,1.8159218925086418,1.350814513548485,0.6830282263656221,-0.9918459235005864,0.9764777356110778,1.2954312681678453,0.0,0.0,1.556487331894563,-0.005675826293779031,0
-1.4721891215616434,0.0,-1.0495141476718508,-0.8795103745102193,-1.119439240748944,-1.4210117268426015,-0.02899096777841141,-1.4393186048761482,1.2954312681678453,0.0,0.0,1.556487331894563,-0.9417348717212631,0
-1.4721891215616434,0.0,0.461768744122683,-0.8795103745102193,-1.4610287632747716,-1.3629201294818385,0.2415078628653102,-1.0715844008170172,0.18613963853285548,0.0,1.0,-0.12123202617656836,-0.48896688882353856,1
0.35339972946965464,0.0,-1.5591855870497442,1.4347876498624124,-0.11680773512085459,-0.11268564702923983,0.34731683030805827,0.17064504865893973,0.18613963853285548,0.0,0.0,-0.12123202617656836,-0.028080115700095228,0
-1.4721891215616434,0.0,-2.0715886207378653,-0.8795103745102193,-0.6185942274674393,-0.9965651623037695,-1.5072920519457886,-1.1826182295476602,0.18613963853285548,0.0,0.0,-0.12123202617656836,-0.978806355464306,1
-0.07289576572182317,0.0,-0.03129755540730531,-0.8795103745102193,0.587582025750166,0.6146473417131381,-1.5072920519457886,-0.8725708510892921,-0.9231519911021343,0.0,0.0,-0.6804718122002787,-0.0375095221848967,0
-0.07289576572182317,0.0,-1.487950860074402,-0.8795103745102193,-1.3754764039427794,-0.958783742641671,-1.5072920519457886,-1.7800759131583497,-0.9231519911021343,0.0,1.0,-0.6804718122002787,-1.5403842276341408,0
0.2245460332616516,0.0,-0.5921311266741747,-0.8795103745102193,0.509674709264466,0.5725746557955739,-0.3919063374300445,-0.12263695232921346,-0.9231519911021343,0.0,0.0,-0.6804718122002787,0.022639381972204997,1
-1.4721891215616434,0.0,0.461768744122683,-0.8795103745102193,-0.6131180194442066,-0.3055111642679678,0.3743221429122441,0.11481150538227353,0.18613963853285548,0.0,1.0,-0.12123202617656836,-0.16798794906657216,0
1.047621135607331,0.0,-0.7158720037692985,1.1946979528393167,-0.1857655817860337,0.02338831919764908,0.424859269722891,2.040287070344547,2.404722897802835,0.0,0.0,2.6749669039419834,-0.6442404628644915,0
1.047621135607331,0.0,1.020324751826462,0.697684930971013,0.31570251652897474,0.30086286343248403,-0.4459281988232748,0.8495461729713818,-2.032443620737124,0.0,0.0,-1.7989513842476996,0.03988259986545453,0
-0.4534932381131697,0.0,0.461768744122683,-0.8795103745102193,0.8770319240346023,1.0440266627375203,1.676144965255268,1.0985370245410373,-0.9231519911021343,0.0,0.0,-0.6804718122002787,1.9829175431596453,0
2.0957599883376585,1.0,0.12596723534148388,-0.8795103745102193,-0.43720428322941074,0.14984108315703443,0.41262740123801345,0.717138288650402,0.18613963853285548,0.0,1.0,-0.12123202617656836,-0.07740170058462018,1
-1.4721891215616434,0.0,-0.8332668783246234,-0.8795103745102193,-0.01754623356729692,0.2015103997107105,-1.5072920519457886,-0.0008867506627574296,-0.9231519911021343,0.0,0.0,-0.6804718122002787,-0.4593966005958496,0
-0.24938390894453497,0.0,0.6405298909516516,0.697684930971013,-0.03373642121458947,-0.6352708672061055,1.8194002233625481,-0.8725708510892921,0.18613963853285548,0.0,0.0,-0.12123202617656836,1.973882566875134,0
0.5829479787780677,0.0,-1.2418825974008505,-0.8795103745102193,-0.7757774547904827,-0.6641389848940414,-1.5072920519457886,-0.781954627922395,-0.9231519911021343,0.0,0.0,-0.6804718122002787,-1.038663862553172,0
0.2245460332616516,0.0,0.6405298909516516,1.1946979528393167,-0.06267999209410541,0.23519554831297898,0.06867303718851682,1.2924668108586557,-0.9231519911021343,0.0,0.0,-0.6804718122002787,-0.11199732511090955,0
0.4723153205103732,0.0,-0.18162350062635982,-0.8795103745102193,-0.036547146537870494,-0.03363697408995959,1.1954902947224784,0.2252488320656032,-0.9231519911021343,0.0,0.0,-0.6804718122002787,1.057481551909551,0
1.348389454007024,0.0,-1.8833563609753177,0.697684930971013,0.7421857320470956,1.2008655030797615,0.7723159967781673,1.0985370245410373,-2.032443620737124,1.0,0.0,-1.7989513842476996,0.9578921063928536,0
-0.4534932381131697,0.0,-1.9215998710095312,0.697684930971013,-0.6117534714101472,-0.7547689557144309,-0.4459281988232748,-0.6142506050345212,0.18613963853285548,0.0,0.0,-0.12123202617656836,-0.74009959587964,1
-0.24938390894453497,0.0,0.8266788390641504,-0.8795103745102193,-0.48263773057884296,-0.17447737485093776,0.4600984431460262,0.2252488320656032,0.18613963853285548,0.0,1.0,-0.12123202617656836,-0.04666054971193892,0
0.8764122416617753,0.0,1.020324751826462,0.697684930971013,0.5753135154570224,0.736266616845703,0.2737585998685261,0.432757898856675,-0.9231519911021343,0.0,0.0,-0.6804718122002787,0.31669108713774885,0
1.047621135607331,0.0,-1.7425011089148845,0.697684930971013,1.101841352788348,1.537317071290184,0.7303035707895646,1.0583591808618793,2.404722897802835,0.0,0.0,2.6749669039419834,-0.0727965570166707,0
-1.4721891215616434,0.0,1.020324751826462,-0.8795103745102193,-0.3236581884686136,-0.01442369443343163,-0.6510697318600371,0.7619251298184915,-2.032443620737124,0.0,0.0,-1.7989513842476996,-0.4383210850116373,0
-1.4721891215616434,0.0,-0.03129755540730531,-0.8795103745102193,0.052808739019480425,0.3644218685281948,-1.5072920519457886,0.33105875939802537,-0.9231519911021343,0.0,0.0,-0.6804718122002787,-0.40758123036243005,0
1.9966359811595418,0.0,-0.18162350062635982,1.5752618279022026,1.965778545508238,2.142610683512403,-0.5059682851583214,2.3959250697011876,-0.9231519911021343,1.0,0.0,-0.6804718122002787,0.8858141790143526,0
-1.4721891215616434,0.0,-1.0495141476718508,-0.8795103745102193,-0.2866134423569852,-1.4836057089681398,-1.5072920519457886,-1.0715844008170172,0.18613963853285548,0.0,0.0,-0.12123202617656836,-0.7363863508016747,0
1.1274872107053646,0.0,-0.8332668783246234,-0.8795103745102193,-1.2142379861643016,-0.473750457681484,-1.5072920519457886,-0.6960629002177537,-0.9231519911021343,0.0,1.0,-0.6804718122002787,-1.3902670217294844,1
0.4723153205103732,1.0,0.6405298909516516,-0.8795103745102193,-0.2992963931852855,-0.01442369443343163,-0.4459281988232748,-0.18608610499023895,0.18613963853285548,0.0,1.0,-0.12123202617656836,-0.5579262343021272,0
1.5465566591620816,0.0,-0.03129755540730531,-0.8795103745102193,-1.1440803479241188,-0.26063608837311514,-1.5072920519457886,-0.0609482951462328,0.18613963853285548,0.0,1.0,-0.12123202617656836,-1.3728295842830092,1
0.7841165927033555,0.0,1.020324751826462,1.1946979528393167,0.38444265760371116,0.5583673103886344,-0.3919063374300445,0.382393625891712,0.18613963853285548,0.0,0.0,-0.12123202617656836,-0.13916428946250153,0
0.35339972946965464,0.0,1.2215756502689943,1.1946979528393167,-1.3188720643534535,-1.3085554486041324,-0.2560831944486632,-1.3040579861083508,0.18613963853285548,0.0,0.0,-0.12123202617656836,-0.9353463335712826,1
0.6865551185257461,0.0,1.2215756502689943,1.4347876498624124,0.770933198679975,0.6422534681290875,1.272491926873742,0.5307740080750752,0.18613963853285548,0.0,0.0,-0.12123202617656836,1.21180905081624,0
1.1274872107053646,0.0,-0.46192253572791986,1.1946979528393167,-0.5384537856542659,-0.3055111642679678,0.30430790550158904,-0.0609482951462328,-0.9231519911021343,0.0,0.0,-0.6804718122002787,-0.1271773177535844,0
0.2245460332616516,0.0,1.872022146645339,-0.8795103745102193,-0.8540860088239123,-0.7238459676478477,0.17103352023621246,-0.3886420715982743,0.18613963853285548,0.0,1.0,-0.12123202617656836,-0.4295731680490094,0
0.6865551185257461,0.0,-0.8332668783246234,-0.8795103745102193,-0.9496179179045173,-0.5255544800262242,0.3873708945356991,-0.6142506050345212,0.18613963853285548,0.0,1.0,-0.12123202617656836,-0.23876587312032796,0
0.7841165927033555,0.0,0.8266788390641504,1.1946979528393167,1.4660811137021104,1.3996396954936638,-0.05629982231812761,1.3299641777568034,1.2954312681678453,0.0,0.0,1.556487331894563,0.15672197425669168,0
0.35339972946965464,0.0,-1.9215998710095312,-0.8795103745102193,0.6229565735618227,1.101161176481722,0.6929152138350317,0.8924329275229498,-2.032443620737124,1.0,0.0,-1.7989513842476996,0.835143903699358,0
-1.012053753692239,0.0,-0.3251261608248572,-0.8795103745102193,0.11100843962718204,0.42604475287671956,-1.5072920519457886,0.2252488320656032,-0.9231519911021343,0.0,0.0,-0.6804718122002787,-0.365904110315008,0
0.4723153205103732,0.0,0.461768744122683,-0.8795103745102193,1.8764755065962995,1.6130607817255995,1.107747819338259,0.5307740080750752,-0.9231519911021343,0.0,0.0,-0.6804718122002787,1.493051552754678,0
-0.6985221790742214,0.0,-2.0715886207378653,-0.8795103745102193,1.0103195445400497,1.348747887790432,0.49334932010851695,0.6254659586163507,1.2954312681678453,0.0,0.0,1.556487331894563,0.15048870599490904,0
0.964073858567003,0.0,0.12596723534148388,0.697684930971013,0.6585372827689556,0.7493831664814768,0.15197615836469722,0.11481150538227353,-0.9231519911021343,0.0,0.0,-0.6804718122002787,0.2939367171628824,0
0.35339972946965464,0.0,-1.4114139258166871,-0.8795103745102193,-0.8113092435224547,-0.7238459676478477,-0.4459281988232748,-0.8725708510892921,-0.9231519911021343,0.0,0.0,-0.6804718122002787,-0.7817605026431371,0
0.964073858567003,1.0,1.020324751826462,-0.8795103745102193,-0.19841751017656048,0.09670929282765271,-0.1472620689342646,-0.0609482951462328,0.18613963853285548,0.0,1.0,-0.12123202617656836,-0.37859828310916405,0
0.5829479787780677,0.0,-1.8408659249517312,-0.8795103745102193,1.0655844404498536,1.498671128100786,0.6191375244033067,0.8495461729713818,1.2954312681678453,0.0,0.0,1.556487331894563,0.24494035211211973,0
-1.4721891215616434,0.0,-2.035513619812486,0.697684930971013,0.24707943159609536,-0.32843814160131607,1.2962105226689449,-0.968744774313427,0.18613963853285548,0.0,0.0,-0.12123202617656836,1.1327891853028185,0
-1.4721891215616434,0.0,-0.3251261608248572,-0.8795103745102193,-0.3360255890935667,-0.13303146608600047,-1.5072920519457886,0.382393625891712,-2.032443620737124,0.0,0.0,-1.7989513842476996,-0.5765228055665458,0
0.2245460332616516,0.0,1.2215756502689943,0.697684930971013,1.4234003493652614,1.3793974432912068,-0.02899096777841141,1.4037749992596662,1.2954312681678453,0.0,0.0,1.556487331894563,0.14198368677386716,0
0.35339972946965464,0.0,0.2902850510173811,0.697684930971013,-0.053533506792339716,0.02338831919764908,1.2056446710461979,0.17064504865893973,-0.9231519911021343,0.0,0.0,-0.6804718122002787,1.0696280366196904,0
1.8389246320946688,0.0,1.430538452483767,1.8684208428384286,1.3482682834709891,0.7230740557318959,-0.05629982231812761,1.2924668108586557,2.404722897802835,0.0,0.0,2.6749669039419834,-0.2774853595978941,0
0.4723153205103732,0.0,-0.8332668783246234,0.697684930971013,-0.4321810771286733,-0.1955945586379102,0.31900021497714,2.040287070344547,2.404722897802835,0.0,0.0,2.6749669039419834,-0.7806798943572956,0
-0.07289576572182317,0.0,0.461768744122683,-0.8795103745102193,-0.9476646603745471,-1.4210117268426015,-0.5059682851583214,-1.594191099233689,1.2954312681678453,0.0,1.0,1.556487331894563,-1.1745308910610397,1
-1.4721891215616434,0.0,-0.03129755540730531,-0.8795103745102193,-0.5973084325587639,-0.2169867647588109,0.6103501459834861,0.11481150538227353,0.18613963853285548,0.0,1.0,-0.12123202617656836,0.08342405272317407,0
0.08350622611294847,1.0,-0.5921311266741747,0.697684930971013,-0.5883804912298263,-0.2169867647588109,1.2903634007471056,-0.2514482231001947,-0.9231519911021343,1.0,0.0,-0.6804718122002787,1.1261066185031514,1
1.783653034744592,0.0,-0.18162350062635982,1.1946979528393167,1.9062625122308359,2.063094818805589,-0.5059682851583214,1.9464455076830682,-0.9231519911021343,0.0,0.0,-0.6804718122002787,0.8506098243482613,0
0.6865551185257461,0.0,0.6405298909516516,0.697684930971013,0.14533885385814194,0.45617790096966415,0.2415078628653102,0.432757898856675,0.18613963853285548,0.0,0.0,-0.12123202617656836,0.004659997858726293,0
1.8927920133992675,0.0,1.2215756502689943,1.8449234868866584,1.3609698710641618,0.8011120777105697,-0.02899096777841141,1.3299641777568034,2.404722897802835,1.0,0.0,2.6749669039419834,-0.2664702720850121,0
-0.6985221790742214,0.0,-2.035513619812486,0.697684930971013,0.2904616045544488,-0.3055111642679678,1.3218770497179952,-0.6960629002177537,0.18613963853285548,0.0,0.0,-0.12123202617656836,1.1782009281747887,0
-1.4721891215616434,0.0,-0.5921311266741747,-0.8795103745102193,-0.13121760188350487,-0.852423195420382,-1.5072920519457886,-0.6960629002177537,0.18613963853285548,0.0,0.0,-0.12123202617656836,-0.6219668738656855,0
0.2245460332616516,1.0,0.12596723534148388,-0.8795103745102193,-0.11919852012017629,-0.3055111642679678,-1.5072920519457886,-0.4609168016563328,0.18613963853285548,0.0,1.0,-0.12123202617656836,-0.6092547960495232,1
-1.012053753692239,0.0,-0.3251261608248572,-0.8795103745102193,0.2307844737562546,0.34871995104993136,-1.5072920519457886,-0.0609482951462328,0.18613963853285548,0.0,0.0,-0.12123202617656836,-0.3623943588829749,0
-0.6985221790742214,0.0,-1.2418825974008505,0.697684930971013,-0.7624614963094419,-0.6070100507667666,1.2222135950276227,-1.0715844008170172,-0.9231519911021343,1.0,0.0,-0.6804718122002787,0.9971976288744638,0
1.9453374865592172,0.0,-0.46192253572791986,1.667066840949515,1.9945363542478403,2.1738756146253624,0.021947609361985223,2.751404237615222,-0.9231519911021343,0.0,0.0,-0.6804718122002787,0.9792490865406297,0
0.4723153205103732,0.0,-1.8833563609753177,1.1946979528393167,0.39607587969432223,-0.01442369443343163,1.370303569654163,-0.18608610499023895,0.18613963853285548,0.0,0.0,-0.12123202617656836,1.2694433580256388,0
1.1274872107053646,0.0,1.020324751826462,1.1946979528393167,0.21903814926633755,0.5440656997790116,0.34731683030805827,0.5307740080750752,0.18613963853285548,0.0,0.0,-0.12123202617656836,0.10792767387523612,0
-1.4721891215616434,0.0,-0.3251261608248572,-0.8795103745102193,-0.38127128519258596,-0.0925805927386985,-1.5072920519457886,0.382393625891712,-2.032443620737124,0.0,0.0,-1.7989513842476996,-0.6114123599876281,0
-0.6985221790742214,0.0,-1.9215998710095312,0.697684930971013,0.2802957195665752,-0.2169867647588109,1.343854666033475,-0.3886420715982743,0.18613963853285548,0.0,0.0,-0.12123202617656836,1.2089646112156056,0
1.4826869650373546,0.0,2.345610480711428,1.4347876498624124,0.27916207998073345,0.6830282263656221,0.5248295651718701,0.8060520324363187,0.18613963853285548,0.0,0.0,-0.12123202617656836,0.26768250815198324,0
-1.4721891215616434,0.0,-1.2418825974008505,-0.8795103745102193,-0.050687766413276235,0.1145892787914231,0.25785800478751103,0.27869756895634124,0.18613963853285548,0.0,0.0,-0.12123202617656836,-0.0689341951043189,0
0.2245460332616516,0.0,-1.9860170239087698,1.1946979528393167,0.357688125836744,-0.17447737485093776,1.3411485238013794,-0.5360063772889603,0.18613963853285548,0.0,0.0,-0.12123202617656836,1.2190351415942648,0
0.6865551185257461,0.0,1.020324751826462,1.1946979528393167,0.09878740421566132,-0.4485275487942812,1.839899257733078,-0.4609168016563328,0.18613963853285548,0.0,0.0,-0.12123202617656836,2.0249469248305707,0
-0.24938390894453497,0.0,0.12596723534148388,-0.8795103745102193,1.8452995146433044,1.556443027647991,1.0796564468759238,0.432757898856675,-0.9231519911021343,0.0,0.0,-0.6804718122002787,1.4548760098063171,0
0.2245460332616516,0.0,-1.2418825974008505,0.697684930971013,-0.5342201434299061,-0.39933908986058203,1.2541023016570314,-0.5360063772889603,-0.9231519911021343,1.0,0.0,-0.6804718122002787,1.0733556819610715,0
1.4166903618380977,0.0,-0.46192253572791986,-0.8795103745102193,-0.9334769823043625,-0.26063608837311514,-0.05629982231812761,-0.12263695232921346,-0.9231519911021343,0.0,1.0,-0.6804718122002787,-0.5728200918216342,1
-0.07289576572182317,0.0,0.461768744122683,-0.8795103745102193,-0.2529740117167081,-0.13303146608600047,1.134631118434992,0.27869756895634124,-0.9231519911021343,0.0,0.0,-0.6804718122002787,0.9305624287842489,0
0.4723153205103732,0.0,-0.9444391811885324,-0.8795103745102193,-1.178291020458182,-0.7238459676478477,-1.1855370315326892,-1.3040579861083508,-0.9231519911021343,0.0,1.0,-0.6804718122002787,-1.2984051692270953,0
-1.4721891215616434,0.0,0.2902850510173811,-0.8795103745102193,-0.42258257685014866,-0.0727088154730665,-1.5072920519457886,0.432757898856675,-2.032443620737124,0.0,0.0,-1.7989513842476996,-0.6436369403993379,0
-1.4721891215616434,0.0,0.12596723534148388,-0.8795103745102193,-0.39425731626263855,-0.17447737485093776,-1.5072920519457886,0.382393625891712,-2.032443620737124,0.0,0.0,-1.7989513842476996,-0.6227947733858294,0
0.2245460332616516,0.0,0.461768744122683,-0.8795103745102193,0.29271174417273793,0.38000288413917455,-1.5072920519457886,0.057665153009515184,0.18613963853285548,0.0,0.0,-0.12123202617656836,-0.3205575490527789,0
1.047621135607331,0.0,0.2902850510173811,0.697684930971013,0.6192663973546448,0.6964560993767297,0.28923433604572274,0.382393625891712,-0.9231519911021343,0.0,0.0,-0.6804718122002787,0.3463371648801201,1
-1.4721891215616434,1.0,-0.03129755540730531,-0.8795103745102193,-2.271301413069049,-2.0979157852458847,-1.5072920519457886,-2.0268289954725063,0.18613963853285548,0.0,1.0,-0.12123202617656836,-2.2568431171423695,1
0.2245460332616516,0.0,-1.0495141476718508,-0.8795103745102193,0.05333658246629715,0.1145892787914231,-0.5059682851583214,0.057665153009515184,0.18613963853285548,0.0,0.0,-0.12123202617656836,-0.3669715885790153,0
-0.4534932381131697,0.0,-0.03129755540730531,-0.8795103745102193,0.05201660752537077,0.31694313114105294,-0.0029467479771157737,0.2252488320656032,-0.9231519911021343,0.0,0.0,-0.6804718122002787,-0.09557861461713954,0
-1.4721891215616434,0.0,-1.1486189098802198,-0.8795103745102193,-0.4206724692730144,-0.852423195420382,1.1640060687285056,-0.8725708510892921,-0.9231519911021343,1.0,0.0,-0.6804718122002787,0.9469865352671958,0
1.2775822509180437,0.0,1.020324751826462,-0.8795103745102193,-0.02032414932366669,0.26830447523237333,0.30430790550158904,0.717138288650402,0.18613963853285548,0.0,1.0,-0.12123202617656836,-0.021888172781209813,0
0.2245460332616516,0.0,0.12596723534148388,0.697684930971013,0.7470083526853462,0.5725746557955739,1.2254758286775493,0.2252488320656032,0.18613963853285548,0.0,0.0,-0.12123202617656836,1.144414972882902,0
0.35339972946965464,0.0,0.12596723534148388,1.1946979528393167,0.8087466391019769,0.7493831664814768,0.021947609361985223,0.2252488320656032,2.404722897802835,0.0,0.0,2.6749669039419834,-0.48372979151546447,0
-0.4534932381131697,0.0,-0.5921311266741747,-0.8795103745102193,-0.3307097047421827,-0.13303146608600047,1.6080785740261012,0.057665153009515184,-0.9231519911021343,0.0,0.0,-0.6804718122002787,1.6998981486154325,0
0.08350622611294847,0.0,1.020324751826462,0.697684930971013,-0.22735110260739752,0.1145892787914231,-0.5059682851583214,0.7619251298184915,-0.9231519911021343,0.0,0.0,-0.6804718122002787,-0.46038586989562036,0
-0.07289576572182317,0.0,0.6405298909516516,1.1946979528393167,-1.0701936650143569,-1.257338550726375,-0.29771809938538085,-1.3040579861083508,2.404722897802835,0.0,0.0,2.6749669039419834,-1.3314773191164413,0
0.8764122416617753,0.0,-1.7425011089148845,-0.8795103745102193,1.0503690224578972,1.4693322004433054,0.5738477925255546,0.382393625891712,2.404722897802835,0.0,0.0,2.6749669039419834,-0.1764088350942416,0
-1.4721891215616434,0.0,0.6405298909516516,-0.8795103745102193,0.6857865866789714,0.5440656997790116,1.2478518611431648,0.4822024803158727,0.18613963853285548,0.0,0.0,-0.12123202617656836,1.1589393477360408,0
-1.012053753692239,0.0,0.12596723534148388,-0.8795103745102193,-0.5629082732942735,-0.8868079756552516,-1.5072920519457886,-1.594191099233689,0.18613963853285548,0.0,0.0,-0.12123202617656836,-0.9359947233709086,0
-1.4721891215616434,0.0,-0.46192253572791986,-0.8795103745102193,0.7043713344892638,0.58668938306937,-0.5059682851583214,-0.0008867506627574296,1.2954312681678453,0.0,0.0,1.556487331894563,-0.3104855662426894,0
-1.4721891215616434,1.0,-0.3251261608248572,-0.8795103745102193,-2.271301413069049,-2.0979157852458847,-1.5072920519457886,-2.0268289954725063,-0.9231519911021343,0.0,1.0,-0.6804718122002787,-2.2568431171423695,1
1.1274872107053646,0.0,0.6405298909516516,1.1946979528393167,0.6053587270204321,0.7493831664814768,0.09066795769800697,0.17064504865893973,-0.9231519911021343,0.0,0.0,-0.6804718122002787,0.238103515776355,0
0.2245460332616516,0.0,-0.18162350062635982,-0.8795103745102193,-0.4256453672483266,-0.13303146608600047,0.28923433604572274,-0.12263695232921346,0.18613963853285548,0.0,1.0,-0.12123202617656836,-0.1863028738285774,0
0.08350622611294847,0.0,-0.03129755540730531,-0.8795103745102193,0.3005618988524596,0.44116600526156535,-1.5072920519457886,0.057665153009515184,0.18613963853285548,0.0,0.0,-0.12123202617656836,-0.3147138613191102,0
0.35339972946965464,0.0,0.8266788390641504,0.697684930971013,0.925355735281373,1.1124339195920343,1.6873625272824433,1.1774541226784172,0.18613963853285548,0.0,0.0,-0.12123202617656836,1.862393429440743,0
0.4723153205103732,0.0,1.020324751826462,1.1946979528393167,0.049372986798919,-0.473750457681484,1.828446396147655,-0.6960629002177537,0.18613963853285548,0.0,0.0,-0.12123202617656836,1.9986324875034795,0
0.8764122416617753,0.0,0.6405298909516516,1.1946979528393167,1.5144800823404623,1.4495993077391918,-0.02899096777841141,1.2545582777324633,1.2954312681678453,0.0,0.0,1.556487331894563,0.1859476061253383,0
1.2040372514157516,0.0,-1.487950860074402,0.697684930971013,1.130276383604228,1.603702037086043,0.798789820150384,1.216225360090411,2.404722897802835,0.0,0.0,2.6749669039419834,-0.021640176864643326,0
-1.4721891215616434,0.0,0.2902850510173811,-0.8795103745102193,-0.4352696660705684,-0.49941885605417785,1.457387417095537,-0.4609168016563328,0.18613963853285548,0.0,0.0,-0.12123202617656836,1.2911323084715907,0
-0.07289576572182317,0.0,-1.9860170239087698,1.1946979528393167,0.3039142757852603,-0.23866380856018854,1.335701562192997,-0.5360063772889603,0.18613963853285548,0.0,0.0,-0.12123202617656836,1.2010831287172685,0
1.783653034744592,1.0,0.461768744122683,1.4347876498624124,1.8825627284134923,2.030725022791544,0.5349620679024845,0.5307740080750752,0.18613963853285548,0.0,0.0,-0.12123202617656836,0.9732905093666512,0
1.047621135607331,0.0,1.2215756502689943,1.1946979528393167,0.5838163276377795,0.7624248672142554,0.2737585998685261,0.27869756895634124,0.18613963853285548,0.0,0.0,-0.12123202617656836,0.22347152993970468,0
0.08350622611294847,0.0,0.8266788390641504,1.1946979528393167,0.7279886731734897,0.58668938306937,1.228721302773915,0.27869756895634124,0.18613963853285548,0.0,0.0,-0.12123202617656836,1.1440373687138174,0
-0.07289576572182317,0.0,-1.329436447453843,-0.8795103745102193,-0.8837763018766396,-0.6641389848940414,-0.2560831944486632,-0.6142506050345212,-0.9231519911021343,0.0,0.0,-0.6804718122002787,-0.7041627842974053,0
-1.4721891215616434,1.0,-0.46192253572791986,-0.8795103745102193,-2.271301413069049,-2.0979157852458847,-1.5072920519457886,-2.0268289954725063,-0.9231519911021343,0.0,1.0,-0.6804718122002787,-2.2568431171423695,1
-1.4721891215616434,0.0,-1.329436447453843,-0.8795103745102193,-0.08377904243332623,0.004582783269003773,-1.1855370315326892,0.057665153009515184,0.18613963853285548,0.0,0.0,-0.12123202617656836,-0.5612899889195548,0
0.8764122416617753,0.0,0.12596723534148388,0.697684930971013,1.8992264483082184,1.6501944964791433,1.095863043406545,0.432757898856675,-0.9231519911021343,0.0,0.0,-0.6804718122002787,1.490401302607928,0
-1.012053753692239,1.0,-0.46192253572791986,-0.8795103745102193,-0.17261349130236492,-0.49941885605417785,-1.5072920519457886,-0.5360063772889603,-0.9231519911021343,0.0,1.0,-0.6804718122002787,-0.5784942948427781,1
0.964073858567003,0.0,0.8266788390641504,0.697684930971013,1.907266053980751,1.6685841888932493,1.134631118434992,0.6254659586163507,-0.9231519911021343,0.0,0.0,-0.6804718122002787,1.5303049721880813,0
-1.4721891215616434,0.0,0.2902850510173811,0.697684930971013,-1.3487845936712834,-1.6271094250024807,-0.7419059021457265,-1.594191099233689,2.404722897802835,0.0,0.0,2.6749669039419834,-1.6358807789336147,0
0.8764122416617753,0.0,-1.6252591166453392,1.667066840949515,0.015363305500853797,0.04199850807495892,0.6693155314891707,0.27869756895634124,1.2954312681678453,0.0,0.0,1.556487331894563,-0.06199924874583961,0
1.1274872107053646,0.0,1.020324751826462,1.5752618279022026,0.5071141506344469,0.6964560993767297,0.2073487160052933,1.0583591808618793,0.18613963853285548,0.0,0.0,-0.12123202617656836,0.15092095550583892,0
-0.24938390894453497,0.0,-1.9860170239087698,-0.8795103745102193,1.0400626261864654,1.4197328381198169,0.592378002808055,0.8060520324363187,1.2954312681678453,0.0,0.0,1.556487331894563,0.2188067912847907,0
-1.4721891215616434,0.0,-1.329436447453843,-0.8795103745102193,-2.271301413069049,-2.0979157852458847,-1.5072920519457886,-2.0268289954725063,-0.9231519911021343,0.0,0.0,-0.6804718122002787,-2.2568431171423695,0
-1.012053753692239,0.0,-1.8833563609753177,1.1946979528393167,-0.2589621912523736,-0.3517088458005675,-0.1472620689342646,-0.3886420715982743,0.18613963853285548,0.0,0.0,-0.12123202617656836,-0.4125852298268886,0
-0.6985221790742214,0.0,0.8266788390641504,0.697684930971013,-1.171317011576608,-1.1626600424566094,-0.1472620689342646,-0.968744774313427,2.404722897802835,0.0,0.0,2.6749669039419834,-1.2714469036484446,0
-1.012053753692239,1.0,-2.035513619812486,0.697684930971013,-0.7069699102182943,-0.9965651623037695,-1.5072920519457886,-0.968744774313427,0.18613963853285548,0.0,0.0,-0.12123202617656836,-1.0458698265971587,1
0.964073858567003,0.0,0.6405298909516516,-0.8795103745102193,0.5272964300373403,0.6284936427069701,-0.2560831944486632,-0.6142506050345212,-0.9231519911021343,0.0,0.0,-0.6804718122002787,0.06839559646807285,1
0.5829479787780677,0.0,-1.793966719726717,1.4347876498624124,-0.048699268901035514,-0.17447737485093776,0.36097556023933375,0.11481150538227353,0.18613963853285548,0.0,0.0,-0.12123202617656836,0.00798409446542751,0
0.4723153205103732,0.0,0.6405298909516516,-0.8795103745102193,1.7168014049915041,1.498671128100786,-0.3919063374300445,1.2545582777324633,0.18613963853285548,0.0,0.0,-0.12123202617656836,0.6380720017257859,0
0.7841165927033555,0.0,0.461768744122683,0.697684930971013,-0.15006649155701415,0.14984108315703443,1.637875662163232,0.2252488320656032,0.18613963853285548,0.0,0.0,-0.12123202617656836,1.631295967712096,0
-1.4721891215616434,0.0,-1.6252591166453392,-0.8795103745102193,-0.6970315412402416,-0.6352708672061055,-0.1472620689342646,1.8826499213060561,1.2954312681678453,0.0,0.0,1.556487331894563,-0.8823818247267078,0
0.08350622611294847,0.0,0.12596723534148388,-0.8795103745102193,0.037415538830431985,0.26830447523237333,-1.5072920519457886,0.11481150538227353,-0.9231519911021343,0.0,0.0,-0.6804718122002787,-0.4195886175111032,0
-0.07289576572182317,0.0,1.647319010761206,-0.8795103745102193,-0.7624614963094419,-0.7238459676478477,-0.1472620689342646,-0.18608610499023895,-0.9231519911021343,0.0,1.0,-0.6804718122002787,-0.5780389162233454,0
0.8764122416617753,0.0,0.2902850510173811,1.5752618279022026,0.8693145979372051,0.9973552647654118,1.4968759351299343,0.8924329275229498,0.18613963853285548,1.0,0.0,-0.12123202617656836,1.5510488906441864,0
-1.4721891215616434,0.0,0.12596723534148388,-0.8795103745102193,0.7958924742747364,0.9617604693161732,1.649761174800321,0.8924329275229498,-0.9231519911021343,0.0,0.0,-0.6804718122002787,1.9239046193533418,0
-0.07289576572182317,0.0,0.2902850510173811,0.697684930971013,0.19119190869626015,0.5005780712198213,-0.5059682851583214,0.432757898856675,0.18613963853285548,0.0,0.0,-0.12123202617656836,-0.28070039008672126,0
-0.6985221790742214,0.0,0.12596723534148388,-0.8795103745102193,0.10210740488663703,0.3644218685281948,-1.5072920519457886,0.2252488320656032,-0.9231519911021343,0.0,0.0,-0.6804718122002787,-0.3728655789990359,0
0.7841165927033555,0.0,0.12596723534148388,1.4347876498624124,1.1606898995580281,1.0208011946350248,1.1383790947465053,1.5819142457524067,0.18613963853285548,0.0,0.0,-0.12123202617656836,1.1536142571404326,0
-0.24938390894453497,0.0,-0.18162350062635982,-0.8795103745102193,-0.15405327124639726,-0.4237299919284973,-0.9918459235005864,-0.3886420715982743,-0.9231519911021343,0.0,1.0,-0.6804718122002787,-0.5206604201177688,1
-1.4721891215616434,0.0,-0.03129755540730531,-0.8795103745102193,-2.271301413069049,-2.0979157852458847,-1.5072920519457886,-2.0268289954725063,1.2954312681678453,0.0,1.0,1.556487331894563,-2.2568431171423695,1
0.35339972946965464,0.0,1.430538452483767,0.697684930971013,1.704843577006523,1.5083826254463537,-0.34278061469339505,1.2924668108586557,0.18613963853285548,0.0,0.0,-0.12123202617656836,0.6375196027258426,0
0.5829479787780677,0.0,1.647319010761206,0.697684930971013,0.2859515964544129,0.38000288413917455,-0.21737965524864494,-0.12263695232921346,0.18613963853285548,0.0,0.0,-0.12123202617656836,-0.14688397648346535,0
1.1274872107053646,0.0,1.020324751826462,1.1946979528393167,0.21903814926633755,0.5440656997790116,0.34731683030805827,0.5307740080750752,0.18613963853285548,0.0,0.0,-0.12123202617656836,0.10792767387523612,0
1.047621135607331,0.0,1.430538452483767,1.4347876498624124,0.39712932732935896,0.6007130929660973,-0.18121248900618253,0.4822024803158727,1.2954312681678453,0.0,0.0,1.556487331894563,-0.39812858824600567,0
0.6865551185257461,0.0,-0.3251261608248572,0.697684930971013,1.1192336434045673,0.9012491842348184,1.0502398511625246,1.0583591808618793,0.18613963853285548,0.0,0.0,-0.12123202617656836,1.0451436508471714,0
-0.4534932381131697,0.0,-0.18162350062635982,0.697684930971013,0.7573000066644264,0.6695193840693882,-0.18121248900618253,0.11481150538227353,2.404722897802835,0.0,0.0,2.6749669039419834,-0.5552154946808661,0
0.7841165927033555,0.0,0.8266788390641504,1.5752618279022026,0.8604331783639546,0.736266616845703,1.3190757903856305,1.0985370245410373,0.18613963853285548,0.0,0.0,-0.12123202617656836,1.29529590231331,0
-1.4721891215616434,0.0,-0.5921311266741747,-0.8795103745102193,-2.271301413069049,-2.0979157852458847,-1.5072920519457886,-2.0268289954725063,-0.9231519911021343,0.0,1.0,-0.6804718122002787,-2.2568431171423695,1
0.08350622611294847,0.0,-0.03129755540730531,0.697684930971013,0.6109350433335059,0.58668938306937,-0.5059682851583214,-0.8725708510892921,0.18613963853285548,0.0,0.0,-0.12123202617656836,-0.028412896022292855,0
-1.012053753692239,0.0,1.2215756502689943,-0.8795103745102193,-0.862889607557567,-0.9965651623037695,-0.34278061469339505,-0.31889890269653554,-0.9231519911021343,0.0,1.0,-0.6804718122002787,-0.7522621062807461,0
0.08350622611294847,0.0,1.430538452483767,-0.8795103745102193,-1.171317011576608,-1.257338550726375,-0.08500636257674449,-0.8725708510892921,0.18613963853285548,0.0,1.0,-0.12123202617656836,-0.7495878993456824,1
-1.4721891215616434,0.0,-0.7158720037692985,-0.8795103745102193,0.6937749703453518,0.5440656997790116,-0.9918459235005864,-0.12263695232921346,1.2954312681678453,0.0,0.0,1.556487331894563,-0.3643644383385531,0
-0.07289576572182317,0.0,0.8266788390641504,-0.8795103745102193,-1.3874647004500376,-1.4836057089681398,-0.5059682851583214,-1.594191099233689,-0.9231519911021343,0.0,1.0,-0.6804718122002787,-1.0939758796319052,1
-0.07289576572182317,0.0,0.2902850510173811,0.697684930971013,0.6567298980354405,0.6964560993767297,0.021947609361985223,0.27869756895634124,-0.9231519911021343,0.0,0.0,-0.6804718122002787,0.23577193025321966,0
2.1437057333765606,0.0,0.12596723534148388,1.667066840949515,1.9716539298887503,2.166087571921403,-0.2560831944486632,2.4524594791293293,-0.9231519911021343,1.0,0.0,-0.6804718122002787,0.9174999413086029,0
0.2245460332616516,1.0,-2.035513619812486,1.4347876498624124,-0.3521162598506749,-0.5793234579425617,0.021947609361985223,0.11481150538227353,0.18613963853285548,0.0,0.0,-0.12123202617656836,-0.36050714268774153,1
0.5829479787780677,0.0,-0.03129755540730531,-0.8795103745102193,0.04804933514244053,-0.17447737485093776,-0.34278061469339505,-0.3886420715982743,0.18613963853285548,0.0,1.0,-0.12123202617656836,-0.32598515842284703,1
-1.4721891215616434,0.0,-0.18162350062635982,-0.8795103745102193,-0.4746032889330113,-0.39933908986058203,1.0796564468759238,0.057665153009515184,-0.9231519911021343,0.0,0.0,-0.6804718122002787,0.8142596716459479,0
0.35339972946965464,0.0,0.6405298909516516,-0.8795103745102193,0.1887879347276603,0.14984108315703443,-1.5072920519457886,0.7619251298184915,-2.032443620737124,0.0,0.0,-1.7989513842476996,-0.1754266197702714,0
1.1274872107053646,0.0,1.430538452483767,0.697684930971013,1.925261580001321,1.7410073621890931,1.1746768421402496,0.8495461729713818,-0.9231519911021343,0.0,0.0,-0.6804718122002787,1.576509200379639,0
0.35339972946965464,0.0,-1.7425011089148845,1.5752618279022026,-0.0698687366001167,-0.0727088154730665,0.6103501459834861,0.17064504865893973,0.18613963853285548,1.0,0.0,-0.12123202617656836,0.22320925268214856,0
1.348389454007024,0.0,0.2902850510173811,1.8159218925086418,1.2664911231214404,0.5725746557955739,-1.5072920519457886,1.0583591808618793,1.2954312681678453,0.0,0.0,1.556487331894563,-0.06559021272610435,0
0.08350622611294847,1.0,0.2902850510173811,-0.8795103745102193,-0.3395826356927439,-0.11268564702923983,-0.34278061469339505,-0.12263695232921346,0.18613963853285548,0.0,1.0,-0.12123202617656836,-0.5422770967903876,0
1.2775822509180437,0.0,0.8266788390641504,1.4347876498624124,1.966758719041435,1.7588384911219603,1.2089934441260295,1.2545582777324633,-0.9231519911021343,0.0,0.0,-0.6804718122002787,1.625990880956199,0
-0.4534932381131697,0.0,-1.8408659249517312,1.4347876498624124,-0.16082798638802842,-0.1955945586379102,0.5449245221561867,0.057665153009515184,0.18613963853285548,0.0,0.0,-0.12123202617656836,0.13102170726094284,0
-0.07289576572182317,0.0,-1.0495141476718508,0.697684930971013,-0.4927629526894669,-0.2829146346091301,1.2602916558593638,-0.781954627922395,-0.9231519911021343,1.0,0.0,-0.6804718122002787,1.0884131888507198,0
-0.6985221790742214,0.0,0.6405298909516516,0.697684930971013,0.6352626245218376,0.44116600526156535,1.1746768421402496,0.432757898856675,0.18613963853285548,0.0,0.0,-0.12123202617656836,1.0517016517113287,0
1.2775822509180437,0.0,0.6405298909516516,1.1946979528393167,0.6403801411993311,0.7624248672142554,0.25785800478751103,0.33105875939802537,-0.9231519911021343,0.0,0.0,-0.6804718122002787,0.3392637452374117,0
1.047621135607331,0.0,-1.686315314805773,1.5752618279022026,0.03527918693073635,-0.05306319911326454,0.4485848661498302,0.2252488320656032,0.18613963853285548,0.0,0.0,-0.12123202617656836,0.1109389968443007,0
-0.24938390894453497,0.0,0.2902850510173811,0.697684930971013,-0.07362200006752531,-0.6352708672061055,-1.5072920519457886,-0.4609168016563328,0.18613963853285548,0.0,0.0,-0.12123202617656836,-0.5799379932845292,0
-1.4721891215616434,0.0,0.461768744122683,-0.8795103745102193,-1.4966740921667403,-1.8108217731349643,-1.5072920519457886,-1.0715844008170172,1.2954312681678453,0.0,1.0,1.556487331894563,-1.8248503023214084,1
0.35339972946965464,0.0,1.647319010761206,1.1946979528393167,0.75301883031416,0.6559282504848064,1.2814905516476154,0.6254659586163507,0.18613963853285548,0.0,0.0,-0.12123202617656836,1.2196323722028992,0
-1.4721891215616434,0.0,-0.03129755540730531,-0.8795103745102193,-0.6487736527782128,-0.8868079756552516,-1.5072920519457886,-1.3040579861083508,0.18613963853285548,0.0,0.0,-0.12123202617656836,-1.0005453877006645,0
0.6865551185257461,0.0,0.461768744122683,-0.8795103745102193,1.895700989852968,1.6223891388023381,1.1421047974645455,0.6716623488153538,-0.9231519911021343,0.0,0.0,-0.6804718122002787,1.5332149777559607,0
1.2040372514157516,0.0,-0.18162350062635982,-0.8795103745102193,-0.7892840381406409,-0.473750457681484,0.15197615836469722,-0.4609168016563328,0.18613963853285548,0.0,1.0,-0.12123202617656836,-0.42550650682754804,0
0.08350622611294847,0.0,-1.0495141476718508,-0.8795103745102193,-0.47740877518308455,-0.3055111642679678,0.34731683030805827,2.0710952263582554,1.2954312681678453,0.0,0.0,1.556487331894563,-0.4700300157218358,0
0.08350622611294847,0.0,-0.03129755540730531,0.697684930971013,0.18638011764417906,0.5151728517444565,-0.5059682851583214,0.33105875939802537,0.18613963853285548,0.0,0.0,-0.12123202617656836,-0.2834392641067534,0
-1.4721891215616434,0.0,-0.18162350062635982,1.1946979528393167,0.664308618589311,0.775392852965216,1.403129560570595,0.6716623488153538,-0.9231519911021343,1.0,0.0,-0.6804718122002787,1.5039406129716437,0
-1.4721891215616434,0.0,0.461768744122683,-0.8795103745102193,-2.271301413069049,-2.0979157852458847,-1.5072920519457886,-2.0268289954725063,-0.9231519911021343,0.0,1.0,-0.6804718122002787,-2.2568431171423695,0
0.08350622611294847,0.0,-0.03129755540730531,1.4347876498624124,0.7878343353378872,0.9134738420375053,1.4618962631727561,0.6716623488153538,-0.9231519911021343,1.0,0.0,-0.6804718122002787,1.6188833852345585,0
-1.012053753692239,0.0,0.461768744122683,-0.8795103745102193,0.026163541271332778,0.38000288413917455,-1.5072920519457886,0.5307740080750752,0.18613963853285548,0.0,0.0,-0.12123202617656836,-0.5010595827237333,0
0.35339972946965464,0.0,0.2902850510173811,1.4347876498624124,0.8277812906895095,0.8265493748173808,0.5145209391695161,0.432757898856675,2.404722897802835,0.0,0.0,2.6749669039419834,-0.28325882566026817,0
-1.4721891215616434,0.0,0.8266788390641504,-0.8795103745102193,-2.271301413069049,-2.0979157852458847,-1.5072920519457886,-2.0268289954725063,-0.9231519911021343,0.0,1.0,-0.6804718122002787,-2.2568431171423695,0
-1.012053753692239,0.0,-0.5921311266741747,-0.8795103745102193,-0.20574933974524073,-0.23866380856018854,1.14580849693321,-0.18608610499023895,-0.9231519911021343,0.0,0.0,-0.6804718122002787,0.9545833485597045,0
0.964073858567003,0.0,1.020324751826462,1.1946979528393167,0.5988304735145413,0.7098042908981944,0.30430790550158904,0.432757898856675,-0.9231519911021343,0.0,0.0,-0.6804718122002787,0.34554358711454236,1
-0.4534932381131697,0.0,0.6405298909516516,-0.8795103745102193,1.629557065233077,1.389537393509255,-1.5072920519457886,0.4822024803158727,0.18613963853285548,0.0,0.0,-0.12123202617656836,0.529005727246646,0
0.08350622611294847,0.0,0.8266788390641504,0.697684930971013,0.8866348915518595,1.0784634045810304,1.6841770070429205,1.1774541226784172,0.18613963853285548,0.0,0.0,-0.12123202617656836,1.8505512940353617,0
1.047621135607331,0.0,0.2902850510173811,1.7315706229742622,0.9342539469852397,1.101161176481722,1.5219221454858072,1.3670629301703794,0.18613963853285548,1.0,0.0,-0.12123202617656836,1.6019191722227546,0
-0.24938390894453497,0.0,-1.686315314805773,1.4347876498624124,-0.17167915569174422,-0.2829146346091301,0.2737585998685261,0.057665153009515184,0.18613963853285548,0.0,0.0,-0.12123202617656836,-0.10743912316780418,0
0.4723153205103732,0.0,-1.329436447453843,0.697684930971013,-0.5773259445503385,-0.39933908986058203,0.25785800478751103,0.33105875939802537,-0.9231519911021343,0.0,0.0,-0.6804718122002787,-0.1830529985329562,0
0.964073858567003,0.0,-1.8408659249517312,-0.8795103745102193,1.120227090313595,1.518060576668493,0.7586330951801791,1.0985370245410373,1.2954312681678453,0.0,0.0,1.556487331894563,0.356157346174377,0
0.6865551185257461,0.0,-0.9444391811885324,-0.8795103745102193,-1.0281980625799656,-0.693650698030738,-0.34278061469339505,-0.968744774313427,-0.9231519911021343,0.0,1.0,-0.6804718122002787,-0.8254851849347085,0
0.6865551185257461,1.0,0.2902850510173811,-0.8795103745102193,-0.20798914719887518,-0.1536259367112664,0.30430790550158904,0.5785153380242523,0.18613963853285548,0.0,1.0,-0.12123202617656836,-0.0965727076068987,1
0.4723153205103732,0.0,-0.9444391811885324,-0.8795103745102193,-1.2282145133517468,-0.7864686628999003,-0.4459281988232748,-0.968744774313427,-0.9231519911021343,0.0,0.0,-0.6804718122002787,-0.9813561437908667,0
-1.4721891215616434,0.0,-1.1486189098802198,-0.8795103745102193,-0.06641338745408093,0.06041869553875765,-0.5735904547911599,0.17064504865893973,0.18613963853285548,0.0,0.0,-0.12123202617656836,-0.4564793643348806,0
0.6865551185257461,0.0,0.6405298909516516,0.697684930971013,0.14533885385814194,0.45617790096966415,0.2415078628653102,0.432757898856675,0.18613963853285548,0.0,0.0,-0.12123202617656836,0.004659997858726293,0
0.08350622611294847,0.0,1.020324751826462,-0.8795103745102193,0.19359205535585672,0.1322984404802882,-0.7419059021457265,0.8495461729713818,-0.9231519911021343,0.0,0.0,-0.6804718122002787,-0.24659068915120919,0
0.08350622611294847,0.0,1.020324751826462,-0.8795103745102193,1.8452995146433044,1.6130607817255995,1.1116597219882485,0.4822024803158727,-0.9231519911021343,0.0,0.0,-0.6804718122002787,1.4853869711369383,0
0.5829479787780677,0.0,-0.9444391811885324,0.697684930971013,-0.2855908196426797,-0.0925805927386985,0.33333056902892305,1.9779674266339151,1.2954312681678453,0.0,0.0,1.556487331894563,-0.4234802397621201,0
0.7841165927033555,0.0,0.8266788390641504,1.1946979528393167,1.4660811137021104,1.3996396954936638,-0.05629982231812761,1.3299641777568034,1.2954312681678453,0.0,0.0,1.556487331894563,0.15672197425669168,0
0.964073858567003,1.0,-1.9557629104763974,1.4347876498624124,-0.21151681694615343,-0.39933908986058203,-0.1472620689342646,-0.781954627922395,0.18613963853285548,0.0,0.0,-0.12123202617656836,-0.3890799338936879,1
-0.6985221790742214,0.0,0.2902850510173811,-0.8795103745102193,1.6625125395792326,1.4297244056875984,-1.5072920519457886,1.0583591808618793,0.18613963853285548,0.0,0.0,-0.12123202617656836,0.5488959352489312,0
-0.4534932381131697,0.0,0.6405298909516516,1.1946979528393167,0.7279886731734897,0.6007130929660973,1.3302076820358255,0.5307740080750752,0.18613963853285548,0.0,0.0,-0.12123202617656836,1.280098753173312,0
-1.4721891215616434,0.0,-0.7158720037692985,-0.8795103745102193,-2.271301413069049,-2.0979157852458847,-1.5072920519457886,-2.0268289954725063,0.18613963853285548,0.0,1.0,-0.12123202617656836,-2.2568431171423695,1
0.7841165927033555,0.0,0.8266788390641504,1.4347876498624124,1.0170505556186042,1.222507318243943,1.7199108623867492,1.718492784682564,0.18613963853285548,0.0,0.0,-0.12123202617656836,1.9322986117513046,0
0.8764122416617753,0.0,1.020324751826462,1.5752618279022026,0.2000534564545506,-0.23866380856018854,1.8548695322604831,0.27869756895634124,1.2954312681678453,0.0,0.0,1.556487331894563,1.4918576376227124,0
-0.4534932381131697,0.0,0.12596723534148388,1.1946979528393167,0.7666836539920507,0.9377379107567367,1.4708204652941244,0.8060520324363187,-0.9231519911021343,1.0,0.0,-0.6804718122002787,1.6283872027868693,0
0.35339972946965464,0.0,0.461768744122683,-0.8795103745102193,-0.3953771498121693,-0.0925805927386985,0.424859269722891,0.11481150538227353,0.18613963853285548,0.0,1.0,-0.12123202617656836,-0.054713334975718356,0
1.1274872107053646,0.0,-0.5921311266741747,-0.8795103745102193,-0.7704285860606156,-0.37533744672449043,0.47139145081985334,-0.4609168016563328,0.18613963853285548,0.0,1.0,-0.12123202617656836,-0.1088810252820998,0
1.348389454007024,0.0,-1.4114139258166871,1.1946979528393167,1.1364795351131263,1.6223891388023381,0.798789820150384,1.0985370245410373,2.404722897802835,0.0,0.0,2.6749669039419834,-0.019740883042075687,0
0.4723153205103732,0.0,0.2902850510173811,0.697684930971013,0.3134850522906618,0.26830447523237333,-0.1472620689342646,1.2924668108586557,-2.032443620737124,0.0,0.0,-1.7989513842476996,0.1337430720047031,0
0.8764122416617753,0.0,1.2215756502689943,1.667066840949515,0.8384552421308898,1.0555584415867936,1.4947443268741623,0.8060520324363187,0.18613963853285548,1.0,0.0,-0.12123202617656836,1.5419205361639805,0
0.5829479787780677,0.0,1.430538452483767,-0.8795103745102193,0.2361576369555419,0.26830447523237333,-0.3919063374300445,0.9347360339290371,-2.032443620737124,0.0,0.0,-1.7989513842476996,0.003276251669490196,0
0.35339972946965464,0.0,1.647319010761206,1.1946979528393167,-1.0404898875020365,-1.076306479538755,-0.02899096777841141,-0.8725708510892921,0.18613963853285548,0.0,0.0,-0.12123202617656836,-0.6620284858724659,0
-1.012053753692239,0.0,-0.3251261608248572,1.1946979528393167,0.7357934128741355,0.8391648571679861,1.445975315563794,0.5785153380242523,-0.9231519911021343,1.0,0.0,-0.6804718122002787,1.5837038785922721,0
0.5829479787780677,0.0,0.461768744122683,-0.8795103745102193,-0.16701755010409683,0.0786539932463993,-0.3919063374300445,-0.31889890269653554,0.18613963853285548,0.0,1.0,-0.12123202617656836,-0.46280886737685384,0
0.35339972946965464,0.0,-1.2418825974008505,1.1946979528393167,-0.35499967896989004,-0.4485275487942812,0.424859269722891,-0.0008867506627574296,0.18613963853285548,0.0,0.0,-0.12123202617656836,-0.04406565570405286,0
-1.012053753692239,0.0,-2.035513619812486,0.697684930971013,-0.6803617900628744,-0.9222319226746506,-1.5072920519457886,-1.3040579861083508,0.18613963853285548,0.0,0.0,-0.12123202617656836,-1.024852009397453,1
-1.012053753692239,0.0,1.020324751826462,-0.8795103745102193,-1.511635765946247,-1.6271094250024807,-0.34278061469339505,-1.0715844008170172,0.18613963853285548,0.0,1.0,-0.12123202617656836,-1.0620841363437787,1
0.6865551185257461,0.0,1.430538452483767,-0.8795103745102193,-0.6630093913077219,-0.7864686628999003,0.04579181165646059,-1.0715844008170172,0.18613963853285548,0.0,1.0,-0.12123202617656836,-0.4711429318613713,0
-1.4721891215616434,0.0,0.12596723534148388,-0.8795103745102193,0.5828736262214665,0.0786539932463993,0.7446340814570775,-0.0008867506627574296,-0.9231519911021343,0.0,0.0,-0.6804718122002787,0.6727478686328596,0
1.1274872107053646,0.0,0.8266788390641504,1.4347876498624124,1.135493920204014,1.0324411393024084,1.0755381544477365,1.0583591808618793,0.18613963853285548,0.0,0.0,-0.12123202617656836,1.077452881262083,0
2.281703090151351,0.0,-0.03129755540730531,1.667066840949515,2.0344533758095653,2.2278778668543855,-0.1472620689342646,2.3959250697011876,-0.9231519911021343,1.0,0.0,-0.6804718122002787,0.9697575104800946,0
0.7841165927033555,0.0,-1.1486189098802198,0.697684930971013,-0.5995523419067862,-0.4237299919284973,0.021947609361985223,-0.4609168016563328,-0.9231519911021343,0.0,0.0,-0.6804718122002787,-0.38622557007470354,0
1.047621135607331,0.0,-1.329436447453843,0.697684930971013,1.8790136561332547,1.9649699265574172,-1.5072920519457886,2.101675587139568,-0.9231519911021343,0.0,0.0,-0.6804718122002787,0.7918812318108338,0
1.4826869650373546,1.0,1.020324751826462,1.8159218925086418,1.2927897514717306,0.6695193840693882,-0.3919063374300445,1.216225360090411,2.404722897802835,1.0,0.0,2.6749669039419834,-0.35219955417587145,0
0.35339972946965464,0.0,0.6405298909516516,-0.8795103745102193,0.2859515964544129,0.2846509543916297,-0.6510697318600371,-0.18608610499023895,0.18613963853285548,0.0,0.0,-0.12123202617656836,-0.253327570191902,0
0.7841165927033555,0.0,1.020324751826462,-0.8795103745102193,-0.1701234249726752,0.23519554831297898,1.6531177941103956,0.4822024803158727,0.18613963853285548,0.0,0.0,-0.12123202617656836,1.656588982639945,0
0.2245460332616516,0.0,-1.6252591166453392,-0.8795103745102193,-0.42756376909315513,-0.6641389848940414,-0.5059682851583214,-0.5360063772889603,-0.9231519911021343,0.0,0.0,-0.6804718122002787,-0.5890383141696582,0
-1.4721891215616434,0.0,-1.0495141476718508,-0.8795103745102193,-0.9431245666219559,-1.257338550726375,0.021947609361985223,-1.4393186048761482,1.2954312681678453,0.0,1.0,1.556487331894563,-0.8556367300673783,1
-0.24938390894453497,1.0,-0.9444391811885324,0.697684930971013,-0.6716481128919547,-0.39933908986058203,1.2572045377803682,-0.6142506050345212,-0.9231519911021343,1.0,0.0,-0.6804718122002787,1.063143093282875,1
0.7841165927033555,0.0,-0.03129755540730531,1.667066840949515,1.1773185470641947,0.38000288413917455,-1.5072920519457886,0.27869756895634124,1.2954312681678453,0.0,0.0,1.556487331894563,-0.11522941120732204,0
-1.4721891215616434,0.0,-1.487950860074402,-0.8795103745102193,-0.8777582504105181,-0.6070100507667666,1.202278020507419,-1.1826182295476602,-0.9231519911021343,1.0,0.0,-0.6804718122002787,0.9543127662777371,0
0.35339972946965464,0.0,-0.03129755540730531,0.697684930971013,0.29608090683384863,0.21842668287078776,-0.5059682851583214,-0.4609168016563328,0.18613963853285548,0.0,0.0,-0.12123202617656836,-0.2202339191215179,0
-0.4534932381131697,0.0,-0.7158720037692985,-0.8795103745102193,1.0374038211309238,0.775392852965216,0.986867947159215,0.7619251298184915,0.18613963853285548,0.0,0.0,-0.12123202617656836,0.9532178597772446,0
-1.4721891215616434,0.0,-0.46192253572791986,-0.8795103745102193,-1.2770180150468766,-1.8108217731349643,-1.5072920519457886,-1.1826182295476602,-0.9231519911021343,0.0,1.0,-0.6804718122002787,-1.4690966066467066,0
1.2040372514157516,0.0,-0.8332668783246234,-0.8795103745102193,-0.6268632701801815,-0.39933908986058203,-0.05629982231812761,-0.968744774313427,0.18613963853285548,0.0,1.0,-0.12123202617656836,-0.5280582768363343,0
1.4166903618380977,0.0,1.020324751826462,1.5752618279022026,0.3544474842334452,0.6830282263656221,0.5831848741279877,1.1774541226784172,0.18613963853285548,0.0,0.0,-0.12123202617656836,0.3439940338651925,0
-0.07289576572182317,0.0,-1.9557629104763974,0.697684930971013,-0.514124971521488,-0.6352708672061055,-0.29771809938538085,-0.5360063772889603,0.18613963853285548,0.0,0.0,-0.12123202617656836,-0.6187700802045839,1
0.7841165927033555,0.0,1.020324751826462,1.1946979528393167,0.38444265760371116,0.5583673103886344,-0.3919063374300445,0.382393625891712,0.18613963853285548,0.0,0.0,-0.12123202617656836,-0.13916428946250153,0
-1.4721891215616434,0.0,0.2902850510173811,-0.8795103745102193,-1.039033847416862,-1.076306479538755,0.11184436778086729,-0.4609168016563328,-0.9231519911021343,0.0,1.0,-0.6804718122002787,-0.46336049894001974,0
0.08350622611294847,0.0,0.12596723534148388,-0.8795103745102193,0.24476213385394474,0.14984108315703443,-1.5072920519457886,-0.5360063772889603,0.18613963853285548,0.0,0.0,-0.12123202617656836,-0.354869160776902,0
-1.4721891215616434,0.0,-0.5921311266741747,0.697684930971013,0.7253796447648025,0.8011120777105697,1.434357294842396,0.4822024803158727,-0.9231519911021343,1.0,0.0,-0.6804718122002787,1.5637673992446202,0
-1.4721891215616434,0.0,-0.5921311266741747,-0.8795103745102193,-2.271301413069049,-2.0979157852458847,-1.5072920519457886,-2.0268289954725063,0.18613963853285548,0.0,1.0,-0.12123202617656836,-2.2568431171423695,1
1.1274872107053646,0.0,-0.7158720037692985,-0.8795103745102193,-0.833873074989109,-0.5255544800262242,-0.08500636257674449,-0.781954627922395,0.18613963853285548,0.0,1.0,-0.12123202617656836,-0.6314179065388316,0
-1.4721891215616434,1.0,-2.055130370381915,0.697684930971013,-0.6798757017711293,-0.8868079756552516,0.11184436778086729,-0.781954627922395,0.18613963853285548,0.0,0.0,-0.12123202617656836,-0.4256755742376331,1
1.047621135607331,0.0,0.2902850510173811,0.697684930971013,0.6293958220234162,0.7230740557318959,0.17103352023621246,0.2252488320656032,-0.9231519911021343,0.0,0.0,-0.6804718122002787,0.28819884260967854,0
0.8764122416617753,0.0,0.8266788390641504,1.1946979528393167,0.7975668657788292,0.44116600526156535,0.9525708924540658,0.9347360339290371,-0.9231519911021343,0.0,0.0,-0.6804718122002787,0.9568000882386545,0
1.047621135607331,0.0,-1.8833563609753177,0.697684930971013,1.1111261537056953,1.4889257711509576,0.6612385671642586,0.8495461729713818,2.404722897802835,0.0,0.0,2.6749669039419834,-0.11000898089308978,0
0.6865551185257461,0.0,1.430538452483767,0.697684930971013,-0.04926711598002125,0.14984108315703443,1.2478518611431648,0.4822024803158727,-0.9231519911021343,0.0,0.0,-0.6804718122002787,1.1339254212464789,0
0.964073858567003,0.0,2.104751684068571,1.4347876498624124,0.38444265760371116,0.6422534681290875,-0.08500636257674449,0.432757898856675,1.2954312681678453,0.0,0.0,1.556487331894563,-0.37358264859940843,0
-1.012053753692239,0.0,-0.3251261608248572,1.1946979528393167,0.7357934128741355,0.8391648571679861,1.445975315563794,0.5785153380242523,-0.9231519911021343,1.0,0.0,-0.6804718122002787,1.5837038785922721,0
0.5829479787780677,0.0,1.020324751826462,1.1946979528393167,0.34359773396365473,0.5440656997790116,-1.5072920519457886,0.2252488320656032,0.18613963853285548,0.0,0.0,-0.12123202617656836,-0.28502864245247206,0
-0.24938390894453497,0.0,-0.03129755540730531,-0.8795103745102193,0.40406504629516937,0.45617790096966415,-1.5072920519457886,-0.968744774313427,-0.9231519911021343,0.0,0.0,-0.6804718122002787,-0.1629704784637836,1
0.7841165927033555,1.0,0.461768744122683,-0.8795103745102193,-0.1898638045309183,0.09670929282765271,0.6363344069825336,0.8495461729713818,1.2954312681678453,0.0,1.0,1.556487331894563,-0.1441688848223212,1
1.1274872107053646,0.0,0.8266788390641504,0.697684930971013,0.4030160747043509,0.38000288413917455,-0.3919063374300445,0.7619251298184915,-2.032443620737124,0.0,0.0,-1.7989513842476996,0.11024763391247593,0
0.5829479787780677,0.0,0.12596723534148388,-0.8795103745102193,1.7292393274651483,1.4889257711509576,-1.5072920519457886,1.1774541226784172,0.18613963853285548,0.0,0.0,-0.12123202617656836,0.5888763920839809,0
1.6084561656599872,0.0,-0.3251261608248572,-0.8795103745102193,-0.9334769823043625,-0.2829146346091301,-1.5072920519457886,-0.4609168016563328,-0.9231519911021343,0.0,1.0,-0.6804718122002787,-1.157047951312559,1
1.1274872107053646,0.0,1.2215756502689943,1.4347876498624124,0.8075817326595546,0.48588193502091354,0.9772615336961915,1.017678909606691,-0.9231519911021343,0.0,0.0,-0.6804718122002787,0.9868796140373812,0
1.348389454007024,0.0,0.6405298909516516,1.4347876498624124,1.217642886708848,1.101161176481722,1.1155473095485038,1.0985370245410373,0.18613963853285548,0.0,0.0,-0.12123202617656836,1.1461758005385732,0
-0.6985221790742214,0.0,0.2902850510173811,1.4347876498624124,0.7495866847824078,0.8641943950641062,1.4686009627583492,0.7619251298184915,-0.9231519911021343,1.0,0.0,-0.6804718122002787,1.621324809527864,0
0.4723153205103732,0.0,0.6405298909516516,-0.8795103745102193,-0.3666038962571172,0.004582783269003773,1.6026762259169647,0.33105875939802537,0.18613963853285548,0.0,0.0,-0.12123202617656836,1.5484919289969905,0
0.8764122416617753,0.0,-0.5921311266741747,-0.8795103745102193,-0.9082701943426436,-0.473750457681484,0.021947609361985223,-0.5360063772889603,-0.9231519911021343,0.0,1.0,-0.6804718122002787,-0.5011287847320552,0
-1.4721891215616434,0.0,0.461768744122683,-0.8795103745102193,-0.32295529917681826,-0.32843814160131607,1.5440606571631112,-0.0008867506627574296,0.18613963853285548,0.0,0.0,-0.12123202617656836,1.4496332082571561,0
-0.07289576572182317,0.0,-0.03129755540730531,0.697684930971013,-0.4244958635510838,-0.5793234579425617,-0.5059682851583214,-1.3040579861083508,1.2954312681678453,0.0,0.0,1.556487331894563,-0.9146724806798878,0
0.6865551185257461,0.0,1.020324751826462,0.697684930971013,-0.10284799769733821,-0.17447737485093776,1.5260039451303813,0.17064504865893973,0.18613963853285548,0.0,0.0,-0.12123202617656836,1.4425233276949825,0
-0.24938390894453497,0.0,0.461768744122683,-0.8795103745102193,-0.06641338745408093,-0.8189996955752258,1.776400260443726,-1.3040579861083508,0.18613963853285548,0.0,0.0,-0.12123202617656836,1.889953809248292,0
-1.4721891215616434,0.0,0.12596723534148388,-0.8795103745102193,-1.1756677401296092,-1.9318764786094749,-1.5072920519457886,-1.4393186048761482,1.2954312681678453,0.0,1.0,1.556487331894563,-1.5903609853270273,1
-0.24938390894453497,0.0,-2.055130370381915,0.697684930971013,-0.4248789035904784,-0.7238459676478477,-1.1855370315326892,-1.1826182295476602,0.18613963853285548,0.0,0.0,-0.12123202617656836,-0.8048209795002007,1
0.4723153205103732,0.0,1.2215756502689943,1.4347876498624124,0.07948374124040329,-0.32843814160131607,1.8683029931795654,-0.3886420715982743,1.2954312681678453,0.0,0.0,1.556487331894563,1.5044754468980404,0
0.964073858567003,1.0,0.461768744122683,-0.8795103745102193,0.021313682657261395,-0.1536259367112664,-0.11526604073060712,-0.12263695232921346,0.18613963853285548,0.0,1.0,-0.12123202617656836,-0.25318781463640755,1
0.964073858567003,0.0,2.104751684068571,1.1946979528393167,1.7292393274651483,1.603702037086043,-0.1472620689342646,1.2545582777324633,0.18613963853285548,0.0,0.0,-0.12123202617656836,0.6818469757238005,0
-1.4721891215616434,0.0,0.461768744122683,-0.8795103745102193,-0.9113809689980364,-1.076306479538755,-1.5072920519457886,-0.6142506050345212,-0.9231519911021343,0.0,1.0,-0.6804718122002787,-1.152978514998981,1
-0.07289576572182317,0.0,-2.035513619812486,0.697684930971013,0.34468602832235673,-0.23866380856018854,1.3274428864464098,-0.6960629002177537,0.18613963853285548,0.0,0.0,-0.12123202617656836,1.1964386479627163,0
1.1274872107053646,0.0,0.8266788390641504,0.697684930971013,0.19167224370895822,0.45617790096966415,-0.5059682851583214,0.33105875939802537,0.18613963853285548,0.0,0.0,-0.12123202617656836,-0.2808443394608423,0
0.5829479787780677,0.0,0.6405298909516516,1.1946979528393167,0.7110503523586617,0.775392852965216,0.17103352023621246,0.382393625891712,0.18613963853285548,0.0,0.0,-0.12123202617656836,0.23226530354925926,0
-1.4721891215616434,0.0,0.2902850510173811,-0.8795103745102193,-0.6630093913077219,-0.3517088458005675,-1.5072920519457886,-1.3040579861083508,0.18613963853285548,0.0,1.0,-0.12123202617656836,-1.0044762212377878,0
-1.4721891215616434,0.0,0.2902850510173811,-0.8795103745102193,-0.5685646583052513,-0.17447737485093776,0.3873708945356991,0.17064504865893973,0.18613963853285548,0.0,1.0,-0.12123202617656836,-0.1420209091892553,0
-0.07289576572182317,0.0,0.2902850510173811,-0.8795103745102193,0.2597626997236573,0.2015103997107105,-0.5059682851583214,-0.12263695232921346,-0.9231519911021343,0.0,0.0,-0.6804718122002787,-0.15926000216418254,0
1.6685246921819126,0.0,-0.03129755540730531,1.1946979528393167,1.83292513373875,1.973265277426176,0.41262740123801345,0.432757898856675,0.18613963853285548,0.0,0.0,-0.12123202617656836,0.8955743331054988,0
0.35339972946965464,0.0,-0.03129755540730531,1.4347876498624124,0.8195291064299609,0.9256364720719894,1.481804914485431,0.8060520324363187,-0.9231519911021343,1.0,0.0,-0.6804718122002787,1.6559914020282096,0
-0.07289576572182317,0.0,1.020324751826462,0.697684930971013,0.6925346603983793,0.34871995104993136,0.9215746400273038,0.8060520324363187,-0.9231519911021343,0.0,0.0,-0.6804718122002787,0.889454218347461,0
-1.4721891215616434,0.0,-0.9444391811885324,-0.8795103745102193,-1.2619964421665624,-1.5517802215308147,-0.8519084961219504,-1.1826182295476602,1.2954312681678453,0.0,1.0,1.556487331894563,-1.4728529250674625,0
-1.4721891215616434,0.0,-1.487950860074402,-0.8795103745102193,-0.10137148240131602,-0.05306319911326454,-1.5072920519457886,-0.0609482951462328,0.18613963853285548,0.0,0.0,-0.12123202617656836,-0.5942584573602571,0
1.4826869650373546,0.0,1.2215756502689943,1.5752618279022026,1.170406106662081,1.0784634045810304,1.1308605931270026,1.2545582777324633,0.18613963853285548,0.0,0.0,-0.12123202617656836,1.1483946899365844,0
0.08350622611294847,0.0,0.461768744122683,-0.8795103745102193,-0.46861509612486824,-0.11268564702923983,0.30430790550158904,-0.0609482951462328,0.18613963853285548,0.0,1.0,-0.12123202617656836,-0.18747553050422364,0
-0.07289576572182317,0.0,0.6405298909516516,0.697684930971013,-0.6440723995602212,-0.8189996955752258,-0.5059682851583214,-1.594191099233689,1.2954312681678453,0.0,0.0,1.556487331894563,-1.0271650574824664,0
1.4166903618380977,0.0,1.647319010761206,1.4347876498624124,0.6403801411993311,0.8391648571679861,0.3743221429122441,0.382393625891712,0.18613963853285548,0.0,0.0,-0.12123202617656836,0.30850927154898705,0
-1.012053753692239,0.0,0.2902850510173811,-0.8795103745102193,-0.050687766413276235,-0.7238459676478477,1.81286243726632,-1.0715844008170172,0.18613963853285548,0.0,0.0,-0.12123202617656836,1.9599431629886221,0
-1.4721891215616434,0.0,-0.03129755540730531,-0.8795103745102193,-0.14030427727568176,-0.9222319226746506,1.8036000391214841,-1.3040579861083508,0.18613963853285548,0.0,0.0,-0.12123202617656836,1.9346216889858059,0
1.047621135607331,1.0,0.461768744122683,-0.8795103745102193,-0.06698866810759087,0.004582783269003773,0.3873708945356991,0.5785153380242523,0.18613963853285548,0.0,1.0,-0.12123202617656836,0.02339108829215031,1
1.2040372514157516,0.0,1.020324751826462,0.697684930971013,0.3572564183970385,0.31694313114105294,-0.08500636257674449,0.9764777356110778,-2.032443620737124,0.0,0.0,-1.7989513842476996,0.18511049167538643,0
-1.4721891215616434,0.0,-0.8332668783246234,-0.8795103745102193,-0.18671016760589618,-1.1626600424566094,-1.5072920519457886,-0.8725708510892921,0.18613963853285548,0.0,0.0,-0.12123202617656836,-0.663151803898335,0
1.8389246320946688,0.0,0.461768744122683,1.8449234868866584,1.3892822779168008,0.7624248672142554,-0.3919063374300445,1.0583591808618793,2.404722897802835,1.0,0.0,2.6749669039419834,-0.30877744356515546,0
0.08350622611294847,0.0,0.6405298909516516,-0.8795103745102193,-0.6740609884316724,-0.7238459676478477,0.2737585998685261,0.17064504865893973,0.18613963853285548,0.0,1.0,-0.12123202617656836,-0.28271772141277013,0
-0.24938390894453497,0.0,1.2215756502689943,-0.8795103745102193,-0.90208193542597,-0.7864686628999003,0.09066795769800697,-0.4609168016563328,0.18613963853285548,0.0,1.0,-0.12123202617656836,-0.5155766316713083,0
1.2775822509180437,0.0,0.6405298909516516,1.1946979528393167,1.1460296256347968,0.9736831732039121,0.9724017549529482,1.017678909606691,0.18613963853285548,0.0,0.0,-0.12123202617656836,0.975707849891944,0
-1.4721891215616434,0.0,1.2215756502689943,-0.8795103745102193,-0.3521162598506749,0.06041869553875765,-0.8519084961219504,0.6254659586163507,-0.9231519911021343,0.0,0.0,-0.6804718122002787,-0.6280221083990905,0
0.08350622611294847,0.0,0.6405298909516516,0.697684930971013,-0.17885969148180839,-0.26063608837311514,1.4968759351299343,-0.12263695232921346,0.18613963853285548,0.0,0.0,-0.12123202617656836,1.384769457496052,0
0.5829479787780677,0.0,1.430538452483767,-0.8795103745102193,-0.3953771498121693,0.02338831919764908,0.5145209391695161,0.17064504865893973,1.2954312681678453,0.0,1.0,1.556487331894563,-0.305389202062058,0
0.7841165927033555,0.0,0.461768744122683,0.697684930971013,0.07299144824539132,0.16722133829873997,1.2254758286775493,0.17064504865893973,-0.9231519911021343,0.0,0.0,-0.6804718122002787,1.1220371311328294,0
0.35339972946965464,0.0,0.2902850510173811,0.697684930971013,1.4781280646129311,1.389537393509255,-0.2560831944486632,1.1774541226784172,0.18613963853285548,0.0,0.0,-0.12123202617656836,0.5220774188786254,0
-1.4721891215616434,0.0,-0.03129755540730531,-0.8795103745102193,-0.11531567766362127,0.2015103997107105,-1.5072920519457886,-0.6142506050345212,-0.9231519911021343,0.0,0.0,-0.6804718122002787,-0.5294168707171735,0
0.08350622611294847,0.0,0.6405298909516516,-0.8795103745102193,-1.0210553360655665,-1.2088238377712506,-0.4459281988232748,-1.594191099233689,-0.9231519911021343,0.0,1.0,-0.6804718122002787,-0.8922590331018097,1
-0.6985221790742214,0.0,0.2902850510173811,0.697684930971013,1.405476299641532,1.3384534974805933,0.30430790550158904,1.3299641777568034,1.2954312681678453,0.0,0.0,1.556487331894563,0.2296714698909075,0
0.5829479787780677,0.0,2.104751684068571,1.1946979528393167,-0.15006649155701415,0.26830447523237333,-0.08500636257674449,0.8060520324363187,-0.9231519911021343,0.0,0.0,-0.6804718122002787,-0.24145315871889664,0
-1.4721891215616434,0.0,-0.03129755540730531,-0.8795103745102193,0.10210740488663703,0.38000288413917455,-0.7419059021457265,0.4822024803158727,-0.9231519911021343,0.0,0.0,-0.6804718122002787,-0.3037274348169613,0
0.35339972946965464,1.0,1.020324751826462,1.1946979528393167,-0.8407524521896328,-0.9965651623037695,0.021947609361985223,-0.8725708510892921,1.2954312681678453,0.0,0.0,1.556487331894563,-0.8247904584710907,1
0.6865551185257461,0.0,-0.9444391811885324,0.697684930971013,-0.8777582504105181,-0.6070100507667666,-0.5059682851583214,-1.594191099233689,-0.9231519911021343,0.0,0.0,-0.6804718122002787,-0.8467460361675057,0
-1.4721891215616434,0.0,-0.46192253572791986,-0.8795103745102193,-0.514124971521488,-0.8868079756552516,-1.5072920519457886,-1.1826182295476602,0.18613963853285548,0.0,0.0,-0.12123202617656836,-0.8996518207968237,0
-0.07289576572182317,0.0,0.12596723534148388,-0.8795103745102193,-0.7811568188569528,-0.9222319226746506,-0.5059682851583214,-0.781954627922395,-0.9231519911021343,0.0,1.0,-0.6804718122002787,-0.7969544794287295,0
0.35339972946965464,0.0,1.020324751826462,-0.8795103745102193,1.6636216483802102,1.4495993077391918,-0.5059682851583214,0.5785153380242523,0.18613963853285548,0.0,0.0,-0.12123202617656836,0.5949911729476397,0
-1.4721891215616434,0.0,-0.18162350062635982,-0.8795103745102193,0.6425688387534623,0.38000288413917455,1.1954902947224784,0.11481150538227353,0.18613963853285548,0.0,0.0,-0.12123202617656836,1.0799142313711452,0
-1.4721891215616434,0.0,0.8266788390641504,-0.8795103745102193,-0.2890028773740385,0.09670929282765271,-0.5735904547911599,0.8060520324363187,-2.032443620737124,0.0,0.0,-1.7989513842476996,-0.39102859220655917,0
-1.4721891215616434,0.0,0.12596723534148388,-0.8795103745102193,-0.3586138153775383,-0.26063608837311514,1.107747819338259,0.17064504865893973,-0.9231519911021343,0.0,0.0,-0.6804718122002787,0.8736849135689638,0
-0.07289576572182317,0.0,-0.18162350062635982,-0.8795103745102193,1.6961092591085054,1.4297244056875984,-1.5072920519457886,1.0985370245410373,0.18613963853285548,0.0,0.0,-0.12123202617656836,0.5688550636287928,0
0.8764122416617753,0.0,0.461768744122683,1.1946979528393167,1.1192336434045673,0.9736831732039121,1.0837477238978421,1.0985370245410373,0.18613963853285548,0.0,0.0,-0.12123202617656836,1.0809677711982195,0
-0.07289576572182317,0.0,0.8266788390641504,-0.8795103745102193,-1.119439240748944,-1.257338550726375,-0.5059682851583214,-1.594191099233689,-0.9231519911021343,0.0,1.0,-0.6804718122002787,-0.9763090259526304,0
-1.4721891215616434,0.0,-0.3251261608248572,-0.8795103745102193,-1.3637253948118084,-1.4836057089681398,-1.5072920519457886,-1.594191099233689,-0.9231519911021343,0.0,1.0,-0.6804718122002787,-1.541407465659394,0
1.5465566591620816,1.0,1.020324751826462,1.8449234868866584,1.309064385584634,0.6422534681290875,-0.29771809938538085,1.216225360090411,2.404722897802835,0.0,0.0,2.6749669039419834,-0.3335395040850797,0
-1.4721891215616434,0.0,-0.8332668783246234,-0.8795103745102193,-0.08377904243332623,0.1145892787914231,-0.3919063374300445,0.11481150538227353,0.18613963853285548,0.0,0.0,-0.12123202617656836,-0.4149204566797025,0
-1.4721891215616434,0.0,-0.18162350062635982,-0.8795103745102193,-1.0626608718958899,-1.3629201294818385,-1.5072920519457886,-1.3040579861083508,0.18613963853285548,0.0,0.0,-0.12123202617656836,-1.3292719312246517,0
-1.012053753692239,0.0,-0.18162350062635982,1.4347876498624124,0.7555887334908051,0.9134738420375053,1.5157508316112132,0.7619251298184915,-0.9231519911021343,1.0,0.0,-0.6804718122002787,1.696459529689522,0
0.08350622611294847,0.0,0.2902850510173811,0.697684930971013,-0.019768120203613057,-0.6070100507667666,-0.5059682851583214,-0.2514482231001947,0.18613963853285548,0.0,0.0,-0.12123202617656836,-0.41625766181659923,0
-0.6985221790742214,0.0,-0.18162350062635982,-0.8795103745102193,0.8641522773593187,1.0208011946350248,1.6597798948222797,0.9347360339290371,-0.9231519911021343,0.0,0.0,-0.6804718122002787,1.9527963228582403,0
0.4723153205103732,0.0,-0.18162350062635982,-0.8795103745102193,0.14533885385814194,0.3644218685281948,0.09066795769800697,0.382393625891712,-0.9231519911021343,0.0,0.0,-0.6804718122002787,0.0020117822485880062,0
-1.4721891215616434,0.0,0.2902850510173811,-0.8795103745102193,-1.5904027080652132,-1.712049814457204,-1.5072920519457886,-0.6142506050345212,-0.9231519911021343,0.0,1.0,-0.6804718122002787,-1.7483727292729396,0
-0.24938390894453497,0.0,0.8266788390641504,1.1946979528393167,-0.00181738106369528,-0.473750457681484,1.8597857975065406,-0.5360063772889603,1.2954312681678453,0.0,0.0,1.556487331894563,1.4835409491535845,0
-1.4721891215616434,0.0,-0.03129755540730531,-0.8795103745102193,-2.271301413069049,-2.0979157852458847,-1.5072920519457886,-2.0268289954725063,0.18613963853285548,0.0,1.0,-0.12123202617656836,-2.2568431171423695,1
-0.07289576572182317,0.0,-1.4114139258166871,-0.8795103745102193,0.08336513171081271,0.1145892787914231,-0.5059682851583214,0.2252488320656032,0.18613963853285548,0.0,0.0,-0.12123202617656836,-0.3489560230007116,0
1.6084561656599872,1.0,0.461768744122683,-0.8795103745102193,-0.8898357666851022,-0.0727088154730665,0.09066795769800697,0.057665153009515184,-0.9231519911021343,0.0,1.0,-0.6804718122002787,-0.4317625828752574,1
-1.4721891215616434,0.0,-1.1486189098802198,-0.8795103745102193,-0.050687766413276235,0.09670929282765271,-1.5072920519457886,-0.0008867506627574296,0.18613963853285548,0.0,0.0,-0.12123202617656836,-0.5573340445295657,0
-0.07289576572182317,0.0,0.6405298909516516,-0.8795103745102193,-1.2444102409634479,-1.3629201294818385,-0.5059682851583214,-1.3040579861083508,0.18613963853285548,0.0,1.0,-0.12123202617656836,-1.090444485332647,1
0.4723153205103732,0.0,1.020324751826462,0.697684930971013,-0.16021064634478385,-0.1955945586379102,1.5074298672141886,-0.0008867506627574296,0.18613963853285548,0.0,0.0,-0.12123202617656836,1.4046764699286314,0
-1.4721891215616434,0.0,-1.5591855870497442,-0.8795103745102193,-0.5995523419067862,-0.7864686628999003,0.22468124808969311,-0.2514482231001947,-0.9231519911021343,0.0,0.0,-0.6804718122002787,-0.22239536982138408,0
0.5829479787780677,0.0,0.461768744122683,0.697684930971013,1.7097426379933691,1.4693322004433054,-0.5059682851583214,1.017678909606691,0.18613963853285548,0.0,0.0,-0.12123202617656836,0.621516702491712,0
-1.4721891215616434,1.0,-1.1486189098802198,-0.8795103745102193,-0.8310219651381187,-0.5521808457454166,1.2351626735187333,-0.781954627922395,-0.9231519911021343,1.0,0.0,-0.6804718122002787,1.0116485173159786,1
-1.4721891215616434,0.0,0.2902850510173811,-0.8795103745102193,-0.6063131126890181,-0.7547689557144309,1.4296507003151369,-1.7800759131583497,0.18613963853285548,0.0,0.0,-0.12123202617656836,1.2284427120286296,0
1.047621135607331,0.0,0.461768744122683,1.1946979528393167,1.1537217715591968,1.0091061381190292,1.091850671276482,1.0985370245410373,0.18613963853285548,0.0,0.0,-0.12123202617656836,1.1004898426553769,0
0.08350622611294847,0.0,0.461768744122683,0.697684930971013,0.09750845969818887,0.45617790096966415,0.5547226911301306,0.5307740080750752,0.18613963853285548,0.0,0.0,-0.12123202617656836,0.22739821334445795,0
0.5829479787780677,0.0,1.020324751826462,-0.8795103745102193,-0.40550444334792607,-0.0925805927386985,-0.5059682851583214,-1.3040579861083508,0.18613963853285548,0.0,1.0,-0.12123202617656836,-0.6407627482782378,0
-0.07289576572182317,0.0,-0.8332668783246234,-0.8795103745102193,-1.3874647004500376,-1.4836057089681398,-0.5059682851583214,-1.594191099233689,1.2954312681678453,0.0,1.0,1.556487331894563,-1.3472419459362495,0
0.964073858567003,0.0,1.020324751826462,1.1946979528393167,0.17355387522444368,0.5296681287064666,0.2073487160052933,0.382393625891712,0.18613963853285548,0.0,0.0,-0.12123202617656836,-0.003968484444463928,0
1.4826869650373546,1.0,-0.8332668783246234,-0.8795103745102193,-0.862889607557567,-0.2829146346091301,-0.4459281988232748,-0.2514482231001947,-0.9231519911021343,0.0,1.0,-0.6804718122002787,-0.8036053268676512,1
0.5829479787780677,0.0,1.872022146645339,1.1946979528393167,0.925355735281373,1.179041504793301,1.6999524537652269,1.216225360090411,0.18613963853285548,0.0,0.0,-0.12123202617656836,1.8834897668235757,0
0.2245460332616516,0.0,0.12596723534148388,0.697684930971013,0.9127975973425311,1.0898378755974683,1.6712781547215239,1.017678909606691,0.18613963853285548,0.0,0.0,-0.12123202617656836,1.8336473998549905,0
-0.6985221790742214,0.0,0.461768744122683,-0.8795103745102193,-0.8002313873085796,-1.0356937365568895,-0.3919063374300445,-0.3886420715982743,-0.9231519911021343,0.0,1.0,-0.6804718122002787,-0.7497135343119499,0
0.4723153205103732,0.0,0.6405298909516516,0.697684930971013,0.3716558663787201,0.5151728517444565,-0.5059682851583214,0.27869756895634124,0.18613963853285548,0.0,0.0,-0.12123202617656836,-0.17234158186364387,0
1.4826869650373546,0.0,1.020324751826462,1.4347876498624124,0.6512966965308369,0.8011120777105697,0.33333056902892305,0.432757898856675,0.18613963853285548,0.0,0.0,-0.12123202617656836,0.28865235649763343,0
-0.07289576572182317,0.0,0.6405298909516516,-0.8795103745102193,-0.8759608018970165,-1.1185646336077608,-0.11526604073060712,-1.0715844008170172,1.2954312681678453,0.0,1.0,1.556487331894563,-0.9297788018319589,1
-1.4721891215616434,0.0,-0.03129755540730531,1.1946979528393167,-1.0778007031663077,-1.3629201294818385,-0.05629982231812761,-0.31889890269653554,2.404722897802835,0.0,0.0,2.6749669039419834,-1.1924052147520556,0
1.2775822509180437,0.0,0.8266788390641504,1.8159218925086418,1.258538047574357,0.6146473417131381,-0.9918459235005864,1.017678909606691,2.404722897802835,0.0,0.0,2.6749669039419834,-0.4103184884557714,0
0.5829479787780677,0.0,0.6405298909516516,0.697684930971013,0.34032839130069126,0.33289458399522215,-0.5059682851583214,-0.18608610499023895,0.18613963853285548,0.0,0.0,-0.12123202617656836,-0.19270477903065292,0
0.08350622611294847,0.0,-2.035513619812486,1.4347876498624124,0.4201347786809437,-0.0925805927386985,1.3780294983912644,0.27869756895634124,0.18613963853285548,0.0,0.0,-0.12123202617656836,1.285169251075795,0
0.7841165927033555,0.0,-1.1486189098802198,-0.8795103745102193,-0.6245596628271213,-0.473750457681484,0.17103352023621246,-0.2514482231001947,-0.9231519911021343,0.0,0.0,-0.6804718122002787,-0.2762490184649293,0
0.2245460332616516,0.0,0.6405298909516516,0.697684930971013,0.3183593728374298,0.4710825342868126,-0.9918459235005864,0.27869756895634124,0.18613963853285548,0.0,0.0,-0.12123202617656836,-0.2735312839909204,0
0.4723153205103732,1.0,0.8266788390641504,-0.8795103745102193,-0.8928812608506752,-0.9965651623037695,0.17103352023621246,-0.18608610499023895,-0.9231519911021343,0.0,1.0,-0.6804718122002787,-0.3653708476333486,1
-0.07289576572182317,0.0,0.12596723534148388,-0.8795103745102193,0.7259017497838793,0.26830447523237333,0.9268502742541038,0.8924329275229498,-0.9231519911021343,0.0,0.0,-0.6804718122002787,0.9055442531997464,0
-0.24938390894453497,0.0,-1.1486189098802198,-0.8795103745102193,-0.6072178673031765,-0.473750457681484,-1.5072920519457886,1.850364597445138,1.2954312681678453,0.0,0.0,1.556487331894563,-1.1860123490698866,0
-0.4534932381131697,0.0,0.12596723534148388,-0.8795103745102193,0.18806599385159894,0.0786539932463993,-1.5072920519457886,-0.6142506050345212,-0.9231519911021343,0.0,0.0,-0.6804718122002787,-0.31559177182065745,0
-0.4534932381131697,0.0,-1.4114139258166871,0.697684930971013,-0.47060760878847935,-0.6070100507667666,0.33333056902892305,-0.12263695232921346,-0.9231519911021343,0.0,0.0,-0.6804718122002787,-0.07969038366261949,0
-1.4721891215616434,0.0,-0.18162350062635982,-0.8795103745102193,-0.4187655272094566,-0.2169867647588109,-1.5072920519457886,0.33105875939802537,-2.032443620737124,0.0,0.0,-1.7989513842476996,-0.6427325098370724,0
1.2775822509180437,0.0,-0.7158720037692985,-0.8795103745102193,-0.7312410600589948,-0.49941885605417785,0.1322625095167463,-0.5360063772889603,0.18613963853285548,0.0,1.0,-0.12123202617656836,-0.4239863672554175,0
-1.4721891215616434,0.0,-0.3251261608248572,-0.8795103745102193,-2.271301413069049,-2.0979157852458847,-1.5072920519457886,-2.0268289954725063,1.2954312681678453,0.0,0.0,1.556487331894563,-2.2568431171423695,0
0.08350622611294847,0.0,-1.1486189098802198,-0.8795103745102193,-1.2872281425684777,-0.8868079756552516,-0.8519084961219504,-1.1826182295476602,-0.9231519911021343,0.0,1.0,-0.6804718122002787,-1.2488428791030128,0
0.35339972946965464,0.0,0.2902850510173811,-0.8795103745102193,0.13040213194142983,0.4108119821788188,0.15197615836469722,0.33105875939802537,0.18613963853285548,0.0,0.0,-0.12123202617656836,-0.057678458171719384,0
-1.012053753692239,0.0,0.2902850510173811,-0.8795103745102193,0.0207737777965127,-0.0925805927386985,-1.5072920519457886,-0.12263695232921346,-2.032443620737124,0.0,0.0,-1.7989513842476996,-0.30275024439640225,0
1.4166903618380977,0.0,-1.7425011089148845,1.4347876498624124,0.7925391624132107,1.3073310512279555,0.905470536220712,1.616526884008438,-0.9231519911021343,1.0,0.0,-0.6804718122002787,0.9095226956983694,0
-1.4721891215616434,0.0,-0.3251261608248572,-0.8795103745102193,-2.271301413069049,-2.0979157852458847,-1.5072920519457886,-2.0268289954725063,-0.9231519911021343,0.0,1.0,-0.6804718122002787,-2.2568431171423695,0
-0.4534932381131697,0.0,0.12596723534148388,-0.8795103745102193,0.6925346603983793,0.2518203896575308,0.877654397692173,0.7619251298184915,-0.9231519911021343,0.0,0.0,-0.6804718122002787,0.8428668925880616,0
0.7841165927033555,0.0,0.8266788390641504,-0.8795103745102193,1.7168014049915041,1.4889257711509576,-0.5059682851583214,1.0583591808618793,0.18613963853285548,0.0,0.0,-0.12123202617656836,0.6256762634457822,0
0.08350622611294847,0.0,0.6405298909516516,-0.8795103745102193,1.8637457822774461,1.6316873713333473,1.1232507678454522,0.6716623488153538,-0.9231519911021343,0.0,0.0,-0.6804718122002787,1.5033479655120459,0
-1.4721891215616434,0.0,-0.5921311266741747,-0.8795103745102193,-0.2463539886576125,-0.1955945586379102,1.1383790947465053,-0.18608610499023895,-0.9231519911021343,0.0,0.0,-0.6804718122002787,0.9369916271851325,0
-1.4721891215616434,0.0,0.12596723534148388,-0.8795103745102193,0.8274518988931692,0.9736831732039121,1.6647324194439572,1.017678909606691,-0.9231519911021343,0.0,0.0,-0.6804718122002787,1.954789241506314,0
0.35339972946965464,0.0,0.461768744122683,-0.8795103745102193,-0.29071246862410466,0.0786539932463993,1.6187509951367038,0.057665153009515184,0.18613963853285548,0.0,0.0,-0.12123202617656836,1.5838837155636545,0
0.35339972946965464,0.0,0.461768744122683,-0.8795103745102193,-0.4360431195684708,-0.32843814160131607,-0.11526604073060712,0.6716623488153538,0.18613963853285548,0.0,1.0,-0.12123202617656836,-0.4806388938590487,1
0.08350622611294847,0.0,-1.1486189098802198,1.1946979528393167,0.15767201476057321,0.2846509543916297,0.18947797787923643,0.8924329275229498,0.18613963853285548,0.0,0.0,-0.12123202617656836,-0.02376387949736061,0
-0.6985221790742214,0.0,0.6405298909516516,-0.8795103745102193,-0.32295529917681826,-0.3517088458005675,1.4730323596184525,-0.31889890269653554,0.18613963853285548,0.0,0.0,-0.12123202617656836,1.3289648529036935,0
-0.4534932381131697,0.0,-0.03129755540730531,-0.8795103745102193,-0.052109895356875297,-0.7547689557144309,-0.3919063374300445,-0.18608610499023895,0.18613963853285548,0.0,0.0,-0.12123202617656836,-0.40297613542674265,0
0.35339972946965464,0.0,0.6405298909516516,1.4347876498624124,0.1253893992112051,-0.37533744672449043,1.846177815548448,0.17064504865893973,0.18613963853285548,0.0,0.0,-0.12123202617656836,2.0394393782234266,0
1.2775822509180437,0.0,1.2215756502689943,1.4347876498624124,0.5286593847402877,0.7098042908981944,-0.08500636257674449,0.382393625891712,1.2954312681678453,0.0,0.0,1.556487331894563,-0.3050196602597531,0
-0.6985221790742214,0.0,-1.1486189098802198,-0.8795103745102193,0.0022924354402456266,0.1145892787914231,-0.4459281988232748,0.17064504865893973,0.18613963853285548,0.0,0.0,-0.12123202617656836,-0.38132774329480185,0
1.7268865040398134,0.0,-0.3251261608248572,1.5752618279022026,1.9470829963173477,2.142610683512403,0.2415078628653102,2.4524594791293293,-0.9231519911021343,1.0,0.0,-0.6804718122002787,1.0113371074001167,0
1.8927920133992675,0.0,0.12596723534148388,1.4347876498624124,1.8724090787509418,1.9897901013101025,0.5145209391695161,0.6716623488153538,0.18613963853285548,0.0,0.0,-0.12123202617656836,0.9587435104047296,0
0.2245460332616516,0.0,-1.5591855870497442,0.697684930971013,-0.384226845043054,-0.49941885605417785,0.28923433604572274,-0.2514482231001947,0.18613963853285548,0.0,0.0,-0.12123202617656836,-0.17413998595428415,0
-1.4721891215616434,0.0,-0.03129755540730531,-0.8795103745102193,-0.8819665713464713,-1.2088238377712506,0.06867303718851682,-0.18608610499023895,1.2954312681678453,0.0,1.0,1.556487331894563,-0.8034029110814962,1
-0.6985221790742214,0.0,0.461768744122683,-0.8795103745102193,0.11657572985340539,0.09670929282765271,-1.5072920519457886,-0.18608610499023895,-0.9231519911021343,0.0,0.0,-0.6804718122002787,-0.36554856661177226,0
0.5829479787780677,0.0,-1.6252591166453392,1.4347876498624124,-0.05125644034689601,-0.03363697408995959,0.3873708945356991,0.2252488320656032,0.18613963853285548,0.0,0.0,-0.12123202617656836,0.028965611197679535,0
1.783653034744592,0.0,1.430538452483767,1.5752618279022026,1.849410574259415,2.0062281181180226,0.6191375244033067,0.8060520324363187,0.18613963853285548,1.0,0.0,-0.12123202617656836,1.0001604816000642,0
-0.07289576572182317,0.0,0.6405298909516516,0.697684930971013,0.15963585602132382,0.5296681287064666,-1.5072920519457886,0.382393625891712,0.18613963853285548,0.0,0.0,-0.12123202617656836,-0.40843052945623953,0
-1.012053753692239,0.0,-1.2418825974008505,-0.8795103745102193,-0.5826176885176854,-0.39933908986058203,0.11184436778086729,1.9146749118999498,1.2954312681678453,0.0,0.0,1.556487331894563,-0.6777874085613541,0
0.08350622611294847,0.0,-0.03129755540730531,0.697684930971013,0.7607177807958736,0.5151728517444565,1.231950193315455,0.382393625891712,0.18613963853285548,0.0,0.0,-0.12123202617656836,1.1559464326238844,0
-0.07289576572182317,0.0,-0.8332668783246234,-0.8795103745102193,-0.7651097700479935,-0.9965651623037695,0.17103352023621246,-1.1826182295476602,1.2954312681678453,0.0,1.0,1.556487331894563,-0.6919418400372581,0
-1.4721891215616434,1.0,0.12596723534148388,-0.8795103745102193,-2.271301413069049,-2.0979157852458847,-1.5072920519457886,-2.0268289954725063,-0.9231519911021343,0.0,1.0,-0.6804718122002787,-2.2568431171423695,1
-0.24938390894453497,0.0,1.020324751826462,-0.8795103745102193,0.23429084679039355,0.21842668287078776,-0.4459281988232748,-0.0609482951462328,-0.9231519911021343,0.0,0.0,-0.6804718122002787,-0.16054278804976102,0
-1.4721891215616434,0.0,-0.18162350062635982,-0.8795103745102193,-0.5642109323915077,-0.32843814160131607,0.36097556023933375,0.057665153009515184,0.18613963853285548,0.0,1.0,-0.12123202617656836,-0.16683879823563283,0
-1.4721891215616434,0.0,-0.5921311266741747,-0.8795103745102193,0.15275103789801464,0.004582783269003773,-1.5072920519457886,-0.781954627922395,-0.9231519911021343,0.0,0.0,-0.6804718122002787,-0.34100351167524934,0
-1.4721891215616434,0.0,-2.035513619812486,0.697684930971013,0.23429084679039355,-0.37533744672449043,1.3162621557816838,-0.6960629002177537,0.18613963853285548,0.0,0.0,-0.12123202617656836,1.1597280983975982,0
0.5829479787780677,0.0,1.872022146645339,1.1946979528393167,-0.13575310201902116,-0.1536259367112664,1.5280352474351055,0.2252488320656032,1.2954312681678453,0.0,0.0,1.556487331894563,0.9418557071788372,0
0.08350622611294847,0.0,1.020324751826462,-0.8795103745102193,-0.13878546853208337,0.04199850807495892,1.2254758286775493,0.382393625891712,-0.9231519911021343,0.0,0.0,-0.6804718122002787,1.085020886724442,0
-1.4721891215616434,0.0,-0.5921311266741747,-0.8795103745102193,1.3911568866231512,1.2117089288894627,-1.5072920519457886,1.1382298578534331,0.18613963853285548,0.0,0.0,-0.12123202617656836,0.3844139167728915,0
0.35339972946965464,0.0,0.461768744122683,0.697684930971013,0.4055324746039329,0.5440656997790116,-0.8519084961219504,0.17064504865893973,0.18613963853285548,0.0,0.0,-0.12123202617656836,-0.20338244812969625,0
1.1274872107053646,0.0,0.8266788390641504,0.697684930971013,1.9262575670150495,1.6777356174744786,1.167583157749035,0.7619251298184915,-0.9231519911021343,0.0,0.0,-0.6804718122002787,1.569529994784662,0
0.4723153205103732,0.0,1.020324751826462,-0.8795103745102193,0.21785852806277003,0.21842668287078776,-0.5059682851583214,-1.3040579861083508,0.18613963853285548,0.0,0.0,-0.12123202617656836,-0.2672679496114361,0
-1.4721891215616434,0.0,-0.18162350062635982,-0.8795103745102193,-2.271301413069049,-2.0979157852458847,-1.5072920519457886,-2.0268289954725063,-0.9231519911021343,0.0,1.0,-0.6804718122002787,-2.2568431171423695,0
-0.6985221790742214,0.0,-0.03129755540730531,-0.8795103745102193,0.9697513418117607,0.7624248672142554,0.9372677616274029,1.017678909606691,0.18613963853285548,0.0,0.0,-0.12123202617656836,0.8814786654899964,0
0.7841165927033555,1.0,-1.9860170239087698,1.5752618279022026,-0.24701441667323626,-0.4237299919284973,0.17103352023621246,0.2252488320656032,0.18613963853285548,0.0,0.0,-0.12123202617656836,-0.21404707876945767,1
0.4723153205103732,0.0,0.2902850510173811,-0.8795103745102193,-0.2529740117167081,0.004582783269003773,0.4368416794280404,-0.0008867506627574296,0.18613963853285548,0.0,1.0,-0.12123202617656836,0.0017560082406085345,0
2.0467559242571385,1.0,0.8266788390641504,1.5752618279022026,1.913278891412656,2.0791568101867024,0.6014316668245172,0.6254659586163507,0.18613963853285548,0.0,0.0,-0.12123202617656836,1.020431180805895,0
-1.4721891215616434,0.0,-0.18162350062635982,-0.8795103745102193,-0.14853634452442824,0.18444317316632383,-1.5072920519457886,0.33105875939802537,-0.9231519911021343,0.0,0.0,-0.6804718122002787,-0.5535932887949963,0
-0.4534932381131697,1.0,0.8266788390641504,0.697684930971013,-1.838093498293678,-1.712049814457204,-0.6510697318600371,-1.594191099233689,-0.9231519911021343,0.0,0.0,-0.6804718122002787,-1.3463021609679042,1
-1.4721891215616434,0.0,0.8266788390641504,-0.8795103745102193,-2.271301413069049,-2.0979157852458847,-1.1855370315326892,-2.0268289954725063,0.18613963853285548,0.0,1.0,-0.12123202617656836,-1.9032137037278116,1
1.783653034744592,1.0,0.12596723534148388,0.697684930971013,-0.8281797472934255,-0.0925805927386985,0.021947609361985223,-0.0609482951462328,0.18613963853285548,0.0,0.0,-0.12123202617656836,-0.543634719256741,1
1.047621135607331,0.0,-0.9444391811885324,-0.8795103745102193,-0.678904233757718,-0.4237299919284973,0.22468124808969311,0.11481150538227353,0.18613963853285548,0.0,1.0,-0.12123202617656836,-0.3268929134969192,0
1.8927920133992675,0.0,-0.18162350062635982,1.5752618279022026,1.9470829963173477,2.1347470596843428,-1.5072920519457886,2.3097409931071833,-0.9231519911021343,1.0,0.0,-0.6804718122002787,0.8340716902938713,0
-1.4721891215616434,0.0,-1.329436447453843,-0.8795103745102193,-0.08377904243332623,0.004582783269003773,-1.1855370315326892,0.057665153009515184,0.18613963853285548,0.0,0.0,-0.12123202617656836,-0.5612899889195548,0
-1.4721891215616434,0.0,-1.1486189098802198,-0.8795103745102193,-0.8310219651381187,-0.5521808457454166,1.2351626735187333,-0.781954627922395,-0.9231519911021343,1.0,0.0,-0.6804718122002787,1.0116485173159786,0
0.4723153205103732,0.0,0.8266788390641504,0.697684930971013,-0.031491966707544464,0.2518203896575308,-0.34278061469339505,0.6716623488153538,-0.9231519911021343,0.0,0.0,-0.6804718122002787,-0.2885784767883131,0
-0.07289576572182317,0.0,-0.03129755540730531,0.697684930971013,-0.24305706053946358,-0.4237299919284973,1.4752366991371404,-0.3886420715982743,0.18613963853285548,0.0,0.0,-0.12123202617656836,1.3411809356078068,0
0.4723153205103732,0.0,1.2215756502689943,1.1946979528393167,0.7595222823036443,0.38000288413917455,0.9675034426787642,1.017678909606691,-0.9231519911021343,0.0,0.0,-0.6804718122002787,0.9606302834184445,0
-1.4721891215616434,0.0,-1.1486189098802198,-0.8795103745102193,-0.9463649979957062,-0.5793234579425617,1.2056446710461979,-1.0715844008170172,-0.9231519911021343,1.0,0.0,-0.6804718122002787,0.9538255819798732,0
-1.012053753692239,0.0,-0.3251261608248572,-0.8795103745102193,0.553392208329572,0.5005780712198213,-1.5072920519457886,-1.0715844008170172,-0.9231519911021343,0.0,0.0,-0.6804718122002787,-0.06146887818415541,0
-0.4534932381131697,0.0,0.2902850510173811,-0.8795103745102193,-1.0854839067578905,-1.5517802215308147,-0.5735904547911599,-1.1826182295476602,-0.9231519911021343,0.0,1.0,-0.6804718122002787,-1.0007235663189862,0
-1.4721891215616434,0.0,-2.0715886207378653,-0.8795103745102193,-0.8413280961934932,-1.1626600424566094,-1.5072920519457886,-1.594191099233689,-0.9231519911021343,0.0,0.0,-0.6804718122002787,-1.097217218263941,1
-1.4721891215616434,0.0,-0.03129755540730531,-0.8795103745102193,-0.6487736527782128,-0.8868079756552516,-1.5072920519457886,-1.3040579861083508,0.18613963853285548,0.0,0.0,-0.12123202617656836,-1.0005453877006645,0
0.2245460332616516,0.0,-1.9215998710095312,-0.8795103745102193,1.048899917472564,1.4495993077391918,0.6363344069825336,0.8924329275229498,1.2954312681678453,0.0,0.0,1.556487331894563,0.2492721204582072,0
-1.4721891215616434,0.0,-0.7158720037692985,-0.8795103745102193,0.052808739019480425,0.26830447523237333,-1.5072920519457886,0.27869756895634124,-0.9231519911021343,0.0,0.0,-0.6804718122002787,-0.4086999903600785,0
0.5829479787780677,0.0,0.12596723534148388,1.1946979528393167,0.8400920323253912,0.7624248672142554,0.2073487160052933,0.382393625891712,2.404722897802835,0.0,0.0,2.6749669039419834,-0.41275182632248697,0
-0.24938390894453497,0.0,0.12596723534148388,-0.8795103745102193,0.9865035254161469,0.775392852965216,0.9575886687488112,0.33105875939802537,0.18613963853285548,0.0,0.0,-0.12123202617656836,0.9071831347085587,0
-0.24938390894453497,0.0,0.12596723534148388,-0.8795103745102193,1.8452995146433044,1.556443027647991,1.0796564468759238,0.432757898856675,-0.9231519911021343,0.0,0.0,-0.6804718122002787,1.4548760098063171,0
0.2245460332616516,0.0,-0.46192253572791986,-0.8795103745102193,1.063834669669359,0.8766103452573641,1.0102511308774613,0.8495461729713818,0.18613963853285548,0.0,0.0,-0.12123202617656836,0.9859457528834823,0
-1.4721891215616434,1.0,-0.03129755540730531,-0.8795103745102193,-2.271301413069049,-2.0979157852458847,-1.5072920519457886,-2.0268289954725063,0.18613963853285548,0.0,1.0,-0.12123202617656836,-2.2568431171423695,1
1.2775822509180437,0.0,2.345610480711428,1.1946979528393167,0.4086725302635084,0.5296681287064666,0.15197615836469722,0.27869756895634124,0.18613963853285548,0.0,0.0,-0.12123202617656836,0.07372214714667136,0
-0.6985221790742214,0.0,1.872022146645339,-0.8795103745102193,-1.3719267400962707,-1.2088238377712506,-0.1472620689342646,-1.1826182295476602,0.18613963853285548,0.0,1.0,-0.12123202617656836,-0.8571956783765216,0
1.047621135607331,1.0,1.430538452483767,-0.8795103745102193,-0.16391908574377026,-0.05306319911326454,0.49334932010851695,0.8495461729713818,1.2954312681678453,0.0,1.0,1.556487331894563,-0.2621569444008858,1
1.6084561656599872,0.0,0.8266788390641504,1.8159218925086418,1.3219963346625403,0.7230740557318959,-0.2560831944486632,1.2545582777324633,2.404722897802835,0.0,0.0,2.6749669039419834,-0.3218361554775742,0
1.783653034744592,1.0,-0.3251261608248572,-0.8795103745102193,-0.7920088568825698,-0.1955945586379102,-0.2560831944486632,-0.3886420715982743,0.18613963853285548,0.0,1.0,-0.12123202617656836,-0.725596570408256,1
-1.4721891215616434,0.0,0.6405298909516516,-0.8795103745102193,-2.271301413069049,-2.0979157852458847,-1.5072920519457886,-2.0268289954725063,-0.9231519911021343,0.0,1.0,-0.6804718122002787,-2.2568431171423695,0
1.1274872107053646,0.0,-1.0495141476718508,0.697684930971013,-0.40852216833911936,-0.23866380856018854,0.15197615836469722,-0.4609168016563328,-0.9231519911021343,0.0,0.0,-0.6804718122002787,-0.20939992765716808,0
0.7841165927033555,0.0,1.020324751826462,0.697684930971013,1.7292393274651483,1.5468962185637367,-0.5059682851583214,1.216225360090411,0.18613963853285548,0.0,0.0,-0.12123202617656836,0.6331531707567579,0
1.047621135607331,0.0,1.020324751826462,1.1946979528393167,-0.097540154308253,0.30086286343248403,1.6983918308518489,0.5307740080750752,0.18613963853285548,0.0,0.0,-0.12123202617656836,1.7450478432516474,0
1.1274872107053646,0.0,0.12596723534148388,1.8159218925086418,1.2737555034542518,0.6146473417131381,0.1322625095167463,1.1382298578534331,2.404722897802835,1.0,0.0,2.6749669039419834,-0.2658857427375289,0
-0.07289576572182317,0.0,0.2902850510173811,-0.8795103745102193,-0.514124971521488,-0.4485275487942812,-0.21737965524864494,-0.2514482231001947,0.18613963853285548,0.0,1.0,-0.12123202617656836,-0.575891916266751,1
-1.4721891215616434,0.0,-0.18162350062635982,-0.8795103745102193,-0.6501882717338173,-0.3517088458005675,0.22468124808969311,-0.12263695232921346,0.18613963853285548,0.0,1.0,-0.12123202617656836,-0.3174063012180131,0
-0.24938390894453497,0.0,0.461768744122683,-0.8795103745102193,0.6394673844192336,0.18444317316632383,0.792278719255593,0.11481150538227353,-0.9231519911021343,0.0,0.0,-0.6804718122002787,0.7388752159378359,0
-1.4721891215616434,0.0,-1.329436447453843,-0.8795103745102193,-1.1415786771085095,-0.7864686628999003,-1.5072920519457886,1.9146749118999498,1.2954312681678453,0.0,0.0,1.556487331894563,-1.5533904239126657,0
-0.07289576572182317,0.0,0.6405298909516516,-0.8795103745102193,0.7241608166200322,0.38000288413917455,0.9372677616274029,0.9764777356110778,-0.9231519911021343,0.0,0.0,-0.6804718122002787,0.9165540784334668,0
-0.07289576572182317,0.0,0.6405298909516516,-0.8795103745102193,-0.5266409658022069,-0.2169867647588109,-1.5072920519457886,-1.594191099233689,0.18613963853285548,0.0,1.0,-0.12123202617656836,-0.9011936637925764,0
-1.4721891215616434,0.0,-0.18162350062635982,-0.8795103745102193,0.6818681910352236,0.2015103997107105,0.8485147213886015,0.6716623488153538,-0.9231519911021343,0.0,0.0,-0.6804718122002787,0.8093197857935535,0
0.2245460332616516,0.0,-0.03129755540730531,0.697684930971013,1.7010262432475403,1.4495993077391918,-0.5059682851583214,0.9764777356110778,0.18613963853285548,0.0,0.0,-0.12123202617656836,0.6164068246866672,0
-1.4721891215616434,0.0,-0.5921311266741747,-0.8795103745102193,0.8274518988931692,0.9012491842348184,1.6514416338736846,0.9764777356110778,-0.9231519911021343,0.0,0.0,-0.6804718122002787,1.9320269574061226,0
-1.4721891215616434,0.0,-0.03129755540730531,-0.8795103745102193,-1.1291969656259622,-1.6271094250024807,-0.7419059021457265,-1.594191099233689,1.2954312681678453,0.0,1.0,1.556487331894563,-1.362741468709777,1
0.08350622611294847,0.0,0.8266788390641504,0.697684930971013,0.895395465085989,1.101161176481722,1.6729044373232378,1.0583591808618793,0.18613963853285548,0.0,0.0,-0.12123202617656836,1.8334061978529943,0
-0.24938390894453497,0.0,-2.035513619812486,0.697684930971013,0.33267374155346013,-0.2829146346091301,1.3465493829987287,-0.4609168016563328,0.18613963853285548,0.0,0.0,-0.12123202617656836,1.2222175280981062,0
-1.4721891215616434,0.0,-1.2418825974008505,-0.8795103745102193,-2.271301413069049,-2.0979157852458847,-1.5072920519457886,-2.0268289954725063,-0.9231519911021343,0.0,1.0,-0.6804718122002787,-2.2568431171423695,0
0.964073858567003,0.0,-0.46192253572791986,1.7792728358814742,1.2344988237979597,0.4108119821788188,-1.5072920519457886,0.7619251298184915,1.2954312681678453,0.0,0.0,1.556487331894563,-0.08381452660807685,0
-0.24938390894453497,0.0,0.6405298909516516,0.697684930971013,-0.4674212839252253,-0.5521808457454166,-1.5072920519457886,-1.1826182295476602,1.2954312681678453,0.0,0.0,1.556487331894563,-1.0957231422312164,0
1.348389454007024,0.0,0.2902850510173811,1.8159218925086418,1.2737555034542518,0.6007130929660973,-1.5072920519457886,0.9347360339290371,2.404722897802835,1.0,0.0,2.6749669039419834,-0.415693280288275,0
0.35339972946965464,0.0,-2.012539412635226,0.697684930971013,-0.509984577168984,-0.8868079756552516,-0.5059682851583214,-1.1826182295476602,0.18613963853285548,0.0,0.0,-0.12123202617656836,-0.7082595362549079,1
0.4723153205103732,0.0,-1.9215998710095312,-0.8795103745102193,1.0845882062608523,1.4791462363220929,0.6530515008107962,0.8924329275229498,1.2954312681678453,0.0,0.0,1.556487331894563,0.27293055761316626,0
0.2245460332616516,0.0,0.6405298909516516,0.697684930971013,0.3183593728374298,0.4710825342868126,-0.9918459235005864,0.27869756895634124,0.18613963853285548,0.0,0.0,-0.12123202617656836,-0.2735312839909204,0
0.6865551185257461,0.0,-0.03129755540730531,0.697684930971013,0.15644329662811615,0.3954654611427993,0.09066795769800697,0.2252488320656032,0.18613963853285548,0.0,0.0,-0.12123202617656836,-0.08031813904523948,0
-0.4534932381131697,0.0,1.020324751826462,0.697684930971013,0.26778005112499664,0.4108119821788188,-0.6510697318600371,0.382393625891712,0.18613963853285548,0.0,0.0,-0.12123202617656836,-0.26344531492988,0
1.4826869650373546,0.0,-0.8332668783246234,1.1946979528393167,-0.298607458210327,-0.11268564702923983,0.2737585998685261,-0.31889890269653554,-0.9231519911021343,0.0,0.0,-0.6804718122002787,-0.06845785966356645,0
1.047621135607331,0.0,-0.9444391811885324,0.697684930971013,-0.5729362653723821,-0.3517088458005675,0.1322625095167463,-0.31889890269653554,-0.9231519911021343,0.0,0.0,-0.6804718122002787,-0.2892319731696235,0
0.5829479787780677,0.0,-1.793966719726717,-0.8795103745102193,0.5579901625637321,1.0784634045810304,0.5831848741279877,1.0583591808618793,-2.032443620737124,1.0,0.0,-1.7989513842476996,0.7101198227209345,0
0.4723153205103732,0.0,0.8266788390641504,-0.8795103745102193,0.6943062703177187,0.2846509543916297,0.8364584326935448,0.2252488320656032,-0.9231519911021343,0.0,0.0,-0.6804718122002787,0.8017532934403332,0
-1.4721891215616434,0.0,-0.46192253572791986,0.697684930971013,0.6085208198580156,0.6964560993767297,1.3856632934864563,0.5785153380242523,-0.9231519911021343,1.0,0.0,-0.6804718122002787,1.4660377946409695,0
1.4166903618380977,0.0,2.104751684068571,1.1946979528393167,-0.05552906100543623,0.3644218685281948,1.6712781547215239,0.6254659586163507,0.18613963853285548,0.0,0.0,-0.12123202617656836,1.700581360845211,0
0.4723153205103732,0.0,-0.7158720037692985,1.1946979528393167,-0.3886742113544263,-0.0727088154730665,0.6612385671642586,2.1621718427945305,2.404722897802835,0.0,0.0,2.6749669039419834,-0.5080776471048124,0
1.7268865040398134,1.0,-0.18162350062635982,-0.8795103745102193,-0.7571869518385783,-0.13303146608600047,0.11184436778086729,-0.0008867506627574296,-0.9231519911021343,0.0,1.0,-0.6804718122002787,-0.37036035501999576,1
0.5829479787780677,0.0,-0.18162350062635982,0.697684930971013,-0.21280203334516246,0.02338831919764908,1.6205129029096572,-0.0008867506627574296,0.18613963853285548,0.0,0.0,-0.12123202617656836,1.5942326827300257,0
-1.012053753692239,0.0,-0.03129755540730531,-0.8795103745102193,-0.22021736008882445,-0.1536259367112664,1.1746768421402496,0.057665153009515184,-0.9231519911021343,0.0,0.0,-0.6804718122002787,0.9950456931844112,0
1.4826869650373546,0.0,-1.5591855870497442,1.4347876498624124,0.7620831142316258,1.3281195031310904,0.9963274503294917,1.2924668108586557,-0.9231519911021343,1.0,0.0,-0.6804718122002787,0.9973549549351368,0
-1.4721891215616434,0.0,-0.18162350062635982,-0.8795103745102193,-2.271301413069049,-2.0979157852458847,-1.5072920519457886,-2.0268289954725063,0.18613963853285548,0.0,1.0,-0.12123202617656836,-2.2568431171423695,1
0.2245460332616516,0.0,-0.8332668783246234,0.697684930971013,-0.5079202191913996,-0.2169867647588109,0.17103352023621246,1.9464455076830682,2.404722897802835,0.0,0.0,2.6749669039419834,-0.8963864660677637,0
-1.4721891215616434,0.0,-0.3251261608248572,-0.8795103745102193,-0.5478265787488669,-0.7547689557144309,-1.5072920519457886,-1.594191099233689,0.18613963853285548,0.0,0.0,-0.12123202617656836,-0.9234582628631934,0
0.08350622611294847,0.0,0.8266788390641504,1.1946979528393167,-0.3521162598506749,-0.37533744672449043,0.34731683030805827,-0.5360063772889603,1.2954312681678453,0.0,0.0,1.556487331894563,-0.43440568598487844,0
1.047621135607331,0.0,1.647319010761206,1.1946979528393167,1.9152799754765524,1.6868584246830747,1.171140004211083,0.8060520324363187,-0.9231519911021343,0.0,0.0,-0.6804718122002787,1.5692104054679292,0
0.6865551185257461,0.0,-0.9444391811885324,1.4347876498624124,0.2307844737562546,0.38000288413917455,0.30430790550158904,0.9764777356110778,0.18613963853285548,0.0,0.0,-0.12123202617656836,0.08222865943622705,0
0.6865551185257461,0.0,1.647319010761206,1.1946979528393167,0.09622838838391948,-0.2829146346091301,1.8424177903357566,-0.31889890269653554,0.18613963853285548,0.0,0.0,-0.12123202617656836,2.029655982320236,0
0.35339972946965464,0.0,-1.9557629104763974,1.4347876498624124,-0.09020286744002072,-0.2829146346091301,0.06867303718851682,-0.31889890269653554,0.18613963853285548,0.0,0.0,-0.12123202617656836,-0.21257357689845213,0
-0.24938390894453497,0.0,1.2215756502689943,0.697684930971013,0.24939324800163892,0.4710825342868126,-0.8519084961219504,0.2252488320656032,0.18613963853285548,0.0,0.0,-0.12123202617656836,-0.303284804623219,0
-0.24938390894453497,0.0,0.2902850510173811,-0.8795103745102193,0.17792226263719932,0.4710825342868126,-0.29771809938538085,0.5785153380242523,-0.9231519911021343,0.0,0.0,-0.6804718122002787,-0.1493403237855547,0
0.08350622611294847,0.0,-2.085096900933757,0.697684930971013,-0.46384743718321053,-0.8868079756552516,-1.5072920519457886,-0.8725708510892921,0.18613963853285548,0.0,0.0,-0.12123202617656836,-0.8624408873474295,1
-0.6985221790742214,0.0,0.6405298909516516,-0.8795103745102193,-1.0210553360655665,-1.076306479538755,-0.21737965524864494,-0.8725708510892921,0.18613963853285548,0.0,1.0,-0.12123202617656836,-0.8026611905386865,0
-0.4534932381131697,1.0,-2.055130370381915,-0.8795103745102193,-0.6440723995602212,-1.1185646336077608,-1.5072920519457886,-1.4393186048761482,-0.9231519911021343,0.0,0.0,-0.6804718122002787,-0.9401424351878607,1
-0.07289576572182317,0.0,-0.03129755540730531,0.697684930971013,-0.039363630379300234,0.04199850807495892,1.244703343751889,0.8060520324363187,-0.9231519911021343,0.0,0.0,-0.6804718122002787,1.1305457488577773,0
0.35339972946965464,0.0,1.430538452483767,-0.8795103745102193,0.27575620498310127,0.34871995104993136,-0.21737965524864494,0.057665153009515184,0.18613963853285548,0.0,0.0,-0.12123202617656836,-0.1527771018034249,0
-0.24938390894453497,0.0,1.430538452483767,0.697684930971013,-0.04643023480444856,-0.5255544800262242,1.829728717058576,-0.5360063772889603,0.18613963853285548,0.0,0.0,-0.12123202617656836,1.9924967133368061,0
1.1274872107053646,1.0,1.647319010761206,-0.8795103745102193,-0.1424335629563736,0.23519554831297898,0.1322625095167463,0.2252488320656032,0.18613963853285548,0.0,1.0,-0.12123202617656836,-0.19244263691513544,0
0.5829479787780677,0.0,-0.03129755540730531,0.697684930971013,0.25700431040234056,0.1322984404802882,-0.5059682851583214,0.5785153380242523,-0.9231519911021343,0.0,0.0,-0.6804718122002787,-0.16154168742836816,0
-1.012053753692239,0.0,0.12596723534148388,0.697684930971013,-0.9979248950094157,-1.3085554486041324,-0.6510697318600371,-1.7800759131583497,2.404722897802835,0.0,0.0,2.6749669039419834,-1.4600178221864895,0
-1.012053753692239,0.0,-2.012539412635226,0.697684930971013,0.1964672013996043,-0.4237299919284973,1.2694637969615825,-0.5360063772889603,0.18613963853285548,0.0,0.0,-0.12123202617656836,1.0846489274441036,0
0.08350622611294847,0.0,0.12596723534148388,0.697684930971013,1.0477238590725944,0.8889616434843537,1.0148236927666814,0.8924329275229498,0.18613963853285548,0.0,0.0,-0.12123202617656836,0.9855226622973883,0
1.2775822509180437,0.0,-1.7425011089148845,0.697684930971013,0.722243863049894,1.2117089288894627,0.8364584326935448,1.1774541226784172,-0.9231519911021343,1.0,0.0,-0.6804718122002787,0.8156419007160405,0
-0.6985221790742214,0.0,-1.0495141476718508,-0.8795103745102193,-0.6417298744393132,-0.3517088458005675,0.021947609361985223,1.8826499213060561,1.2954312681678453,0.0,0.0,1.556487331894563,-0.7572897961822113,0
-0.6985221790742214,0.0,-0.18162350062635982,-0.8795103745102193,0.007753459071983465,-0.6352708672061055,-1.1855370315326892,-0.5360063772889603,0.18613963853285548,0.0,0.0,-0.12123202617656836,-0.5043876594066004,0
-0.24938390894453497,0.0,-0.8332668783246234,1.1946979528393167,-0.617679514491187,-0.26063608837311514,1.3492327733929927,-0.31889890269653554,0.18613963853285548,1.0,0.0,-0.12123202617656836,1.095634729026793,0
-0.24938390894453497,0.0,-0.9444391811885324,0.697684930971013,-0.6716481128919547,-0.39933908986058203,1.2572045377803682,-0.6142506050345212,-0.9231519911021343,1.0,0.0,-0.6804718122002787,1.063143093282875,0
-1.4721891215616434,0.0,0.2902850510173811,-0.8795103745102193,-1.6513212051663042,-1.8108217731349643,-1.5072920519457886,-1.594191099233689,0.18613963853285548,0.0,1.0,-0.12123202617656836,-1.8347810457759686,1
0.4723153205103732,0.0,1.020324751826462,0.697684930971013,1.4509311721937685,1.4197328381198169,0.04579181165646059,1.440111737574618,1.2954312681678453,0.0,0.0,1.556487331894563,0.17269326277910704,0
-0.07289576572182317,0.0,1.2215756502689943,-0.8795103745102193,-0.18891690121854876,0.2015103997107105,-0.21737965524864494,0.8924329275229498,-2.032443620737124,0.0,0.0,-1.7989513842476996,-0.18915557995432272,0
1.1274872107053646,0.0,-1.8408659249517312,1.1946979528393167,1.1777325644017689,1.603702037086043,0.8364584326935448,1.5469755984553732,2.404722897802835,0.0,0.0,2.6749669039419834,0.016486474726449894,0
-1.4721891215616434,0.0,0.2902850510173811,-0.8795103745102193,-0.3521162598506749,-0.05306319911326454,-1.5072920519457886,0.5785153380242523,-2.032443620737124,0.0,0.0,-1.7989513842476996,-0.5879880301920537,0
-0.07289576572182317,0.0,1.430538452483767,1.1946979528393167,0.7078896809912263,0.6007130929660973,1.2602916558593638,0.382393625891712,0.18613963853285548,0.0,0.0,-0.12123202617656836,1.1807387559320106,0
-0.24938390894453497,0.0,-0.3251261608248572,0.697684930971013,0.8253094430726649,0.736266616845703,-0.1472620689342646,-0.0008867506627574296,1.2954312681678453,0.0,0.0,1.556487331894563,-0.17890914949011683,0
-0.07289576572182317,0.0,0.461768744122683,-0.8795103745102193,0.9072776096730311,1.0555584415867936,1.6905326816379813,1.216225360090411,-0.9231519911021343,0.0,0.0,-0.6804718122002787,2.0127622527463678,0
1.6084561656599872,0.0,-1.686315314805773,1.1946979528393167,1.2340958523635632,1.6685841888932493,0.798789820150384,1.0583591808618793,2.404722897802835,0.0,0.0,2.6749669039419834,0.009334779439540693,0
0.5829479787780677,0.0,-1.4114139258166871,1.1946979528393167,-0.36223899083838607,-0.4237299919284973,0.36097556023933375,-0.12263695232921346,0.18613963853285548,0.0,0.0,-0.12123202617656836,-0.1043222148828338,0
1.2775822509180437,0.0,0.6405298909516516,1.1946979528393167,0.6403801411993311,0.7624248672142554,0.25785800478751103,0.33105875939802537,-0.9231519911021343,0.0,0.0,-0.6804718122002787,0.3392637452374117,0
1.047621135607331,0.0,0.8266788390641504,1.1946979528393167,0.829098280767474,0.45617790096966415,0.9963274503294917,1.0583591808618793,-0.9231519911021343,0.0,0.0,-0.6804718122002787,1.014499827531829,0
0.4723153205103732,0.0,1.020324751826462,1.1946979528393167,0.049372986798919,-0.473750457681484,1.828446396147655,-0.6960629002177537,0.18613963853285548,0.0,0.0,-0.12123202617656836,1.9986324875034795,0
0.4723153205103732,0.0,1.647319010761206,-0.8795103745102193,-0.7312410600589948,-0.6070100507667666,0.22468124808969311,-0.31889890269653554,0.18613963853285548,0.0,1.0,-0.12123202617656836,-0.34400642945798926,0
0.2245460332616516,0.0,0.6405298909516516,0.697684930971013,0.20553592495666997,0.5440656997790116,-0.3919063374300445,0.5307740080750752,0.18613963853285548,0.0,0.0,-0.12123202617656836,-0.24359470268812794,0
-1.012053753692239,0.0,0.2902850510173811,-0.8795103745102193,-0.06641338745408093,-0.7864686628999003,1.8219974309417155,-0.781954627922395,0.18613963853285548,0.0,0.0,-0.12123202617656836,1.9758541014057145,0
0.4723153205103732,0.0,2.104751684068571,-0.8795103745102193,-0.8281797472934255,-0.6641389848940414,0.17103352023621246,-0.6142506050345212,0.18613963853285548,0.0,1.0,-0.12123202617656836,-0.4216269357698864,0
-1.4721891215616434,1.0,-2.0715886207378653,-0.8795103745102193,-0.6445415503924858,-1.076306479538755,-0.9918459235005864,-0.8725708510892921,-0.9231519911021343,0.0,0.0,-0.6804718122002787,-0.8703067981002329,1
0.7841165927033555,0.0,0.8266788390641504,1.1946979528393167,-0.15466770291439888,-0.26063608837311514,-0.1472620689342646,-0.8725708510892921,1.2954312681678453,0.0,0.0,1.556487331894563,-0.6522943549527177,0
-1.4721891215616434,0.0,0.6405298909516516,-0.8795103745102193,-0.8424804835742402,-0.852423195420382,0.2415078628653102,-0.31889890269653554,-0.9231519911021343,0.0,1.0,-0.6804718122002787,-0.2823932107160475,0
0.08350622611294847,0.0,0.461768744122683,0.697684930971013,0.7031382933032013,0.30086286343248403,0.905470536220712,0.8495461729713818,-0.9231519911021343,0.0,0.0,-0.6804718122002787,0.875580250737234,0
-0.6985221790742214,0.0,0.6405298909516516,-0.8795103745102193,-1.0210553360655665,-1.076306479538755,-0.21737965524864494,-0.8725708510892921,0.18613963853285548,0.0,1.0,-0.12123202617656836,-0.8026611905386865,0
0.5829479787780677,0.0,0.461768744122683,-0.8795103745102193,0.21974548388392134,0.09670929282765271,-1.5072920519457886,0.5785153380242523,-2.032443620737124,0.0,0.0,-1.7989513842476996,-0.15320165799071073,0
-1.4721891215616434,0.0,-0.03129755540730531,-0.8795103745102193,-2.271301413069049,-2.0979157852458847,-0.9918459235005864,-2.0268289954725063,0.18613963853285548,0.0,1.0,-0.12123202617656836,-1.7328128954040614,1
0.4723153205103732,0.0,0.12596723534148388,0.697684930971013,0.10006522449506047,0.33289458399522215,0.021947609361985223,0.17064504865893973,0.18613963853285548,0.0,0.0,-0.12123202617656836,-0.14413772087285362,0
-1.4721891215616434,0.0,0.2902850510173811,-0.8795103745102193,-1.2770180150468766,-1.3629201294818385,-0.5735904547911599,-1.0715844008170172,-0.9231519911021343,0.0,1.0,-0.6804718122002787,-1.0930527767649778,0
-1.4721891215616434,0.0,0.2902850510173811,-0.8795103745102193,0.20482194471026874,0.3644218685281948,-1.5072920519457886,-0.0008867506627574296,0.18613963853285548,0.0,0.0,-0.12123202617656836,-0.37972116645881826,0
-1.4721891215616434,0.0,-2.0715886207378653,-0.8795103745102193,0.27689232424413307,-0.37533744672449043,1.3077458636419255,-0.8725708510892921,0.18613963853285548,0.0,0.0,-0.12123202617656836,1.1549473962206922,0
0.08350622611294847,0.0,0.2902850510173811,-0.8795103745102193,-0.1251944124292208,-0.03363697408995959,1.1988932952552227,0.17064504865893973,-0.9231519911021343,0.0,0.0,-0.6804718122002787,1.047151398896132,0
0.4723153205103732,0.0,0.2902850510173811,1.5752618279022026,0.8070822644795558,0.9736831732039121,1.457387417095537,0.6254659586163507,0.18613963853285548,1.0,0.0,-0.12123202617656836,1.4797544740016784,0
-0.4534932381131697,0.0,-0.3251261608248572,-0.8795103745102193,-0.4399182704969495,-0.17447737485093776,-1.5072920519457886,-0.6142506050345212,0.18613963853285548,0.0,1.0,-0.12123202617656836,-0.8371498976842021,0
0.35339972946965464,0.0,-0.18162350062635982,-0.8795103745102193,0.502772047676808,0.5151728517444565,-1.5072920519457886,-0.12263695232921346,-0.9231519911021343,0.0,0.0,-0.6804718122002787,-0.09544515574742415,1
1.4166903618380977,0.0,-1.1486189098802198,1.1946979528393167,1.9097731535232547,2.014414953545078,-1.5072920519457886,2.1621718427945305,-0.9231519911021343,0.0,0.0,-0.6804718122002787,0.8107675418543605,0
-1.4721891215616434,0.0,-0.3251261608248572,-0.8795103745102193,-0.6774487987244467,-0.9965651623037695,-1.5072920519457886,-1.594191099233689,0.18613963853285548,0.0,0.0,-0.12123202617656836,-1.0233758567588571,0
-1.4721891215616434,0.0,0.12596723534148388,-0.8795103745102193,0.5412636796565454,0.26830447523237333,1.1383790947465053,-0.781954627922395,0.18613963853285548,0.0,0.0,-0.12123202617656836,0.9822746059047773,0
1.047621135607331,0.0,-1.8408659249517312,1.1946979528393167,0.7406329003942813,1.2439709701718258,0.8661645339053065,1.5469755984553732,-2.032443620737124,1.0,0.0,-1.7989513842476996,1.0531292968035662,0
0.08350622611294847,0.0,-1.793966719726717,0.697684930971013,-0.4142017008639176,-0.5521808457454166,0.11184436778086729,-0.5360063772889603,-0.9231519911021343,0.0,0.0,-0.6804718122002787,-0.2442519612985279,0
1.8389246320946688,0.0,1.2215756502689943,1.4347876498624124,1.8596584584558336,2.0550333058192183,0.6277977023147041,0.8495461729713818,0.18613963853285548,0.0,0.0,-0.12123202617656836,1.0097097086301725,0
-0.24938390894453497,0.0,-1.0495141476718508,-0.8795103745102193,-0.7286844313390978,-0.5521808457454166,1.1494904585613765,-0.968744774313427,-0.9231519911021343,1.0,0.0,-0.6804718122002787,0.8861558556404855,0
1.8927920133992675,0.0,0.461768744122683,1.5752618279022026,1.854027368203557,1.973265277426176,0.48247240153270343,0.4822024803158727,0.18613963853285548,1.0,0.0,-0.12123202617656836,0.9354314116329285,0
1.348389454007024,0.0,-1.6252591166453392,1.1946979528393167,0.7091194869647576,1.2546372020245171,0.7655131408393319,1.017678909606691,-0.9231519911021343,1.0,0.0,-0.6804718122002787,0.7433290932436862,0
0.08350622611294847,0.0,0.6405298909516516,0.697684930971013,-0.39425731626263855,-0.5255544800262242,-0.5059682851583214,-0.8725708510892921,1.2954312681678453,0.0,0.0,1.556487331894563,-0.8987283182510496,0
0.7841165927033555,0.0,0.12596723534148388,-0.8795103745102193,-0.19841751017656048,-0.01442369443343163,-0.5059682851583214,-0.12263695232921346,0.18613963853285548,0.0,1.0,-0.12123202617656836,-0.5183971740271851,0
0.2245460332616516,0.0,-0.8332668783246234,0.697684930971013,-0.5308450915591392,-0.26063608837311514,0.28923433604572274,2.040287070344547,1.2954312681678453,0.0,0.0,1.556487331894563,-0.5308732445411508,0
-0.07289576572182317,0.0,-0.18162350062635982,0.697684930971013,0.7987380441824227,0.7098042908981944,-0.11526604073060712,0.11481150538227353,2.404722897802835,0.0,0.0,2.6749669039419834,-0.5227877497081486,0
-0.24938390894453497,0.0,-0.46192253572791986,-0.8795103745102193,-0.1251944124292208,-0.1536259367112664,1.171140004211083,0.11481150538227353,-0.9231519911021343,0.0,0.0,-0.6804718122002787,1.0057717485313096,0
1.5465566591620816,1.0,0.8266788390641504,1.667066840949515,1.2438797889530202,1.1570311538175746,1.1886286485318256,1.718492784682564,0.18613963853285548,0.0,0.0,-0.12123202617656836,1.2355077734297202,0
-0.4534932381131697,0.0,-1.4114139258166871,-0.8795103745102193,-0.5914966471893465,-0.37533744672449043,-0.0029467479771157737,1.850364597445138,1.2954312681678453,0.0,0.0,1.556487331894563,-0.755863491365162,0
0.6865551185257461,0.0,-1.686315314805773,1.5752618279022026,-0.08581966202089433,-0.13303146608600047,0.30430790550158904,0.057665153009515184,0.18613963853285548,0.0,0.0,-0.12123202617656836,-0.05005527317712766,0
-0.07289576572182317,1.0,-1.8833563609753177,1.1946979528393167,-0.5919425671109304,-0.693650698030738,-0.4459281988232748,-0.8725708510892921,0.18613963853285548,0.0,0.0,-0.12123202617656836,-0.7287687450407133,1
1.4166903618380977,0.0,-1.6252591166453392,1.1946979528393167,1.1450485673750477,1.5943126381100066,0.7790434220062957,1.1382298578534331,2.404722897802835,0.0,0.0,2.6749669039419834,-0.02977288425586795,0
-1.4721891215616434,0.0,0.6405298909516516,-0.8795103745102193,-1.7010590273819688,-1.6271094250024807,-1.5072920519457886,-1.7800759131583497,-0.9231519911021343,0.0,1.0,-0.6804718122002787,-1.847045964054023,0
-1.4721891215616434,0.0,-0.46192253572791986,-0.8795103745102193,-1.1960332288640736,-1.4836057089681398,-1.5072920519457886,-1.1826182295476602,-0.9231519911021343,0.0,1.0,-0.6804718122002787,-1.3956353467805798,0
0.2245460332616516,0.0,0.8266788390641504,-0.8795103745102193,-0.8959373891558019,-1.076306479538755,-0.5059682851583214,-1.0715844008170172,-0.9231519911021343,0.0,1.0,-0.6804718122002787,-0.8610530419204164,0
-1.4721891215616434,0.0,0.12596723534148388,-0.8795103745102193,-1.2444102409634479,-1.4210117268426015,0.2737585998685261,-1.0715844008170172,1.2954312681678453,0.0,1.0,1.556487331894563,-0.7068024207266226,1
0.35339972946965464,0.0,1.020324751826462,1.1946979528393167,0.943266588517699,1.179041504793301,1.736339055394498,1.3299641777568034,0.18613963853285548,0.0,0.0,-0.12123202617656836,1.9476676405027513,0
-0.07289576572182317,1.0,-1.9860170239087698,0.697684930971013,-0.7322656016648919,-1.0356937365568895,-0.5059682851583214,-1.594191099233689,0.18613963853285548,0.0,0.0,-0.12123202617656836,-0.8346120440519912,1
0.4723153205103732,0.0,1.872022146645339,0.697684930971013,-0.17417221664778157,-0.11268564702923983,1.5239662582734854,0.2252488320656032,0.18613963853285548,0.0,0.0,-0.12123202617656836,1.431105705923123,0
0.2245460332616516,0.0,0.12596723534148388,1.1946979528393167,0.7958924742747364,0.4108119821788188,0.986867947159215,1.3670629301703794,-0.9231519911021343,0.0,0.0,-0.6804718122002787,0.9934689608744323,0
-0.6985221790742214,0.0,-1.686315314805773,-0.8795103745102193,-0.5029815046288841,-0.6641389848940414,0.17103352023621246,-0.3886420715982743,-0.9231519911021343,0.0,0.0,-0.6804718122002787,-0.23326029817827268,0
0.35339972946965464,0.0,0.461768744122683,0.697684930971013,0.7458038881023441,0.34871995104993136,0.916253355558495,0.8495461729713818,-0.9231519911021343,0.0,0.0,-0.6804718122002787,0.901047282968947,0
1.4166903618380977,0.0,1.430538452483767,1.4347876498624124,1.186957592483476,1.1348301230709978,1.1531509429426134,1.3670629301703794,0.18613963853285548,0.0,0.0,-0.12123202617656836,1.1784057583623002,0
-0.6985221790742214,0.0,-0.46192253572791986,-0.8795103745102193,0.678298570451381,0.21842668287078776,0.8179152061748023,0.5785153380242523,-0.9231519911021343,0.0,0.0,-0.6804718122002787,0.7776114326965403,0
1.348389454007024,0.0,-0.9444391811885324,1.4347876498624124,-0.3370915956221603,-0.13303146608600047,0.4485848661498302,0.5307740080750752,-0.9231519911021343,0.0,0.0,-0.6804718122002787,0.07530356329341463,0
-1.4721891215616434,0.0,-1.2418825974008505,-0.8795103745102193,-0.6970315412402416,-0.473750457681484,0.06867303718851682,1.9146749118999498,1.2954312681678453,0.0,0.0,1.556487331894563,-0.7447041935483976,0
-1.012053753692239,0.0,-0.46192253572791986,-0.8795103745102193,1.3811405079177643,1.2546372020245171,-1.5072920519457886,1.017678909606691,0.18613963853285548,0.0,0.0,-0.12123202617656836,0.37863871509477837,0
0.35339972946965464,0.0,1.872022146645339,0.697684930971013,-0.16391908574377026,0.23519554831297898,-0.08500636257674449,0.9347360339290371,-0.9231519911021343,0.0,0.0,-0.6804718122002787,-0.24877877698487477,0
0.8764122416617753,0.0,-1.686315314805773,-0.8795103745102193,0.6666478975944694,1.222507318243943,0.8052319530504004,1.1774541226784172,-2.032443620737124,1.0,0.0,-1.7989513842476996,0.9626997208573589,0
-1.4721891215616434,0.0,0.2902850510173811,-0.8795103745102193,-1.107419449973989,-1.3085554486041324,-0.1472620689342646,-0.781954627922395,-0.9231519911021343,0.0,1.0,-0.6804718122002787,-0.7154361890322936,0
1.348389454007024,0.0,0.8266788390641504,1.4347876498624124,0.03821584149075285,0.3644218685281948,1.6809759670653206,1.017678909606691,0.18613963853285548,0.0,0.0,-0.12123202617656836,1.7276759010891398,0
0.2245460332616516,0.0,-0.7158720037692985,1.1946979528393167,-0.617679514491187,-0.2829146346091301,1.2509847945442998,-0.6960629002177537,0.18613963853285548,1.0,0.0,-0.12123202617656836,0.9394744977240537,0
-0.4534932381131697,0.0,-2.012539412635226,1.1946979528393167,-0.1826219556670822,-0.4237299919284973,-0.11526604073060712,-0.4609168016563328,0.18613963853285548,0.0,0.0,-0.12123202617656836,-0.3587806714251212,0
1.8389246320946688,1.0,-0.03129755540730531,1.4347876498624124,1.9534943604050654,2.158280816710386,-0.29771809938538085,2.4804602011314127,-0.9231519911021343,0.0,0.0,-0.6804718122002787,0.9014976611325621,0
0.4723153205103732,0.0,-1.5591855870497442,0.697684930971013,-0.31594879271488047,-0.473750457681484,0.41262740123801345,-0.0609482951462328,0.18613963853285548,0.0,0.0,-0.12123202617656836,-0.043052078143284794,0
-1.4721891215616434,0.0,0.2902850510173811,-0.8795103745102193,0.0685598985215081,0.4108119821788188,-1.5072920519457886,0.432757898856675,-0.9231519911021343,0.0,0.0,-0.6804718122002787,-0.3959190469764241,0
1.2040372514157516,0.0,0.461768744122683,1.667066840949515,0.9513115536742429,1.1124339195920343,1.4947443268741623,0.7619251298184915,0.18613963853285548,1.0,0.0,-0.12123202617656836,1.5647213894209107,0
-1.4721891215616434,1.0,1.020324751826462,-0.8795103745102193,-1.1170197372957933,-1.2088238377712506,-0.08500636257674449,-0.8725708510892921,1.2954312681678453,0.0,1.0,1.556487331894563,-0.9823527155266797,1
0.2245460332616516,0.0,0.461768744122683,-0.8795103745102193,1.8514635455118569,1.5848923141925018,1.0998498040602487,0.5307740080750752,-0.9231519911021343,0.0,0.0,-0.6804718122002787,1.4762519387812274,0
0.5829479787780677,0.0,-1.793966719726717,1.4347876498624124,-0.46384743718321053,-0.5255544800262242,-0.1472620689342646,-0.6960629002177537,0.18613963853285548,0.0,0.0,-0.12123202617656836,-0.5135142074617823,1
0.5829479787780677,0.0,0.6405298909516516,-0.8795103745102193,-0.39425731626263855,-0.3055111642679678,-0.0029467479771157737,-0.12263695232921346,0.18613963853285548,0.0,1.0,-0.12123202617656836,-0.39314447838281114,1
0.4723153205103732,0.0,-1.2418825974008505,-0.8795103745102193,-1.1695841334856294,-0.958783742641671,-1.5072920519457886,-1.594191099233689,-0.9231519911021343,0.0,1.0,-0.6804718122002787,-1.3649223209778198,0
0.5829479787780677,0.0,1.430538452483767,1.1946979528393167,0.7911961419008425,0.7098042908981944,1.2903634007471056,0.6716623488153538,0.18613963853285548,0.0,0.0,-0.12123202617656836,1.2405388966713893,0
0.4723153205103732,0.0,-1.686315314805773,1.1946979528393167,-0.19365841227482267,-0.2829146346091301,-0.08500636257674449,-1.0715844008170172,0.18613963853285548,0.0,0.0,-0.12123202617656836,-0.34771607837662893,0
-1.012053753692239,0.0,-2.085096900933757,0.697684930971013,-0.6750277660171704,-1.2088238377712506,-1.5072920519457886,-1.594191099233689,0.18613963853285548,0.0,0.0,-0.12123202617656836,-1.0233758567588571,1
-1.012053753692239,0.0,0.2902850510173811,-0.8795103745102193,-0.514124971521488,-0.693650698030738,-1.5072920519457886,-1.0715844008170172,0.18613963853285548,0.0,0.0,-0.12123202617656836,-0.8978060136679188,0
-1.4721891215616434,0.0,-0.46192253572791986,-0.8795103745102193,0.6616056322504459,0.3644218685281948,1.18516958449124,-0.0008867506627574296,0.18613963853285548,0.0,0.0,-0.12123202617656836,1.071280473693307,0
0.35339972946965464,0.0,-0.03129755540730531,-0.8795103745102193,-0.32717878940077993,-0.05306319911326454,-1.5072920519457886,-0.4609168016563328,0.18613963853285548,0.0,1.0,-0.12123202617656836,-0.7541238538977799,0
-1.4721891215616434,0.0,-0.03129755540730531,-0.8795103745102193,-0.18199414937911174,-0.8868079756552516,-1.5072920519457886,-0.3886420715982743,0.18613963853285548,0.0,0.0,-0.12123202617656836,-0.6582210544591905,0
-0.4534932381131697,0.0,-0.3251261608248572,-0.8795103745102193,0.22609677805313871,0.1145892787914231,-1.5072920519457886,-0.6142506050345212,-0.9231519911021343,0.0,0.0,-0.6804718122002787,-0.28874180751262374,0
0.35339972946965464,1.0,0.12596723534148388,0.697684930971013,0.5476274124708831,0.6830282263656221,0.49334932010851695,0.33105875939802537,-0.9231519911021343,0.0,0.0,-0.6804718122002787,0.44908039873371214,1
0.35339972946965464,0.0,0.461768744122683,-0.8795103745102193,-0.3953771498121693,-0.0925805927386985,0.424859269722891,0.11481150538227353,0.18613963853285548,0.0,1.0,-0.12123202617656836,-0.054713334975718356,0
0.08350622611294847,0.0,-0.3251261608248572,1.1946979528393167,0.7785578185583264,0.6422534681290875,-0.34278061469339505,-0.0609482951462328,2.404722897802835,0.0,0.0,2.6749669039419834,-0.5759171425570748,0
0.4723153205103732,0.0,0.8266788390641504,1.1946979528393167,1.0870413244381667,0.9256364720719894,1.095863043406545,1.1774541226784172,0.18613963853285548,0.0,0.0,-0.12123202617656836,1.0840798573873247,0
-1.4721891215616434,0.0,0.12596723534148388,-0.8795103745102193,0.8673803695489706,1.0091061381190292,1.668013449652999,1.017678909606691,-0.9231519911021343,0.0,0.0,-0.6804718122002787,1.9673108133271218,0
1.9966359811595418,0.0,1.872022146645339,1.5752618279022026,1.8678263892458982,2.071135941044344,0.6612385671642586,0.8924329275229498,0.18613963853285548,0.0,0.0,-0.12123202617656836,1.0317974432421906,0
0.35339972946965464,1.0,-0.03129755540730531,-0.8795103745102193,0.5253474582662271,0.6007130929660973,-0.02899096777841141,0.11481150538227353,-0.9231519911021343,0.0,0.0,-0.6804718122002787,0.14380767029070993,1
-0.07289576572182317,0.0,0.12596723534148388,-0.8795103745102193,0.706131363614475,0.6146473417131381,-0.5059682851583214,-0.781954627922395,2.404722897802835,0.0,0.0,2.6749669039419834,-0.6324718995777446,0
1.6084561656599872,0.0,1.2215756502689943,1.8449234868866584,1.2986627924758514,0.6964560993767297,-0.3919063374300445,1.0985370245410373,2.404722897802835,1.0,0.0,2.6749669039419834,-0.3494602376821707,0
1.2040372514157516,0.0,-1.7425011089148845,0.697684930971013,1.1366202987321132,1.5659577894946692,0.7446340814570775,1.0583591808618793,2.404722897802835,0.0,0.0,2.6749669039419834,-0.05350414144581725,0
0.6865551185257461,0.0,-0.46192253572791986,-0.8795103745102193,-1.0611630591431394,-0.5793234579425617,-0.05629982231812761,-0.6142506050345212,-0.9231519911021343,0.0,1.0,-0.6804718122002787,-0.6188764364569657,0
-1.4721891215616434,0.0,0.12596723534148388,-0.8795103745102193,-2.271301413069049,-2.0979157852458847,-1.5072920519457886,-2.0268289954725063,-0.9231519911021343,0.0,1.0,-0.6804718122002787,-2.2568431171423695,0
-0.4534932381131697,0.0,0.12596723534148388,-0.8795103745102193,0.6925346603983793,0.2518203896575308,0.877654397692173,0.7619251298184915,-0.9231519911021343,0.0,0.0,-0.6804718122002787,0.8428668925880616,0
-0.4534932381131697,0.0,-0.03129755540730531,-0.8795103745102193,0.6720345651287151,0.14984108315703443,0.6612385671642586,0.5785153380242523,-0.9231519911021343,0.0,0.0,-0.6804718122002787,0.6310336211494814,0
-1.4721891215616434,0.0,0.12596723534148388,-0.8795103745102193,0.6973140140109904,0.4710825342868126,1.2189344229830763,0.2252488320656032,0.18613963853285548,0.0,0.0,-0.12123202617656836,1.1236237620631822,0
-0.24938390894453497,0.0,0.12596723534148388,-0.8795103745102193,1.8452995146433044,1.556443027647991,1.0796564468759238,0.432757898856675,-0.9231519911021343,0.0,0.0,-0.6804718122002787,1.4548760098063171,0
-1.4721891215616434,0.0,0.12596723534148388,-0.8795103745102193,-2.271301413069049,-2.0979157852458847,0.11184436778086729,-2.0268289954725063,0.18613963853285548,0.0,1.0,-0.12123202617656836,-0.6841109262182826,1
-1.012053753692239,0.0,-0.8332668783246234,-0.8795103745102193,0.7573000066644264,0.58668938306937,-0.5735904547911599,0.057665153009515184,1.2954312681678453,0.0,0.0,1.556487331894563,-0.29163209428643755,0
0.4723153205103732,0.0,-1.8408659249517312,1.4347876498624124,0.011019878451388113,-0.0925805927386985,0.2415078628653102,-0.18608610499023895,0.18613963853285548,0.0,0.0,-0.12123202617656836,-0.05619480183665912,0
0.5829479787780677,0.0,1.872022146645339,1.4347876498624124,-0.894102430705921,-0.852423195420382,0.1322625095167463,-0.6960629002177537,2.404722897802835,0.0,0.0,2.6749669039419834,-1.022592976259919,0
-0.6985221790742214,0.0,0.12596723534148388,-0.8795103745102193,1.3911568866231512,1.2758408369137495,-0.7419059021457265,1.1774541226784172,0.18613963853285548,0.0,0.0,-0.12123202617656836,0.4147877886130531,0
0.35339972946965464,0.0,0.461768744122683,1.4347876498624124,0.8178743030890735,1.0091061381190292,1.4861469047202425,0.8924329275229498,-0.9231519911021343,1.0,0.0,-0.6804718122002787,1.6626009078410058,0
-0.6985221790742214,0.0,0.2902850510173811,-0.8795103745102193,0.1311525709814425,0.45617790096966415,-0.9918459235005864,0.432757898856675,-0.9231519911021343,0.0,0.0,-0.6804718122002787,-0.31710674901510827,0
0.6865551185257461,0.0,0.6405298909516516,0.697684930971013,-0.036547146537870494,0.0786539932463993,1.2222135950276227,0.27869756895634124,-0.9231519911021343,0.0,0.0,-0.6804718122002787,1.0973706246949875,0
0.8764122416617753,0.0,1.020324751826462,0.697684930971013,0.3533658130650157,0.38000288413917455,-0.2560831944486632,-0.0609482951462328,0.18613963853285548,0.0,0.0,-0.12123202617656836,-0.12158859438878224,0
-0.24938390894453497,1.0,-0.3251261608248572,-0.8795103745102193,-0.1898638045309183,-0.5793234579425617,-1.5072920519457886,-0.6960629002177537,-0.9231519911021343,0.0,1.0,-0.6804718122002787,-0.5918113842563804,1
0.4723153205103732,0.0,1.020324751826462,0.697684930971013,-0.16021064634478385,-0.1955945586379102,1.5074298672141886,-0.0008867506627574296,0.18613963853285548,0.0,0.0,-0.12123202617656836,1.4046764699286314,0
-0.4534932381131697,0.0,0.8266788390641504,-0.8795103745102193,-0.40099252722288836,-0.4485275487942812,1.4528468064582118,-0.0008867506627574296,0.18613963853285548,0.0,0.0,-0.12123202617656836,1.287032928706946,0
2.0957599883376585,0.0,0.6405298909516516,1.667066840949515,1.965778545508238,2.1893960402092687,-0.1472620689342646,2.424282180564849,-0.9231519911021343,1.0,0.0,-0.6804718122002787,0.9309479454859022,0
0.4723153205103732,0.0,1.430538452483767,1.1946979528393167,1.4289337388451488,1.3996396954936638,-0.02899096777841141,1.2924668108586557,1.2954312681678453,0.0,0.0,1.556487331894563,0.1447478697587339,0
-1.4721891215616434,0.0,0.12596723534148388,-0.8795103745102193,-2.271301413069049,-2.0979157852458847,-1.5072920519457886,-2.0268289954725063,0.18613963853285548,0.0,1.0,-0.12123202617656836,-2.2568431171423695,1
-1.4721891215616434,0.0,0.461768744122683,-0.8795103745102193,0.599204174594777,0.3644218685281948,1.1640060687285056,-0.6142506050345212,0.18613963853285548,0.0,0.0,-0.12123202617656836,1.029112680481695,0
0.6865551185257461,0.0,-0.18162350062635982,1.1946979528393167,-0.4321810771286733,-0.0727088154730665,0.424859269722891,2.0710952263582554,2.404722897802835,0.0,0.0,2.6749669039419834,-0.7054073398070023,0
0.35339972946965464,0.0,0.8266788390641504,1.5752618279022026,0.7878343353378872,0.9855478547947649,1.4796229245622161,0.717138288650402,0.18613963853285548,1.0,0.0,-0.12123202617656836,1.509100210552842,0
-0.07289576572182317,0.0,1.430538452483767,0.697684930971013,0.8770319240346023,1.1124339195920343,1.6889495156700824,1.1382298578534331,0.18613963853285548,0.0,0.0,-0.12123202617656836,1.8569850214418264,0
0.5829479787780677,0.0,-1.1486189098802198,-0.8795103745102193,-0.7160010949035817,-0.49941885605417785,-0.02899096777841141,-0.4609168016563328,-0.9231519911021343,0.0,0.0,-0.6804718122002787,-0.4717445061640307,0
0.35339972946965464,0.0,0.12596723534148388,0.697684930971013,1.9062625122308359,1.6501944964791433,1.1604084989562675,1.0985370245410373,-0.9231519911021343,0.0,0.0,-0.6804718122002787,1.555155236584978,0
-1.4721891215616434,0.0,-1.2418825974008505,-0.8795103745102193,-1.1695841334856294,-1.6271094250024807,-0.18121248900618253,-1.7800759131583497,1.2954312681678453,0.0,1.0,1.556487331894563,-1.0677763947322885,0
0.5829479787780677,0.0,1.430538452483767,0.697684930971013,0.9533176189526316,1.2008655030797615,1.704612234768412,1.3670629301703794,0.18613963853285548,0.0,0.0,-0.12123202617656836,1.8959800537098765,0
0.5829479787780677,0.0,-1.487950860074402,1.5752618279022026,-0.10373469068100236,-0.0727088154730665,0.34731683030805827,-0.0008867506627574296,0.18613963853285548,0.0,0.0,-0.12123202617656836,-0.02299111002981182,0
0.4723153205103732,0.0,-0.8332668783246234,0.697684930971013,-0.4321810771286733,-0.1955945586379102,0.31900021497714,2.040287070344547,2.404722897802835,0.0,0.0,2.6749669039419834,-0.7806798943572956,0
1.047621135607331,0.0,1.647319010761206,0.697684930971013,-0.14548140313966473,0.26830447523237333,1.6597798948222797,0.5307740080750752,0.18613963853285548,0.0,0.0,-0.12123202617656836,1.6709236186401888,0
-1.4721891215616434,0.0,0.2902850510173811,-0.8795103745102193,-0.18042596900416374,-0.852423195420382,1.7982486185129376,-1.4393186048761482,0.18613963853285548,0.0,0.0,-0.12123202617656836,1.9212457165913588,0
0.6865551185257461,1.0,0.6405298909516516,-0.8795103745102193,-0.012836515517036021,-0.11268564702923983,-0.0029467479771157737,0.057665153009515184,0.18613963853285548,0.0,1.0,-0.12123202617656836,-0.21525437518921134,1
0.5829479787780677,0.0,0.2902850510173811,1.1946979528393167,0.2166779925574643,0.5151728517444565,0.4368416794280404,1.017678909606691,0.18613963853285548,0.0,0.0,-0.12123202617656836,0.1728420621877399,0
0.8764122416617753,0.0,-0.18162350062635982,1.1946979528393167,1.125611704587651,0.9256364720719894,1.0502398511625246,0.9347360339290371,0.18613963853285548,0.0,0.0,-0.12123202617656836,1.0472581724360595,0
-0.4534932381131697,0.0,-0.8332668783246234,0.697684930971013,-0.905170550588096,-1.1185646336077608,0.1322625095167463,-1.1826182295476602,1.2954312681678453,0.0,0.0,1.556487331894563,-0.7601504613158269,0
-1.4721891215616434,0.0,1.020324751826462,-0.8795103745102193,-1.2492488877549475,-1.2088238377712506,0.34731683030805827,-0.8725708510892921,0.18613963853285548,0.0,1.0,-0.12123202617656836,-0.3407729303882706,0
0.5829479787780677,1.0,1.020324751826462,-0.8795103745102193,-0.26196711145096285,-0.17447737485093776,0.41262740123801345,0.7619251298184915,0.18613963853285548,0.0,1.0,-0.12123202617656836,-0.023984778856580197,1
0.964073858567003,0.0,0.8266788390641504,0.697684930971013,1.076921143983739,0.9256364720719894,1.023868904754884,0.5307740080750752,0.18613963853285548,0.0,0.0,-0.12123202617656836,1.0043406477759784,0
1.7268865040398134,1.0,-0.46192253572791986,1.4347876498624124,1.9356998715920517,2.0951383322827972,-1.5072920519457886,2.3386579682161797,-0.9231519911021343,0.0,0.0,-0.6804718122002787,0.8269452423259605,0
-1.4721891215616434,0.0,-1.0495141476718508,-0.8795103745102193,-2.271301413069049,-2.0979157852458847,-1.5072920519457886,-2.0268289954725063,1.2954312681678453,0.0,1.0,1.556487331894563,-2.2568431171423695,0
1.348389454007024,0.0,-1.793966719726717,1.1946979528393167,0.7110503523586617,1.179041504793301,0.7516740379585609,0.9347360339290371,-0.9231519911021343,1.0,0.0,-0.6804718122002787,0.7308189687614904,0
-0.07289576572182317,0.0,1.020324751826462,-0.8795103745102193,0.905697560169221,1.1348301230709978,1.6936876216670054,1.2924668108586557,-0.9231519911021343,0.0,0.0,-0.6804718122002787,2.0180965049059147,0
-1.4721891215616434,0.0,-0.46192253572791986,-0.8795103745102193,-2.271301413069049,-2.0979157852458847,-1.5072920519457886,-2.0268289954725063,-0.9231519911021343,0.0,1.0,-0.6804718122002787,-2.2568431171423695,0
0.2245460332616516,0.0,0.2902850510173811,-0.8795103745102193,-0.3557216272911197,-0.23866380856018854,0.11184436778086729,0.432757898856675,0.18613963853285548,0.0,1.0,-0.12123202617656836,-0.29916384408361335,1
0.2245460332616516,0.0,0.2902850510173811,0.697684930971013,1.0158555960862117,0.8391648571679861,0.9724017549529482,1.0985370245410373,0.18613963853285548,0.0,0.0,-0.12123202617656836,0.9318653985770945,0
0.8764122416617753,0.0,1.647319010761206,1.1946979528393167,-0.036547146537870494,0.18444317316632383,1.2478518611431648,0.33105875939802537,0.18613963853285548,0.0,0.0,-0.12123202617656836,1.0141833069601118,0
0.964073858567003,1.0,1.872022146645339,-0.8795103745102193,-0.21280203334516246,0.16722133829873997,0.06867303718851682,0.17064504865893973,0.18613963853285548,0.0,1.0,-0.12123202617656836,-0.2644348627046819,0
0.5829479787780677,0.0,1.2215756502689943,0.697684930971013,1.8845885042743786,1.6316873713333473,1.14580849693321,0.717138288650402,-0.9231519911021343,0.0,0.0,-0.6804718122002787,1.5328878736785863,0
-1.012053753692239,0.0,0.461768744122683,0.697684930971013,0.6741846948860943,0.5005780712198213,1.2056446710461979,0.17064504865893973,0.18613963853285548,0.0,0.0,-0.12123202617656836,1.1009657809219167,0
0.6865551185257461,0.0,1.430538452483767,0.697684930971013,0.1341505097041978,0.5151728517444565,0.36097556023933375,0.6254659586163507,0.18613963853285548,0.0,0.0,-0.12123202617656836,0.08312533169053031,0
-1.4721891215616434,0.0,-1.686315314805773,-0.8795103745102193,-0.08377904243332623,-0.11268564702923983,-1.5072920519457886,-0.0008867506627574296,0.18613963853285548,0.0,0.0,-0.12123202617656836,-0.5825786638436626,0
1.8389246320946688,1.0,-0.18162350062635982,-0.8795103745102193,-0.5620407160791768,0.04199850807495892,0.31900021497714,0.6254659586163507,0.18613963853285548,0.0,1.0,-0.12123202617656836,-0.2028523412937265,1
-0.24938390894453497,0.0,0.8266788390641504,-0.8795103745102193,0.2904616045544488,0.5005780712198213,-0.5735904547911599,0.432757898856675,0.18613963853285548,0.0,0.0,-0.12123202617656836,-0.23478354318027075,0
0.6865551185257461,0.0,-1.8408659249517312,-0.8795103745102193,0.6339809266117944,1.1348301230709978,0.7303035707895646,0.9764777356110778,-2.032443620737124,1.0,0.0,-1.7989513842476996,0.8752486025440398,0
0.964073858567003,0.0,1.020324751826462,0.697684930971013,1.7496491144350086,1.556443027647991,-0.11526604073060712,1.3299641777568034,0.18613963853285548,0.0,0.0,-0.12123202617656836,0.6986232439523797,0
0.35339972946965464,0.0,-0.03129755540730531,-0.8795103745102193,0.5253474582662271,0.6007130929660973,-0.02899096777841141,0.11481150538227353,-0.9231519911021343,0.0,0.0,-0.6804718122002787,0.14380767029070993,1
-1.4721891215616434,0.0,-0.03129755540730531,-0.8795103745102193,0.20124698737627936,0.1322984404802882,-1.5072920519457886,-0.4609168016563328,-0.9231519911021343,0.0,0.0,-0.6804718122002787,-0.305888319776034,0
-1.4721891215616434,0.0,-0.7158720037692985,-0.8795103745102193,0.784129299458872,0.8517128778170655,1.6395868595991145,0.7619251298184915,-0.9231519911021343,0.0,0.0,-0.6804718122002787,1.9043948332076182,0
-1.4721891215616434,0.0,-1.1486189098802198,-0.8795103745102193,-2.271301413069049,-2.0979157852458847,-1.5072920519457886,-2.0268289954725063,1.2954312681678453,0.0,1.0,1.556487331894563,-2.2568431171423695,0
0.4723153205103732,0.0,0.6405298909516516,-0.8795103745102193,-0.2992963931852855,-0.01442369443343163,-0.4459281988232748,-0.18608610499023895,0.18613963853285548,0.0,1.0,-0.12123202617656836,-0.5579262343021272,0
-1.4721891215616434,0.0,1.020324751826462,-0.8795103745102193,-1.1275617121492878,-1.076306479538755,-1.1855370315326892,-0.6960629002177537,-0.9231519911021343,0.0,1.0,-0.6804718122002787,-1.26693730608779,0
-1.012053753692239,0.0,-0.03129755540730531,0.697684930971013,0.20315468138125561,0.5151728517444565,-0.11526604073060712,1.017678909606691,-0.9231519911021343,0.0,0.0,-0.6804718122002787,-0.06715991537652266,0
0.35339972946965464,0.0,0.8266788390641504,-0.8795103745102193,-0.4477083617050017,-0.11268564702923983,-1.5072920519457886,-0.0609482951462328,0.18613963853285548,0.0,1.0,-0.12123202617656836,-0.8419677563999158,0
0.964073858567003,0.0,0.2902850510173811,1.4347876498624124,0.9233205816276501,0.8889616434843537,0.18947797787923643,0.2252488320656032,2.404722897802835,0.0,0.0,2.6749669039419834,-0.3862862058763946,0
-0.4534932381131697,0.0,1.2215756502689943,-0.8795103745102193,0.5447377358914761,0.6422534681290875,-0.4459281988232748,-0.6142506050345212,0.18613963853285548,0.0,0.0,-0.12123202617656836,-0.05608076521128064,0
1.2775822509180437,0.0,-1.5591855870497442,0.697684930971013,0.7206739411409245,1.2863791590579898,0.8485147213886015,1.2545582777324633,-0.9231519911021343,1.0,0.0,-0.6804718122002787,0.8274810709354745,0
-1.4721891215616434,0.0,0.12596723534148388,-0.8795103745102193,0.8274518988931692,0.9736831732039121,1.6647324194439572,1.017678909606691,-0.9231519911021343,0.0,0.0,-0.6804718122002787,1.954789241506314,0
1.4166903618380977,0.0,0.2902850510173811,-0.8795103745102193,-1.064913025233245,-0.1536259367112664,-0.08500636257674449,-0.2514482231001947,0.18613963853285548,0.0,1.0,-0.12123202617656836,-0.7082595362549079,1
0.35339972946965464,0.0,0.6405298909516516,0.697684930971013,0.7409780880825195,0.5151728517444565,1.1494904585613765,0.2252488320656032,0.18613963853285548,0.0,0.0,-0.12123202617656836,1.0472132161575867,0
-1.4721891215616434,0.0,-1.487950860074402,-0.8795103745102193,-2.271301413069049,-2.0979157852458847,-0.8519084961219504,-2.0268289954725063,1.2954312681678453,0.0,1.0,1.556487331894563,-1.7505402099081455,0
-1.4721891215616434,0.0,0.6405298909516516,-0.8795103745102193,-0.2137667985623594,-0.958783742641671,1.791498051205587,-0.968744774313427,0.18613963853285548,0.0,0.0,-0.12123202617656836,1.9057108673522922,0
-0.07289576572182317,0.0,0.8266788390641504,-0.8795103745102193,-1.1415786771085095,-1.076306479538755,0.34731683030805827,-0.8725708510892921,0.18613963853285548,0.0,1.0,-0.12123202617656836,-0.32206197817256516,1
1.2775822509180437,0.0,-0.46192253572791986,0.697684930971013,1.8095542569749326,1.8892946258767844,0.34731683030805827,0.4822024803158727,-0.9231519911021343,0.0,0.0,-0.6804718122002787,0.9752578859461104,0
0.964073858567003,0.0,0.12596723534148388,1.4347876498624124,-0.4294853858935272,-0.05306319911326454,1.3218770497179952,-0.0609482951462328,0.18613963853285548,1.0,0.0,-0.12123202617656836,1.0719872739211294,0
0.35339972946965464,0.0,0.6405298909516516,-0.8795103745102193,-0.3531967233618812,0.02338831919764908,0.7230088817253174,0.33105875939802537,1.2954312681678453,0.0,1.0,1.556487331894563,-0.09768668384720318,0
-1.4721891215616434,0.0,-0.46192253572791986,-0.8795103745102193,-0.678904233757718,-0.4237299919284973,0.1322625095167463,-0.2514482231001947,0.18613963853285548,0.0,1.0,-0.12123202617656836,-0.4059470788955918,0
-1.4721891215616434,0.0,-0.18162350062635982,-0.8795103745102193,-2.271301413069049,-2.0979157852458847,-1.5072920519457886,-2.0268289954725063,1.2954312681678453,0.0,1.0,1.556487331894563,-2.2568431171423695,1
0.6865551185257461,0.0,-1.9860170239087698,-0.8795103745102193,0.6422042436871048,1.0898378755974683,0.6693155314891707,0.8060520324363187,-2.032443620737124,1.0,0.0,-1.7989513842476996,0.8208903902070848,0
0.35339972946965464,0.0,1.430538452483767,1.1946979528393167,0.33595881290880486,0.5005780712198213,-0.2560831944486632,0.4822024803158727,0.18613963853285548,0.0,0.0,-0.12123202617656836,-0.13039841848997488,0
0.4723153205103732,0.0,-0.03129755540730531,-0.8795103745102193,0.22797358108345298,0.16722133829873997,-1.5072920519457886,0.5785153380242523,-2.032443620737124,0.0,0.0,-1.7989513842476996,-0.14647779121831717,0
-0.4534932381131697,0.0,0.6405298909516516,0.697684930971013,-1.5429407013353378,-1.5517802215308147,-0.6510697318600371,-1.3040579861083508,0.18613963853285548,0.0,0.0,-0.12123202617656836,-1.3072419425061272,1
0.5829479787780677,0.0,1.430538452483767,1.1946979528393167,-0.794741647513478,-0.7547689557144309,0.11184436778086729,-0.5360063772889603,0.18613963853285548,0.0,0.0,-0.12123202617656836,-0.46351501902994524,0
0.08350622611294847,0.0,0.6405298909516516,-0.8795103745102193,0.6025638901527411,0.6422534681290875,-0.5059682851583214,-0.5360063772889603,0.18613963853285548,0.0,0.0,-0.12123202617656836,-0.032971883701297944,0
-0.07289576572182317,0.0,1.020324751826462,-0.8795103745102193,-0.5153701440113355,-0.0925805927386985,0.4368416794280404,0.057665153009515184,1.2954312681678453,0.0,1.0,1.556487331894563,-0.4039859597136139,0
-1.4721891215616434,0.0,-2.055130370381915,0.697684930971013,-0.2821882050195122,-0.5793234579425617,-0.3919063374300445,-0.6142506050345212,0.18613963853285548,0.0,0.0,-0.12123202617656836,-0.5336017901690776,0
-1.4721891215616434,0.0,-0.8332668783246234,-0.8795103745102193,0.672393099640607,0.4710825342868126,-1.5072920519457886,-0.31889890269653554,1.2954312681678453,0.0,0.0,1.556487331894563,-0.3970026699032893,0
-0.24938390894453497,0.0,-0.5921311266741747,-0.8795103745102193,-0.5760071317311989,-0.23866380856018854,0.33333056902892305,2.101675587139568,1.2954312681678453,0.0,0.0,1.556487331894563,-0.5077753460062451,0
0.5829479787780677,0.0,0.2902850510173811,1.1946979528393167,1.4442326570321573,1.3177454937169992,-0.5059682851583214,1.1382298578534331,1.2954312681678453,0.0,0.0,1.556487331894563,0.07915924844193323,0
0.8764122416617753,0.0,-0.9444391811885324,0.697684930971013,-0.6596697758051592,-0.37533744672449043,-0.08500636257674449,-0.5360063772889603,-0.9231519911021343,0.0,0.0,-0.6804718122002787,-0.4879441536145266,0
0.35339972946965464,1.0,-1.9860170239087698,1.1946979528393167,-0.46345104309141494,-0.693650698030738,-0.5059682851583214,-0.781954627922395,0.18613963853285548,0.0,0.0,-0.12123202617656836,-0.6799661555494928,1
-1.012053753692239,0.0,0.6405298909516516,-0.8795103745102193,-1.0118640203931941,-1.257338550726375,-0.4459281988232748,-1.594191099233689,-0.9231519911021343,0.0,1.0,-0.6804718122002787,-0.8881553475328456,0
1.2040372514157516,0.0,2.104751684068571,1.1946979528393167,0.31570251652897474,0.3954654611427993,-0.11526604073060712,0.8924329275229498,-2.032443620737124,0.0,0.0,-1.7989513842476996,0.14903881814852313,0
-1.012053753692239,0.0,-0.3251261608248572,-0.8795103745102193,0.7078896809912263,0.42604475287671956,1.2089934441260295,0.27869756895634124,0.18613963853285548,0.0,0.0,-0.12123202617656836,1.113241139823304,0
2.0957599883376585,0.0,1.647319010761206,1.5752618279022026,1.8906559859333387,2.1030992531023536,0.6851510340951414,0.9347360339290371,0.18613963853285548,0.0,0.0,-0.12123202617656836,1.0556395125220206,0
0.7841165927033555,0.0,1.020324751826462,1.4347876498624124,1.479929572089457,1.459483335342635,0.48247240153270343,1.4760839574539293,1.2954312681678453,0.0,0.0,1.556487331894563,0.3344444978953912,0
-1.4721891215616434,0.0,-0.18162350062635982,-0.8795103745102193,-2.271301413069049,-2.0979157852458847,-1.5072920519457886,-2.0268289954725063,0.18613963853285548,0.0,1.0,-0.12123202617656836,-2.2568431171423695,1
-1.4721891215616434,0.0,-0.03129755540730531,-0.8795103745102193,-0.3860778615617948,-0.5521808457454166,1.4663737980318714,-0.3886420715982743,0.18613963853285548,0.0,0.0,-0.12123202617656836,1.3110112353811585,0
0.4723153205103732,0.0,1.020324751826462,1.1946979528393167,-0.3720827933378205,-0.4485275487942812,-0.2560831944486632,-0.6960629002177537,1.2954312681678453,0.0,0.0,1.556487331894563,-0.7978579268755378,0
0.8764122416617753,0.0,1.872022146645339,1.1946979528393167,1.7378539957162649,1.5659577894946692,-0.08500636257674449,1.3670629301703794,0.18613963853285548,0.0,0.0,-0.12123202617656836,0.6980968569129349,0
-0.6985221790742214,0.0,0.8266788390641504,-0.8795103745102193,-0.3886742113544263,-0.03363697408995959,-1.5072920519457886,0.7619251298184915,-0.9231519911021343,0.0,0.0,-0.6804718122002787,-0.7326602657397226,0
-0.4534932381131697,0.0,-0.03129755540730531,1.1946979528393167,0.7768661746141619,0.7493831664814768,0.4368416794280404,0.33105875939802537,2.404722897802835,0.0,0.0,2.6749669039419834,-0.33967847079548147,0
1.8927920133992675,0.0,-0.8332668783246234,1.4347876498624124,1.965778545508238,2.0951383322827972,-1.5072920519457886,2.3673848116763136,-0.9231519911021343,0.0,0.0,-0.6804718122002787,0.8449831179248616,0
0.8764122416617753,0.0,0.461768744122683,0.697684930971013,0.2753015250568977,0.16722133829873997,-0.5059682851583214,0.6254659586163507,-2.032443620737124,0.0,0.0,-1.7989513842476996,-0.0020612631160358955,0
-1.4721891215616434,0.0,-0.03129755540730531,-0.8795103745102193,-1.0317935749642715,-1.4836057089681398,-1.5072920519457886,-1.0715844008170172,-0.9231519911021343,0.0,1.0,-0.6804718122002787,-1.2566153303450232,0
1.6084561656599872,1.0,-0.18162350062635982,-0.8795103745102193,-0.862889607557567,-0.1536259367112664,-0.11526604073060712,-0.18608610499023895,-0.9231519911021343,0.0,1.0,-0.6804718122002787,-0.5911172350066598,1
-1.4721891215616434,0.0,1.430538452483767,-0.8795103745102193,-2.271301413069049,-2.0979157852458847,-0.4459281988232748,-2.0268289954725063,-0.9231519911021343,0.0,1.0,-0.6804718122002787,-1.1998379321279549,1
1.2040372514157516,0.0,-1.487950860074402,1.1946979528393167,0.7031382933032013,1.222507318243943,0.8425163327632954,1.216225360090411,-0.9231519911021343,1.0,0.0,-0.6804718122002787,0.8151612911996586,0
-1.4721891215616434,0.0,0.6405298909516516,0.697684930971013,-2.271301413069049,-2.0979157852458847,-0.5059682851583214,-2.0268289954725063,2.404722897802835,0.0,0.0,2.6749669039419834,-1.653754790941421,0
0.7841165927033555,0.0,-1.6252591166453392,-0.8795103745102193,1.086752876148994,1.5468962185637367,0.7516740379585609,1.1382298578534331,1.2954312681678453,0.0,0.0,1.556487331894563,0.33997306154275986,0
-0.07289576572182317,0.0,0.12596723534148388,-0.8795103745102193,0.14608174227097157,-0.01442369443343163,-1.5072920519457886,0.4822024803158727,-2.032443620737124,0.0,0.0,-1.7989513842476996,-0.2085665152819205,0
0.5829479787780677,0.0,0.6405298909516516,0.697684930971013,-0.19049546116609956,0.2015103997107105,1.6873625272824433,0.432757898856675,0.18613963853285548,0.0,0.0,-0.12123202617656836,1.7162016665153474,0
-1.4721891215616434,0.0,-0.03129755540730531,-0.8795103745102193,-2.271301413069049,-2.0979157852458847,-1.5072920519457886,-2.0268289954725063,0.18613963853285548,0.0,0.0,-0.12123202617656836,-2.2568431171423695,0
-1.4721891215616434,0.0,-0.5921311266741747,-0.8795103745102193,-1.1275617121492878,-1.8108217731349643,-1.5072920519457886,-0.8725708510892921,-0.9231519911021343,0.0,1.0,-0.6804718122002787,-1.339999822490956,0
-0.07289576572182317,0.0,0.2902850510173811,1.1946979528393167,-0.2890028773740385,-0.4237299919284973,0.021947609361985223,0.057665153009515184,1.2954312681678453,0.0,0.0,1.556487331894563,-0.627995214854207,0
-1.4721891215616434,0.0,0.2902850510173811,-0.8795103745102193,-0.2855908196426797,-0.03363697408995959,-0.7419059021457265,0.717138288650402,-2.032443620737124,0.0,0.0,-1.7989513842476996,-0.4362007351490263,0
-1.4721891215616434,0.0,-1.329436447453843,-0.8795103745102193,-0.27136251785888676,-0.1955945586379102,-1.5072920519457886,-1.0715844008170172,0.18613963853285548,0.0,0.0,-0.12123202617656836,-0.7159170022507053,0
0.964073858567003,0.0,1.430538452483767,1.1946979528393167,1.4877195558940062,1.4791462363220929,0.18947797787923643,1.5117019662148734,1.2954312681678453,0.0,0.0,1.556487331894563,0.2290736986009574,0
0.35339972946965464,0.0,0.2902850510173811,-0.8795103745102193,-0.4391421861089463,-0.2169867647588109,-0.21737965524864494,-0.12263695232921346,0.18613963853285548,0.0,1.0,-0.12123202617656836,-0.5370611240628812,0
1.1274872107053646,0.0,-1.487950860074402,0.697684930971013,0.6809764519548618,1.2439709701718258,0.8303397949053458,1.216225360090411,-0.9231519911021343,1.0,0.0,-0.6804718122002787,0.7956072927778765,0
-1.4721891215616434,0.0,-0.03129755540730531,-0.8795103745102193,1.3006169176432325,1.1570311538175746,-1.5072920519457886,1.1774541226784172,0.18613963853285548,0.0,0.0,-0.12123202617656836,0.32889892936385634,0
-0.6985221790742214,0.0,0.2902850510173811,0.697684930971013,-1.1626943250250354,-1.5517802215308147,-0.21737965524864494,-1.1826182295476602,2.404722897802835,0.0,0.0,2.6749669039419834,-1.3134808043743553,0
1.5465566591620816,0.0,-0.7158720037692985,1.1946979528393167,1.924265199029313,2.0550333058192183,-0.9918459235005864,2.3673848116763136,-0.9231519911021343,0.0,0.0,-0.6804718122002787,0.8317005051558799,0
0.08350622611294847,0.0,0.461768744122683,0.697684930971013,-0.20638888348168818,0.02338831919764908,-0.5059682851583214,0.5307740080750752,-0.9231519911021343,0.0,0.0,-0.6804718122002787,-0.4485886734875302,0
1.4166903618380977,0.0,0.8266788390641504,1.4347876498624124,1.188330971531185,1.0555584415867936,1.14580849693321,1.2924668108586557,0.18613963853285548,0.0,0.0,-0.12123202617656836,1.1703132044361992,0
0.5829479787780677,0.0,1.020324751826462,0.697684930971013,1.7086548245138098,1.537317071290184,-1.5072920519457886,1.0985370245410373,0.18613963853285548,0.0,0.0,-0.12123202617656836,0.5770060883814248,0
-0.4534932381131697,0.0,0.2902850510173811,-0.8795103745102193,0.21549654091750975,0.18444317316632383,-1.5072920519457886,-0.31889890269653554,-0.9231519911021343,0.0,0.0,-0.6804718122002787,-0.2954633940684468,0
0.964073858567003,0.0,-0.8332668783246234,0.697684930971013,1.83292513373875,1.956652406794036,-1.5072920519457886,2.2806302274111045,-0.9231519911021343,0.0,0.0,-0.6804718122002787,0.7639952804800464,0
-0.07289576572182317,0.0,-1.329436447453843,-0.8795103745102193,-0.8837763018766396,-0.6641389848940414,-0.2560831944486632,-0.6142506050345212,-0.9231519911021343,0.0,0.0,-0.6804718122002787,-0.7041627842974053,0
0.5829479787780677,0.0,-1.487950860074402,0.697684930971013,-0.6935765912188564,-0.6070100507667666,-0.29771809938538085,-0.781954627922395,-0.9231519911021343,0.0,0.0,-0.6804718122002787,-0.6397251025479904,0
0.2245460332616516,0.0,-1.8408659249517312,-0.8795103745102193,0.5204652417694275,1.0208011946350248,0.5547226911301306,0.27869756895634124,-2.032443620737124,1.0,0.0,-1.7989513842476996,0.6697225852565662,0
1.1274872107053646,1.0,1.430538452483767,1.667066840949515,0.8805586201696892,1.101161176481722,1.509520155015006,1.017678909606691,0.18613963853285548,1.0,0.0,-0.12123202617656836,1.5725845079690857,0
-1.012053753692239,0.0,-1.9557629104763974,-0.8795103745102193,0.9415605019120433,1.3384534974805933,0.3743221429122441,0.8924329275229498,1.2954312681678453,0.0,0.0,1.556487331894563,0.06208969449820876,0
-1.4721891215616434,0.0,0.12596723534148388,-0.8795103745102193,0.6187122021710845,0.4108119821788188,1.1816914082439107,0.057665153009515184,0.18613963853285548,0.0,0.0,-0.12123202617656836,1.0565329272316073,0
0.35339972946965464,0.0,0.2902850510173811,-0.8795103745102193,-0.2016000961799076,0.06041869553875765,0.04579181165646059,0.5307740080750752,0.18613963853285548,0.0,1.0,-0.12123202617656836,-0.274531628736519,0
0.7841165927033555,0.0,-0.5921311266741747,0.697684930971013,-0.7160010949035817,-0.3517088458005675,0.15197615836469722,-0.3886420715982743,-0.9231519911021343,0.0,0.0,-0.6804718122002787,-0.3233615457061141,0
-0.24938390894453497,0.0,-1.6252591166453392,-0.8795103745102193,-0.9334769823043625,-0.7238459676478477,-0.9918459235005864,-0.968744774313427,-0.9231519911021343,0.0,0.0,-0.6804718122002787,-1.069948581336808,0
1.9453374865592172,0.0,-0.7158720037692985,1.4347876498624124,1.9579235176002328,2.126864231629125,-0.5059682851583214,2.2806302274111045,-0.9231519911021343,0.0,0.0,-0.6804718122002787,0.8811357855728535,0
0.5829479787780677,0.0,-0.03129755540730531,-0.8795103745102193,-0.6361296164925119,-0.6641389848940414,0.40013516043213326,-0.6142506050345212,1.2954312681678453,0.0,1.0,1.556487331894563,-0.46803038827116994,0
0.5829479787780677,0.0,0.8266788390641504,0.697684930971013,-0.040774041289208314,-0.0925805927386985,1.509520155015006,-0.12263695232921346,0.18613963853285548,0.0,0.0,-0.12123202617656836,1.422485898503067,0
-0.4534932381131697,0.0,1.2215756502689943,0.697684930971013,-0.514124971521488,-0.5255544800262242,-0.4459281988232748,-0.968744774313427,1.2954312681678453,0.0,0.0,1.556487331894563,-0.93928647498699,0
-0.07289576572182317,0.0,1.2215756502689943,-0.8795103745102193,-1.0854839067578905,-1.2088238377712506,-0.18121248900618253,-1.0715844008170172,0.18613963853285548,0.0,1.0,-0.12123202617656836,-0.7999702360368599,0
-0.6985221790742214,0.0,-0.03129755540730531,-0.8795103745102193,1.3767439789524034,1.2117089288894627,-1.5072920519457886,1.017678909606691,0.18613963853285548,0.0,0.0,-0.12123202617656836,0.3756638790781634,0
0.7841165927033555,0.0,1.872022146645339,1.1946979528393167,0.374862062449362,0.6146473417131381,-0.08500636257674449,0.5785153380242523,0.18613963853285548,0.0,0.0,-0.12123202617656836,-0.04926214631559826,0
1.9453374865592172,1.0,-0.03129755540730531,-0.8795103745102193,-0.5153701440113355,0.06041869553875765,0.09066795769800697,-0.18608610499023895,0.18613963853285548,0.0,1.0,-0.12123202617656836,-0.3753978114618999,1
-1.4721891215616434,0.0,-1.8408659249517312,-0.8795103745102193,-0.5795276217582184,-0.9222319226746506,-0.08500636257674449,-0.781954627922395,-0.9231519911021343,0.0,0.0,-0.6804718122002787,-0.4566326578769677,0
1.047621135607331,0.0,1.430538452483767,1.1946979528393167,0.8274518988931692,0.5583673103886344,1.005644587299752,1.1382298578534331,-0.9231519911021343,0.0,0.0,-0.6804718122002787,1.024664524593884,0
-1.012053753692239,0.0,-0.18162350062635982,0.697684930971013,0.714905918634209,0.6284936427069701,-0.2560831944486632,0.11481150538227353,1.2954312681678453,0.0,0.0,1.556487331894563,-0.2596031199122239,0
-1.012053753692239,0.0,-0.03129755540730531,-0.8795103745102193,-0.1072873636258909,-0.7864686628999003,-1.5072920519457886,-0.3886420715982743,0.18613963853285548,0.0,0.0,-0.12123202617656836,-0.6046431962345229,0
-1.012053753692239,0.0,-0.5921311266741747,-0.8795103745102193,-0.00181738106369528,0.2015103997107105,-0.34278061469339505,-0.0008867506627574296,-0.9231519911021343,0.0,0.0,-0.6804718122002787,-0.2717476305298131,0
-1.4721891215616434,0.0,0.12596723534148388,-0.8795103745102193,-0.2332179044768174,-0.958783742641671,-1.5072920519457886,-0.2514482231001947,0.18613963853285548,0.0,0.0,-0.12123202617656836,-0.6952718738379599,0
-0.07289576572182317,0.0,0.461768744122683,-0.8795103745102193,-0.9366806789881894,-1.1626600424566094,-0.3919063374300445,-1.1826182295476602,0.18613963853285548,0.0,1.0,-0.12123202617656836,-0.8814053136632333,0
1.348389454007024,0.0,1.430538452483767,1.4347876498624124,0.23312294736713451,0.58668938306937,0.41262740123801345,0.6254659586163507,0.18613963853285548,0.0,0.0,-0.12123202617656836,0.1613357855154291,0
0.08350622611294847,0.0,2.104751684068571,-0.8795103745102193,-1.0260485246874698,-1.1185646336077608,0.09066795769800697,-0.6960629002177537,0.18613963853285548,0.0,1.0,-0.12123202617656836,-0.5532005032951103,0
2.0957599883376585,0.0,-0.18162350062635982,1.5752618279022026,1.9843376310043042,2.1504552279981097,-0.11526604073060712,2.4804602011314127,-0.9231519911021343,1.0,0.0,-0.6804718122002787,0.9465511410522017,0
-0.4534932381131697,0.0,0.461768744122683,-0.8795103745102193,0.8770319240346023,1.0440266627375203,1.676144965255268,1.0985370245410373,-0.9231519911021343,0.0,0.0,-0.6804718122002787,1.9829175431596453,0
1.4826869650373546,0.0,0.6405298909516516,0.697684930971013,1.778570740560409,1.9062726759983422,0.25785800478751103,-0.18608610499023895,0.18613963853285548,0.0,0.0,-0.12123202617656836,0.8111225330594523,0
0.35339972946965464,0.0,1.2215756502689943,1.1946979528393167,-0.019768120203613057,-0.4485275487942812,-0.1472620689342646,-0.18608610499023895,1.2954312681678453,0.0,0.0,1.556487331894563,-0.5917085101441729,0
0.6865551185257461,0.0,0.461768744122683,1.4347876498624124,0.8187018874569367,0.7882882299708391,0.1322625095167463,0.33105875939802537,2.404722897802835,0.0,0.0,2.6749669039419834,-0.4463782393132269,0
-0.07289576572182317,0.0,-1.4114139258166871,-0.8795103745102193,-1.3874647004500376,-1.4836057089681398,-0.21737965524864494,-1.594191099233689,1.2954312681678453,0.0,1.0,1.556487331894563,-1.1499438015031953,0
-1.012053753692239,0.0,-0.03129755540730531,-0.8795103745102193,-0.22021736008882445,-0.1536259367112664,1.1746768421402496,0.057665153009515184,-0.9231519911021343,0.0,0.0,-0.6804718122002787,0.9950456931844112,0
-0.4534932381131697,0.0,0.6405298909516516,1.1946979528393167,-1.2841481721759256,-1.4210117268426015,-0.3919063374300445,-1.3040579861083508,2.404722897802835,0.0,0.0,2.6749669039419834,-1.4448563118429958,0
-1.4721891215616434,0.0,1.020324751826462,-0.8795103745102193,-1.5429407013353378,-1.4210117268426015,-0.29771809938538085,-0.968744774313427,-0.9231519911021343,0.0,1.0,-0.6804718122002787,-0.9724518164265452,0
0.08350622611294847,0.0,-0.03129755540730531,1.4347876498624124,0.7878343353378872,0.9134738420375053,1.4618962631727561,0.6716623488153538,-0.9231519911021343,1.0,0.0,-0.6804718122002787,1.6188833852345585,0
0.7841165927033555,0.0,0.461768744122683,0.697684930971013,0.5057337816480276,0.6146473417131381,-0.4459281988232748,0.33105875939802537,-0.9231519911021343,0.0,0.0,-0.6804718122002787,0.008652972543397417,1
0.35339972946965464,0.0,1.020324751826462,-0.8795103745102193,0.251703596549334,0.4108119821788188,-0.5059682851583214,-0.5360063772889603,0.18613963853285548,0.0,0.0,-0.12123202617656836,-0.24525603380069105,0
0.6865551185257461,0.0,2.104751684068571,1.4347876498624124,0.049372986798919,-0.32843814160131607,1.8386364089919949,-0.6142506050345212,1.2954312681678453,0.0,0.0,1.556487331894563,1.4518610430126495,0
1.047621135607331,0.0,1.2215756502689943,1.1946979528393167,0.3409827960542178,0.3954654611427993,0.36097556023933375,1.017678909606691,-2.032443620737124,0.0,0.0,-1.7989513842476996,0.43303215080126506,0
-1.012053753692239,0.0,-0.3251261608248572,-0.8795103745102193,0.8770319240346023,0.9736831732039121,1.66308572980805,1.0583591808618793,-0.9231519911021343,0.0,0.0,-0.6804718122002787,1.9605303925556068,0
-0.07289576572182317,0.0,0.461768744122683,0.697684930971013,1.3986394503357036,1.3073310512279555,-0.3919063374300445,1.2545582777324633,0.18613963853285548,0.0,0.0,-0.12123202617656836,0.45564228088015446,0
0.5829479787780677,1.0,1.872022146645339,-0.8795103745102193,-0.7322656016648919,-0.7547689557144309,0.22468124808969311,-0.5360063772889603,1.2954312681678453,0.0,1.0,1.556487331894563,-0.6397796819782956,1
-0.4534932381131697,0.0,0.6405298909516516,-0.8795103745102193,0.17961764859256646,0.31694313114105294,-1.5072920519457886,-0.6960629002177537,0.18613963853285548,0.0,0.0,-0.12123202617656836,-0.397227739040669,0
-0.24938390894453497,0.0,-0.7158720037692985,-0.8795103745102193,-0.14030427727568176,-0.5255544800262242,-1.5072920519457886,-0.6960629002177537,-0.9231519911021343,0.0,1.0,-0.6804718122002787,-0.5551416892771349,1
-1.4721891215616434,0.0,0.461768744122683,-0.8795103745102193,-2.271301413069049,-2.0979157852458847,-1.5072920519457886,-2.0268289954725063,-0.9231519911021343,0.0,1.0,-0.6804718122002787,-2.2568431171423695,0
-1.012053753692239,0.0,-0.03129755540730531,-0.8795103745102193,-0.4321810771286733,-0.1955945586379102,-1.5072920519457886,-0.4609168016563328,0.18613963853285548,0.0,1.0,-0.12123202617656836,-0.8318024695215519,0
-1.4721891215616434,0.0,0.12596723534148388,0.697684930971013,-1.6217377260676349,-1.6271094250024807,0.18947797787923643,-1.3040579861083508,2.404722897802835,0.0,0.0,2.6749669039419834,-1.0910572512239465,0
-1.4721891215616434,0.0,-0.3251261608248572,-0.8795103745102193,-2.271301413069049,-2.0979157852458847,-1.5072920519457886,-2.0268289954725063,1.2954312681678453,0.0,1.0,1.556487331894563,-2.2568431171423695,1
-1.4721891215616434,0.0,-1.2418825974008505,-0.8795103745102193,-1.0552004803152923,-0.7547689557144309,-0.9918459235005864,1.4037749992596662,1.2954312681678453,0.0,0.0,1.556487331894563,-1.3985549256845775,0
0.8764122416617753,0.0,0.6405298909516516,0.697684930971013,0.015905290495318643,0.09670929282765271,1.2509847945442998,0.432757898856675,-0.9231519911021343,0.0,0.0,-0.6804718122002787,1.1496230098072975,0
-1.4721891215616434,0.0,-0.8332668783246234,-0.8795103745102193,-0.30724723347782934,-0.37533744672449043,1.1194108906025797,-0.31889890269653554,-0.9231519911021343,0.0,0.0,-0.6804718122002787,0.8987367096800233,0
-1.012053753692239,0.0,0.461768744122683,-0.8795103745102193,1.6171493430080632,1.3793974432912068,-1.5072920519457886,1.1382298578534331,0.18613963853285548,0.0,0.0,-0.12123202617656836,0.5215376278949793,0
-0.07289576572182317,0.0,1.430538452483767,1.1946979528393167,-0.011454340417278807,-0.5793234579425617,1.8322859654944854,-0.5360063772889603,0.18613963853285548,0.0,0.0,-0.12123202617656836,2.000357267368535,0
0.7841165927033555,1.0,-0.3251261608248572,-0.8795103745102193,0.021313682657261395,-0.2829146346091301,-0.4459281988232748,-0.18608610499023895,0.18613963853285548,0.0,1.0,-0.12123202617656836,-0.37332364042274296,1
0.2245460332616516,1.0,-0.5921311266741747,-0.8795103745102193,-0.06354063472463367,-0.4237299919284973,-1.1855370315326892,-0.31889890269653554,-0.9231519911021343,0.0,1.0,-0.6804718122002787,-0.47818765761494364,1
1.4826869650373546,0.0,-1.7425011089148845,1.4347876498624124,1.2194021916153401,1.6594038969922464,0.877654397692173,1.616526884008438,2.404722897802835,0.0,0.0,2.6749669039419834,0.05597549046667401,0
1.047621135607331,0.0,1.2215756502689943,1.4347876498624124,1.473317004805321,1.4297244056875984,0.06867303718851682,1.4037749992596662,1.2954312681678453,0.0,0.0,1.556487331894563,0.1889401102484697,0
-1.4721891215616434,0.0,0.12596723534148388,-0.8795103745102193,-0.7441265334947355,-0.9222319226746506,-0.18121248900618253,0.2252488320656032,-0.9231519911021343,0.0,1.0,-0.6804718122002787,-0.5943616529704289,0
0.7841165927033555,0.0,1.430538452483767,0.697684930971013,-0.22735110260739752,0.2015103997107105,1.6480763941702163,0.27869756895634124,0.18613963853285548,0.0,0.0,-0.12123202617656836,1.6421247004871409,0
1.2775822509180437,0.0,1.647319010761206,1.1946979528393167,0.26091057881286206,0.6559282504848064,0.48247240153270343,0.7619251298184915,0.18613963853285548,0.0,0.0,-0.12123202617656836,0.22643964879642833,0
-1.4721891215616434,0.0,0.461768744122683,-0.8795103745102193,-2.271301413069049,-2.0979157852458847,-1.5072920519457886,-2.0268289954725063,-0.9231519911021343,0.0,1.0,-0.6804718122002787,-2.2568431171423695,1
-1.4721891215616434,0.0,-1.793966719726717,-0.8795103745102193,-0.7286844313390978,-0.8868079756552516,-0.2560831944486632,-0.781954627922395,-0.9231519911021343,0.0,0.0,-0.6804718122002787,-0.6345840428138194,0
0.6865551185257461,0.0,-0.03129755540730531,0.697684930971013,0.7975668657788292,0.34871995104993136,0.9108856015444009,0.8924329275229498,-0.9231519911021343,0.0,0.0,-0.6804718122002787,0.9125406618373338,0
0.5829479787780677,0.0,0.8266788390641504,1.1946979528393167,0.15275103789801464,-0.3517088458005675,1.829728717058576,-0.8725708510892921,0.18613963853285548,0.0,0.0,-0.12123202617656836,2.0109835100234132,0
1.4826869650373546,0.0,-1.6252591166453392,1.1946979528393167,0.7421857320470956,1.2652603364108146,0.8241591544739677,1.1382298578534331,-0.9231519911021343,1.0,0.0,-0.6804718122002787,0.8108278301852243,0
-1.4721891215616434,0.0,1.020324751826462,0.697684930971013,-1.402181960800988,-1.3629201294818385,-0.2560831944486632,-1.0715844008170172,2.404722897802835,0.0,0.0,2.6749669039419834,-1.3923058015315668,0
-1.4721891215616434,0.0,0.2902850510173811,-0.8795103745102193,-2.271301413069049,-2.0979157852458847,-1.5072920519457886,-2.0268289954725063,2.404722897802835,0.0,0.0,2.6749669039419834,-2.2568431171423695,0
-1.4721891215616434,0.0,-1.9557629104763974,0.697684930971013,0.22021685799516924,-0.3055111642679678,1.3246660451256989,-0.781954627922395,0.18613963853285548,0.0,0.0,-0.12123202617656836,1.1697775650950688,0
0.35339972946965464,1.0,-1.9860170239087698,1.1946979528393167,-0.46384743718321053,-0.693650698030738,-0.5059682851583214,-0.781954627922395,0.18613963853285548,0.0,0.0,-0.12123202617656836,-0.6801958484816829,1
0.2245460332616516,0.0,-1.0495141476718508,-0.8795103745102193,-0.7811568188569528,-0.4485275487942812,0.06867303718851682,-0.2514482231001947,-0.9231519911021343,0.0,0.0,-0.6804718122002787,-0.41789013679369125,0
0.4723153205103732,0.0,0.461768744122683,0.697684930971013,1.4521469360578003,1.348747887790432,-0.0029467479771157737,1.3670629301703794,1.2954312681678453,0.0,0.0,1.556487331894563,0.16135892074854932,0
-1.4721891215616434,0.0,-0.3251261608248572,-0.8795103745102193,-2.271301413069049,-2.0979157852458847,-1.5072920519457886,-2.0268289954725063,2.404722897802835,0.0,0.0,2.6749669039419834,-2.2568431171423695,0
-0.6985221790742214,0.0,0.12596723534148388,-0.8795103745102193,1.6497202384417344,1.3692194664230002,-1.5072920519457886,0.8924329275229498,0.18613963853285548,0.0,0.0,-0.12123202617656836,0.540886031113684,0
1.1274872107053646,1.0,0.6405298909516516,-0.8795103745102193,-0.1303123706295205,-0.0727088154730665,0.48247240153270343,0.8060520324363187,1.2954312681678453,0.0,1.0,1.556487331894563,-0.26136362958510456,1
-0.07289576572182317,0.0,-1.1486189098802198,0.697684930971013,0.06777643944302339,0.16722133829873997,-0.34278061469339505,0.17064504865893973,0.18613963853285548,0.0,0.0,-0.12123202617656836,-0.3120293292916734,0
1.783653034744592,0.0,1.430538452483767,1.8449234868866584,1.3322866050135236,0.7493831664814768,-0.11526604073060712,1.2924668108586557,2.404722897802835,1.0,0.0,2.6749669039419834,-0.29502472389868334,0
0.35339972946965464,0.0,-1.7425011089148845,-0.8795103745102193,1.060622807365072,1.4693322004433054,0.7156250160583865,1.0583591808618793,1.2954312681678453,0.0,0.0,1.556487331894563,0.3055793203570202,0
1.2040372514157516,0.0,0.461768744122683,1.5752618279022026,1.2026972695512228,1.0898378755974683,1.1640060687285056,1.650822098669318,0.18613963853285548,1.0,0.0,-0.12123202617656836,1.1951436016225152,0
0.2245460332616516,0.0,1.020324751826462,0.697684930971013,-0.22021736008882445,-0.2169867647588109,1.488307005820431,-0.18608610499023895,0.18613963853285548,0.0,0.0,-0.12123202617656836,1.3658576462847067,0
-1.012053753692239,0.0,0.461768744122683,0.697684930971013,0.664308618589311,0.4710825342868126,1.228721302773915,0.33105875939802537,0.18613963853285548,0.0,0.0,-0.12123202617656836,1.1285108865737774,0
1.2040372514157516,0.0,1.2215756502689943,1.1946979528393167,1.913278891412656,1.695952849183867,1.1531509429426134,0.717138288650402,-0.9231519911021343,0.0,0.0,-0.6804718122002787,1.5506696060457104,0
-0.07289576572182317,0.0,0.8266788390641504,-0.8795103745102193,-1.1333010455372214,-1.3629201294818385,-0.3919063374300445,-1.3040579861083508,0.18613963853285548,0.0,1.0,-0.12123202617656836,-0.9695518121516203,0
0.8764122416617753,0.0,2.345610480711428,1.1946979528393167,-0.07275493845288798,0.33289458399522215,0.09066795769800697,1.017678909606691,-0.9231519911021343,0.0,0.0,-0.6804718122002787,-0.10240899834023702,0
-0.4534932381131697,0.0,0.461768744122683,0.697684930971013,0.7078896809912263,0.5151728517444565,1.2351626735187333,0.33105875939802537,0.18613963853285548,0.0,0.0,-0.12123202617656836,1.1473903386732025,0
-1.4721891215616434,1.0,-0.8332668783246234,-0.8795103745102193,-2.271301413069049,-2.0979157852458847,-1.5072920519457886,-2.0268289954725063,1.2954312681678453,0.0,0.0,1.556487331894563,-2.2568431171423695,1
-1.4721891215616434,0.0,0.2902850510173811,-0.8795103745102193,-1.081632661131669,-1.4210117268426015,-0.3919063374300445,-1.3040579861083508,1.2954312681678453,0.0,1.0,1.556487331894563,-1.1716211800961043,1
1.6685246921819126,0.0,0.8266788390641504,1.4347876498624124,1.7990953266327505,1.948312558628902,0.30430790550158904,0.717138288650402,0.18613963853285548,0.0,0.0,-0.12123202617656836,0.8376401499137979,0
1.2775822509180437,0.0,-1.4114139258166871,1.1946979528393167,0.6888085929670521,1.2652603364108146,0.8303397949053458,1.0985370245410373,-0.9231519911021343,1.0,0.0,-0.6804718122002787,0.7984100622364395,0
-1.4721891215616434,0.0,0.2902850510173811,-0.8795103745102193,0.4249044253830938,0.4108119821788188,-1.5072920519457886,-0.4609168016563328,-0.9231519911021343,0.0,0.0,-0.6804718122002787,-0.149199346188271,0
0.2245460332616516,0.0,0.6405298909516516,-0.8795103745102193,-1.081632661131669,-1.3085554486041324,-0.11526604073060712,-0.968744774313427,0.18613963853285548,0.0,1.0,-0.12123202617656836,-0.7473299998284567,1
-0.07289576572182317,0.0,-0.18162350062635982,0.697684930971013,0.7157810410267176,0.45617790096966415,1.2089934441260295,0.11481150538227353,0.18613963853285548,0.0,0.0,-0.12123202617656836,1.1152552660128052,0
-0.07289576572182317,0.0,-2.055130370381915,1.1946979528393167,0.3183593728374298,-0.3517088458005675,1.3105973076570685,-0.968744774313427,0.18613963853285548,0.0,0.0,-0.12123202617656836,1.1668073083669577,0
-1.4721891215616434,0.0,-1.4114139258166871,-0.8795103745102193,-1.516210131581075,-1.0356937365568895,-1.5072920519457886,-0.6142506050345212,-0.9231519911021343,0.0,0.0,-0.6804718122002787,-1.6647417655460637,0
1.348389454007024,1.0,1.647319010761206,-0.8795103745102193,0.0898110396441744,0.04199850807495892,0.22468124808969311,0.2252488320656032,0.18613963853285548,0.0,1.0,-0.12123202617656836,-0.033083335377196155,1
-1.4721891215616434,0.0,0.2902850510173811,0.697684930971013,0.6741846948860943,0.5151728517444565,1.3105973076570685,0.432757898856675,0.18613963853285548,0.0,0.0,-0.12123202617656836,1.2409704476864336,0
1.2775822509180437,0.0,0.8266788390641504,1.4347876498624124,1.1620807174582322,1.0440266627375203,1.1116597219882485,1.1774541226784172,0.18613963853285548,0.0,0.0,-0.12123202617656836,1.124645078643956,0
1.5465566591620816,0.0,0.6405298909516516,1.7792728358814742,1.2598656222010267,0.5583673103886344,-0.5059682851583214,0.4822024803158727,2.404722897802835,0.0,0.0,2.6749669039419834,-0.37934002965033975,0
-0.4534932381131697,0.0,-0.18162350062635982,-0.8795103745102193,-1.2444102409634479,-1.8108217731349643,-1.5072920519457886,-1.4393186048761482,0.18613963853285548,0.0,1.0,-0.12123202617656836,-1.4833782293866689,1
0.08350622611294847,1.0,0.461768744122683,-0.8795103745102193,-0.3324790547871049,-0.17447737485093776,0.33333056902892305,0.717138288650402,0.18613963853285548,0.0,1.0,-0.12123202617656836,-0.11709192371698758,1
-0.4534932381131697,0.0,-0.46192253572791986,-0.8795103745102193,1.8370568240253666,1.537317071290184,1.03719427205895,0.2252488320656032,-0.9231519911021343,0.0,0.0,-0.6804718122002787,1.4129349978905217,0
-0.24938390894453497,0.0,-0.5921311266741747,0.697684930971013,0.0022924354402456266,0.21842668287078776,-0.11526604073060712,0.2252488320656032,0.18613963853285548,0.0,0.0,-0.12123202617656836,-0.26020132051346806,0
1.348389454007024,0.0,-0.46192253572791986,1.7792728358814742,1.2986627924758514,0.5296681287064666,-1.5072920519457886,1.017678909606691,1.2954312681678453,0.0,0.0,1.556487331894563,-0.048328191457616784,0
0.964073858567003,0.0,-1.4114139258166871,1.667066840949515,0.005844524460184738,-0.03363697408995959,0.4600984431460262,0.27869756895634124,0.18613963853285548,1.0,0.0,-0.12123202617656836,0.11016269864880678,0
-1.4721891215616434,0.0,0.6405298909516516,-0.8795103745102193,-0.9931021738747444,-0.9965651623037695,-0.7419059021457265,-0.3886420715982743,-0.9231519911021343,0.0,1.0,-0.6804718122002787,-1.02605379292218,0
-1.012053753692239,0.0,-0.3251261608248572,-0.8795103745102193,1.653620888264637,1.4097047215724137,-1.5072920519457886,0.8924329275229498,0.18613963853285548,0.0,0.0,-0.12123202617656836,0.5434735183827434,0
0.2245460332616516,0.0,-1.1486189098802198,0.697684930971013,-0.5038030875811991,-0.37533744672449043,0.1322625095167463,1.8826499213060561,2.404722897802835,0.0,0.0,2.6749669039419834,-0.9194079299995441,0
0.5829479787780677,0.0,1.020324751826462,0.697684930971013,1.7026629902959103,1.518060576668493,-0.6510697318600371,1.216225360090411,0.18613963853285548,0.0,0.0,-0.12123202617656836,0.6052414705814347,0
-0.6985221790742214,0.0,-2.035513619812486,0.697684930971013,0.2904616045544488,-0.3055111642679678,1.3218770497179952,-0.6960629002177537,0.18613963853285548,0.0,0.0,-0.12123202617656836,1.1782009281747887,0
-0.07289576572182317,0.0,0.12596723534148388,0.697684930971013,-0.46345104309141494,-0.7547689557144309,-0.5059682851583214,-1.4393186048761482,1.2954312681678453,0.0,0.0,1.556487331894563,-0.9358325694573195,0
0.7841165927033555,0.0,-0.46192253572791986,1.4347876498624124,-0.5091583686570491,-0.1955945586379102,1.293293686776617,-0.31889890269653554,0.18613963853285548,1.0,0.0,-0.12123202617656836,1.017632330818987,0
0.35339972946965464,0.0,1.430538452483767,1.1946979528393167,0.22445268221665565,0.5725746557955739,-0.02899096777841141,0.717138288650402,0.18613963853285548,0.0,0.0,-0.12123202617656836,-0.10456162782982921,0
1.2775822509180437,1.0,-0.46192253572791986,-0.8795103745102193,-1.064913025233245,-0.2829146346091301,-0.3919063374300445,-0.31889890269653554,-0.9231519911021343,0.0,1.0,-0.6804718122002787,-0.8686456208619194,1
0.6865551185257461,0.0,1.430538452483767,1.1946979528393167,0.05069540994617994,-0.3517088458005675,0.04579181165646059,0.11481150538227353,1.2954312681678453,0.0,0.0,1.556487331894563,-0.4761689713696865,0
0.7841165927033555,1.0,-0.03129755540730531,-0.8795103745102193,-0.028132125112164938,-0.32843814160131607,-0.5059682851583214,-0.4609168016563328,0.18613963853285548,0.0,1.0,-0.12123202617656836,-0.41944170541967796,1
0.7841165927033555,0.0,-1.793966719726717,1.667066840949515,0.06332873948207825,0.004582783269003773,0.5040297805182613,0.717138288650402,0.18613963853285548,0.0,0.0,-0.12123202617656836,0.16843811631492212,0
-1.4721891215616434,0.0,-0.5921311266741747,-0.8795103745102193,0.03153279945353739,0.33289458399522215,-1.5072920519457886,0.11481150538227353,-0.9231519911021343,0.0,0.0,-0.6804718122002787,-0.42299547509858576,0
0.08350622611294847,0.0,-1.8833563609753177,-0.8795103745102193,0.9883224417716943,1.3996396954936638,0.4600984431460262,0.9764777356110778,1.2954312681678453,0.0,0.0,1.556487331894563,0.12440933515019362,0
0.4723153205103732,0.0,-0.7158720037692985,1.1946979528393167,-0.5342201434299061,-0.26063608837311514,1.2785051654602868,-0.4609168016563328,0.18613963853285548,1.0,0.0,-0.12123202617656836,0.9915276709533727,0
-1.4721891215616434,0.0,0.12596723534148388,-0.8795103745102193,-0.35499967896989004,-1.257338550726375,1.776400260443726,-1.0715844008170172,0.18613963853285548,0.0,0.0,-0.12123202617656836,1.8661820644642315,0
-1.4721891215616434,0.0,0.12596723534148388,-0.8795103745102193,-2.271301413069049,-2.0979157852458847,-0.9918459235005864,-2.0268289954725063,-0.9231519911021343,0.0,1.0,-0.6804718122002787,-1.6994431024678607,1
-0.07289576572182317,0.0,-0.03129755540730531,1.1946979528393167,0.059918219353935626,-0.49941885605417785,0.021947609361985223,0.4822024803158727,0.18613963853285548,0.0,0.0,-0.12123202617656836,-0.16901056650769253,0
0.2245460332616516,0.0,1.020324751826462,-0.8795103745102193,-0.8281797472934255,-0.852423195420382,-0.0029467479771157737,-0.6960629002177537,0.18613963853285548,0.0,1.0,-0.12123202617656836,-0.5692590455537179,0
0.4723153205103732,0.0,0.8266788390641504,-0.8795103745102193,-0.19619439851683174,-0.32843814160131607,1.436697739860527,-0.2514482231001947,0.18613963853285548,0.0,0.0,-0.12123202617656836,1.283226992586577,0
1.4826869650373546,0.0,-0.18162350062635982,-0.8795103745102193,-0.9828625523199122,-0.17447737485093776,-0.5059682851583214,-0.3886420715982743,-0.9231519911021343,0.0,1.0,-0.6804718122002787,-0.8956968977359508,1
1.047621135607331,0.0,-1.9557629104763974,-0.8795103745102193,1.1364795351131263,1.5083826254463537,0.6851510340951414,1.017678909606691,1.2954312681678453,0.0,0.0,1.556487331894563,0.31230992084516807,0
-1.4721891215616434,0.0,0.2902850510173811,-0.8795103745102193,-2.271301413069049,-2.0979157852458847,0.11184436778086729,-2.0268289954725063,-0.9231519911021343,0.0,1.0,-0.6804718122002787,-0.615056395708491,1
0.5829479787780677,0.0,0.8266788390641504,1.1946979528393167,0.7928747659216211,0.6146473417131381,1.2844619640709931,0.5785153380242523,0.18613963853285548,0.0,0.0,-0.12123202617656836,1.2327884406041685,0
0.964073858567003,0.0,1.020324751826462,-0.8795103745102193,-0.19841751017656048,0.09670929282765271,-0.1472620689342646,-0.0609482951462328,0.18613963853285548,0.0,1.0,-0.12123202617656836,-0.37859828310916405,0
0.8764122416617753,0.0,0.2902850510173811,-0.8795103745102193,-0.2241035061765343,0.06041869553875765,-0.5059682851583214,-0.31889890269653554,0.18613963853285548,0.0,1.0,-0.12123202617656836,-0.5328349856575257,0
0.7841165927033555,0.0,0.461768744122683,-0.8795103745102193,-0.03093142409272902,-0.17447737485093776,-0.5059682851583214,-0.31889890269653554,0.18613963853285548,0.0,1.0,-0.12123202617656836,-0.4199455064483686,1
-1.4721891215616434,0.0,0.461768744122683,-0.8795103745102193,-0.9113809689980364,-1.076306479538755,-1.5072920519457886,-0.6142506050345212,-0.9231519911021343,0.0,1.0,-0.6804718122002787,-1.152978514998981,0
-0.6985221790742214,0.0,0.2902850510173811,-0.8795103745102193,0.6192663973546448,0.16722133829873997,0.7655131408393319,0.8495461729713818,-0.9231519911021343,0.0,0.0,-0.6804718122002787,0.7058825839326692,0
0.08350622611294847,0.0,1.430538452483767,0.697684930971013,-0.41116914514853087,-0.4237299919284973,-0.1472620689342646,-0.5360063772889603,1.2954312681678453,0.0,0.0,1.556487331894563,-0.7657439271491945,0
-1.4721891215616434,0.0,-1.5591855870497442,-0.8795103745102193,-2.271301413069049,-2.0979157852458847,-0.5735904547911599,-2.0268289954725063,1.2954312681678453,0.0,1.0,1.556487331894563,-1.5390232393544183,0
1.6084561656599872,0.0,1.872022146645339,1.4347876498624124,0.6872093404013527,0.8889616434843537,0.4600984431460262,0.6254659586163507,0.18613963853285548,0.0,0.0,-0.12123202617656836,0.38403485439048396,0
1.783653034744592,0.0,0.6405298909516516,1.8449234868866584,1.338053531947906,0.6964560993767297,-0.4459281988232748,1.1382298578534331,2.404722897802835,0.0,0.0,2.6749669039419834,-0.3376083788420761,0
1.7268865040398134,0.0,-0.46192253572791986,1.4347876498624124,1.9356998715920517,2.0951383322827972,-1.5072920519457886,2.3386579682161797,-0.9231519911021343,1.0,0.0,-0.6804718122002787,0.8269452423259605,0
-1.4721891215616434,0.0,-2.055130370381915,0.697684930971013,0.24707943159609536,-0.3055111642679678,1.388187805505682,-0.5360063772889603,0.18613963853285548,0.0,0.0,-0.12123202617656836,1.2698664492643272,0
-1.4721891215616434,0.0,-1.686315314805773,-0.8795103745102193,-0.5839447744118021,-0.693650698030738,-0.02899096777841141,-0.6142506050345212,-0.9231519911021343,0.0,0.0,-0.6804718122002787,-0.418644611440144,0
0.2245460332616516,0.0,-0.8332668783246234,-0.8795103745102193,-0.8837763018766396,-0.49941885605417785,-0.0029467479771157737,-0.5360063772889603,-0.9231519911021343,0.0,0.0,-0.6804718122002787,-0.5138888192934207,0
-0.6985221790742214,0.0,-2.09587508029045,-0.8795103745102193,-0.6277861566871455,-0.958783742641671,-1.5072920519457886,-1.4393186048761482,0.18613963853285548,0.0,0.0,-0.12123202617656836,-0.9853947554772062,1
0.2245460332616516,0.0,0.2902850510173811,1.1946979528393167,0.7375232736452159,0.8641943950641062,1.4296507003151369,-0.0008867506627574296,0.18613963853285548,1.0,0.0,-0.12123202617656836,1.424636773191785,0
0.5829479787780677,0.0,-1.9557629104763974,-0.8795103745102193,1.067187064975853,1.4297244056875984,0.6014316668245172,0.7619251298184915,1.2954312681678453,0.0,0.0,1.556487331894563,0.23438792589761223,0
1.1274872107053646,0.0,-0.03129755540730531,1.7792728358814742,1.258538047574357,0.5296681287064666,-1.5072920519457886,0.9764777356110778,1.2954312681678453,0.0,0.0,1.556487331894563,-0.07013325550527767,0
-1.4721891215616434,0.0,-0.5921311266741747,-0.8795103745102193,-0.9727488066401062,-1.076306479538755,0.18947797787923643,-0.968744774313427,1.2954312681678453,0.0,1.0,1.556487331894563,-0.7295638339028396,0
0.4723153205103732,0.0,-0.18162350062635982,0.697684930971013,1.8810423160411838,1.5754407908205736,1.0755381544477365,0.33105875939802537,-0.9231519911021343,0.0,0.0,-0.6804718122002787,1.4644807930119894,0
-0.6985221790742214,0.0,-0.03129755540730531,-0.8795103745102193,0.15963585602132382,0.04199850807495892,-1.5072920519457886,0.5785153380242523,-0.9231519911021343,0.0,0.0,-0.6804718122002787,-0.3358295818213394,0
1.1274872107053646,0.0,1.872022146645339,1.1946979528393167,0.33333129873724593,0.33289458399522215,-0.05629982231812761,1.017678909606691,-2.032443620737124,0.0,0.0,-1.7989513842476996,0.1839895598686195,0
0.7841165927033555,0.0,-1.9860170239087698,0.697684930971013,1.0996926921880177,1.4693322004433054,0.6277977023147041,0.8060520324363187,1.2954312681678453,0.0,0.0,1.556487331894563,0.2626417391210315,0
0.8764122416617753,0.0,-1.8408659249517312,-0.8795103745102193,0.678298570451381,1.168059890047116,0.7446340814570775,0.9764777356110778,-2.032443620737124,1.0,0.0,-1.7989513842476996,0.906317207814094,0
0.4723153205103732,0.0,-0.7158720037692985,1.1946979528393167,-0.5342201434299061,-0.26063608837311514,1.2785051654602868,-0.4609168016563328,0.18613963853285548,1.0,0.0,-0.12123202617656836,0.9915276709533727,0
-1.4721891215616434,0.0,0.6405298909516516,-0.8795103745102193,-2.271301413069049,-2.0979157852458847,-1.5072920519457886,-2.0268289954725063,-0.9231519911021343,0.0,1.0,-0.6804718122002787,-2.2568431171423695,1
0.2245460332616516,0.0,0.6405298909516516,-0.8795103745102193,1.6961092591085054,1.4889257711509576,-1.5072920519457886,1.1382298578534331,0.18613963853285548,0.0,0.0,-0.12123202617656836,0.5692444428442014,0
1.2040372514157516,0.0,0.8266788390641504,1.1946979528393167,0.1502844233118065,0.26830447523237333,1.2478518611431648,0.27869756895634124,-0.9231519911021343,0.0,0.0,-0.6804718122002787,1.1697002928638491,0
-1.4721891215616434,0.0,0.12596723534148388,-0.8795103745102193,0.40196642808326255,0.3954654611427993,-1.5072920519457886,-0.6960629002177537,-0.9231519911021343,0.0,0.0,-0.6804718122002787,-0.16497434032096955,0
1.8389246320946688,0.0,-1.5591855870497442,1.4347876498624124,0.8607568676224394,1.3793974432912068,0.8719364196494802,1.1382298578534331,-0.9231519911021343,1.0,0.0,-0.6804718122002787,0.8994697631542148,0
0.2245460332616516,0.0,1.020324751826462,0.697684930971013,0.546664727927445,0.58668938306937,-0.5059682851583214,-0.18608610499023895,0.18613963853285548,0.0,0.0,-0.12123202617656836,-0.06685730396885826,0
0.6865551185257461,0.0,0.2902850510173811,0.697684930971013,0.5476274124708831,0.6695193840693882,-0.08500636257674449,0.057665153009515184,-0.9231519911021343,0.0,0.0,-0.6804718122002787,0.13530857939125798,1
-1.4721891215616434,0.0,0.2902850510173811,-0.8795103745102193,-2.271301413069049,-2.0979157852458847,-1.1855370315326892,-2.0268289954725063,-0.9231519911021343,0.0,1.0,-0.6804718122002787,-1.8773077007033654,1
0.08350622611294847,0.0,0.8266788390641504,-0.8795103745102193,1.6513927352177198,1.4396797791323088,-1.5072920519457886,1.216225360090411,0.18613963853285548,0.0,0.0,-0.12123202617656836,0.5423463184499283,0
1.8389246320946688,0.0,0.6405298909516516,1.4347876498624124,1.8606809206788903,1.9980198842290424,0.6103501459834861,0.7619251298184915,0.18613963853285548,0.0,0.0,-0.12123202617656836,1.0005790719533596,0
0.35339972946965464,0.0,1.2215756502689943,-0.8795103745102193,-0.41230542099689377,-0.01442369443343163,0.5145209391695161,0.33105875939802537,0.18613963853285548,0.0,1.0,-0.12123202617656836,0.028231075776932287,0
0.08350622611294847,0.0,1.2215756502689943,0.697684930971013,0.015905290495318643,-0.4237299919284973,1.8335609124413097,-0.4609168016563328,0.18613963853285548,0.0,0.0,-0.12123202617656836,2.0053517868105666,0
-1.012053753692239,0.0,-0.8332668783246234,-0.8795103745102193,-0.733804448431895,-0.3517088458005675,1.2694637969615825,-0.3886420715982743,-0.9231519911021343,1.0,0.0,-0.6804718122002787,1.0769248849061133,0
-1.4721891215616434,0.0,-1.329436447453843,-0.8795103745102193,-2.271301413069049,-2.0979157852458847,-0.34278061469339505,-2.0268289954725063,1.2954312681678453,0.0,1.0,1.556487331894563,-1.3515697842597245,0
-1.4721891215616434,0.0,-1.1486189098802198,-0.8795103745102193,0.6579952600508929,0.44116600526156535,-1.5072920519457886,-0.3886420715982743,1.2954312681678453,0.0,0.0,1.556487331894563,-0.40543057226944934,0
0.4723153205103732,0.0,0.461768744122683,-0.8795103745102193,1.8764755065962995,1.6130607817255995,1.107747819338259,0.5307740080750752,-0.9231519911021343,0.0,0.0,-0.6804718122002787,1.493051552754678,0
-0.07289576572182317,0.0,-2.035513619812486,0.697684930971013,-0.5103979145375486,-0.852423195420382,-0.3919063374300445,-0.6960629002177537,0.18613963853285548,0.0,0.0,-0.12123202617656836,-0.6620284858724659,1
-1.4721891215616434,0.0,-0.46192253572791986,-0.8795103745102193,-2.271301413069049,-2.0979157852458847,-1.5072920519457886,-2.0268289954725063,0.18613963853285548,0.0,1.0,-0.12123202617656836,-2.2568431171423695,1
0.6865551185257461,0.0,2.104751684068571,1.1946979528393167,-0.16021064634478385,-0.0727088154730665,1.5239662582734854,0.057665153009515184,1.2954312681678453,0.0,0.0,1.556487331894563,0.9334541723061528,0
0.5829479787780677,0.0,0.461768744122683,-0.8795103745102193,0.5600934598845968,0.7098042908981944,0.2073487160052933,0.382393625891712,-0.9231519911021343,0.0,0.0,-0.6804718122002787,0.2722196912860982,1
-1.4721891215616434,0.0,-0.03129755540730531,-0.8795103745102193,0.7357934128741355,0.6964560993767297,-0.05629982231812761,0.27869756895634124,1.2954312681678453,0.0,0.0,1.556487331894563,-0.19791334716378564,0
0.4723153205103732,0.0,1.647319010761206,1.4347876498624124,0.7743258032623146,0.6284936427069701,1.28741953649281,0.6254659586163507,0.18613963853285548,0.0,0.0,-0.12123202617656836,1.2324333693245761,0
0.08350622611294847,1.0,-1.9860170239087698,1.1946979528393167,-0.5650802561386856,-0.7864686628999003,-0.6510697318600371,-0.781954627922395,0.18613963853285548,0.0,0.0,-0.12123202617656836,-0.7903623739135898,1
-1.4721891215616434,0.0,-0.03129755540730531,-0.8795103745102193,-2.271301413069049,-2.0979157852458847,-1.5072920519457886,-2.0268289954725063,2.404722897802835,0.0,0.0,2.6749669039419834,-2.2568431171423695,0
-0.24938390894453497,0.0,0.8266788390641504,-0.8795103745102193,-0.8849848582599114,-1.0356937365568895,0.17103352023621246,-0.0609482951462328,0.18613963853285548,0.0,1.0,-0.12123202617656836,-0.43999530638018364,0
0.7841165927033555,0.0,1.647319010761206,1.1946979528393167,1.4606388935972223,1.4396797791323088,0.1322625095167463,1.4760839574539293,1.2954312681678453,0.0,0.0,1.556487331894563,0.19993590492737673,0
0.8764122416617753,0.0,1.020324751826462,0.697684930971013,0.26045152931951715,0.2518203896575308,-0.5735904547911599,0.8495461729713818,-2.032443620737124,0.0,0.0,-1.7989513842476996,-0.026127234166741297,0
-1.4721891215616434,1.0,-0.03129755540730531,-0.8795103745102193,-2.271301413069049,-2.0979157852458847,-1.5072920519457886,-2.0268289954725063,0.18613963853285548,0.0,1.0,-0.12123202617656836,-2.2568431171423695,1
0.4723153205103732,0.0,0.6405298909516516,-0.8795103745102193,-0.5716228944324954,-0.7547689557144309,0.31900021497714,0.057665153009515184,1.2954312681678453,0.0,1.0,1.556487331894563,-0.5206604201177688,1
-1.012053753692239,0.0,0.461768744122683,-0.8795103745102193,0.8462989185531566,1.0324411393024084,1.6614348954332647,0.9764777356110778,-0.9231519911021343,0.0,0.0,-0.6804718122002787,1.9525435326825344,0
0.964073858567003,0.0,0.12596723534148388,0.697684930971013,0.21903814926633755,0.45617790096966415,0.22468124808969311,0.4822024803158727,0.18613963853285548,0.0,0.0,-0.12123202617656836,0.026445026762762624,0
-0.6985221790742214,0.0,0.2902850510173811,-0.8795103745102193,0.1311525709814425,0.45617790096966415,-0.9918459235005864,0.432757898856675,-0.9231519911021343,0.0,0.0,-0.6804718122002787,-0.31710674901510827,0
0.5829479787780677,0.0,0.6405298909516516,-0.8795103745102193,0.2466162509874002,0.2015103997107105,-1.1855370315326892,0.7619251298184915,-2.032443620737124,0.0,0.0,-1.7989513842476996,-0.11569849244163903,0
-0.07289576572182317,0.0,-0.8332668783246234,-0.8795103745102193,-0.7651097700479935,-0.9965651623037695,0.17103352023621246,-1.1826182295476602,1.2954312681678453,0.0,1.0,1.556487331894563,-0.6919418400372581,0
-0.6985221790742214,1.0,-2.0715886207378653,1.1946979528393167,-0.4674212839252253,-0.7547689557144309,-0.18121248900618253,-0.0008867506627574296,0.18613963853285548,0.0,0.0,-0.12123202617656836,-0.5357141286743433,1
0.2245460332616516,1.0,0.12596723534148388,-0.8795103745102193,-0.29002834624473656,-0.01442369443343163,0.5738477925255546,0.7619251298184915,0.18613963853285548,0.0,1.0,-0.12123202617656836,0.12251596332361207,1
-1.4721891215616434,0.0,-1.2418825974008505,-0.8795103745102193,-0.7958370094286756,-0.49941885605417785,-0.18121248900618253,1.8178127693438648,1.2954312681678453,0.0,0.0,1.556487331894563,-0.9380654954395024,0
1.6084561656599872,0.0,0.2902850510173811,1.8159218925086418,1.3232852909718198,0.6284936427069701,-0.34278061469339505,1.1774541226784172,2.404722897802835,0.0,0.0,2.6749669039419834,-0.333025032246077,0
1.783653034744592,1.0,-0.5921311266741747,-0.8795103745102193,-0.6985159336153656,-0.1536259367112664,-0.1472620689342646,-0.12263695232921346,-0.9231519911021343,0.0,1.0,-0.6804718122002787,-0.5450188570801978,1
0.35339972946965464,0.0,0.6405298909516516,0.697684930971013,0.6476653074877501,0.6830282263656221,-0.3919063374300445,-0.5360063772889603,0.18613963853285548,0.0,0.0,-0.12123202617656836,0.015769555166935973,0
-1.4721891215616434,0.0,-1.9215998710095312,-0.8795103745102193,-0.7235912699336252,-1.1626600424566094,-0.34278061469339505,-0.968744774313427,-0.9231519911021343,0.0,0.0,-0.6804718122002787,-0.6841686466287158,0
-1.4721891215616434,0.0,-0.18162350062635982,-0.8795103745102193,-2.271301413069049,-2.0979157852458847,-1.5072920519457886,-2.0268289954725063,-0.9231519911021343,0.0,1.0,-0.6804718122002787,-2.2568431171423695,1
0.964073858567003,0.0,-1.1486189098802198,1.1946979528393167,-0.4508394202362925,-0.26063608837311514,0.36097556023933375,0.432757898856675,-0.9231519911021343,0.0,0.0,-0.6804718122002787,-0.04560204142993575,0
0.08350622611294847,0.0,1.647319010761206,-0.8795103745102193,-0.6985159336153656,-0.7864686628999003,-0.08500636257674449,-0.18608610499023895,-0.9231519911021343,0.0,1.0,-0.6804718122002787,-0.5075893681811646,0
0.5829479787780677,0.0,2.594700457718761,-0.8795103745102193,-0.9064090789636694,-0.8189996955752258,0.18947797787923643,-0.5360063772889603,0.18613963853285548,0.0,1.0,-0.12123202617656836,-0.4278764277429295,0
-0.6985221790742214,0.0,-0.03129755540730531,0.697684930971013,0.6866759397895541,0.6007130929660973,-1.5072920519457886,0.2252488320656032,2.404722897802835,0.0,0.0,2.6749669039419834,-0.701148546285458,0
1.047621135607331,0.0,0.461768744122683,1.1946979528393167,1.1460296256347968,0.9855478547947649,1.1194108906025797,1.216225360090411,0.18613963853285548,0.0,0.0,-0.12123202617656836,1.1280441518026383,0
0.5829479787780677,0.0,0.12596723534148388,0.697684930971013,0.38444265760371116,0.4710825342868126,-1.1855370315326892,0.33105875939802537,0.18613963853285548,0.0,0.0,-0.12123202617656836,-0.24470192990681686,0
0.08350622611294847,0.0,-1.1486189098802198,-0.8795103745102193,-1.2872281425684777,-0.8868079756552516,-0.8519084961219504,-1.1826182295476602,-0.9231519911021343,0.0,1.0,-0.6804718122002787,-1.2488428791030128,0
-1.4721891215616434,0.0,0.6405298909516516,-0.8795103745102193,-2.271301413069049,-2.0979157852458847,-1.5072920519457886,-2.0268289954725063,-0.9231519911021343,0.0,1.0,-0.6804718122002787,-2.2568431171423695,0
0.8764122416617753,0.0,0.6405298909516516,0.697684930971013,0.7782196135101958,0.34871995104993136,0.7655131408393319,0.7619251298184915,-0.9231519911021343,0.0,0.0,-0.6804718122002787,0.7641202811130359,0
0.4723153205103732,0.0,0.6405298909516516,0.697684930971013,-0.1072873636258909,0.02338831919764908,1.2156381307986934,0.27869756895634124,-0.9231519911021343,0.0,0.0,-0.6804718122002787,1.0753396980200125,0
-0.24938390894453497,0.0,0.2902850510173811,-0.8795103745102193,-0.18356423859006707,-0.05306319911326454,1.167583157749035,-0.0008867506627574296,-0.9231519911021343,0.0,0.0,-0.6804718122002787,0.9908370304361136,0
0.8764122416617753,0.0,-0.8332668783246234,1.1946979528393167,0.25631394356707377,0.3954654611427993,0.06867303718851682,0.27869756895634124,0.18613963853285548,0.0,0.0,-0.12123202617656836,-0.043615050992358066,0
-0.4534932381131697,0.0,-1.329436447453843,-0.8795103745102193,-0.7651097700479935,-1.257338550726375,-0.0029467479771157737,-1.3040579861083508,1.2954312681678453,0.0,1.0,1.556487331894563,-0.8194284111140286,0
1.047621135607331,0.0,-1.329436447453843,1.667066840949515,-0.016436624926200877,0.04199850807495892,0.4368416794280404,0.11481150538227353,1.2954312681678453,0.0,0.0,1.556487331894563,-0.26136362958510456,0
0.08350622611294847,0.0,0.2902850510173811,-0.8795103745102193,0.06777643944302339,0.3644218685281948,0.11184436778086729,0.33105875939802537,-0.9231519911021343,0.0,0.0,-0.6804718122002787,-0.023129061447991237,0
0.5829479787780677,0.0,0.461768744122683,-0.8795103745102193,-0.22735110260739752,0.09670929282765271,1.6344397856227333,0.2252488320656032,0.18613963853285548,0.0,0.0,-0.12123202617656836,1.617640216250597,0
1.2775822509180437,0.0,0.8266788390641504,1.4347876498624124,1.1620807174582322,1.0440266627375203,1.1116597219882485,1.1774541226784172,0.18613963853285548,0.0,0.0,-0.12123202617656836,1.124645078643956,0
0.08350622611294847,0.0,1.647319010761206,-0.8795103745102193,-1.2976024454445472,-1.3629201294818385,-0.08500636257674449,-1.0715844008170172,-0.9231519911021343,0.0,1.0,-0.6804718122002787,-0.718416023701459,1
0.8764122416617753,0.0,1.2215756502689943,-0.8795103745102193,-0.49073051253318556,-0.5255544800262242,0.17103352023621246,-0.6960629002177537,0.18613963853285548,0.0,1.0,-0.12123202617656836,-0.30875889450461297,0
0.6865551185257461,0.0,0.8266788390641504,-0.8795103745102193,-0.5245449766651722,-0.7238459676478477,0.09066795769800697,-1.0715844008170172,1.2954312681678453,0.0,1.0,1.556487331894563,-0.6745020330975537,1
-1.4721891215616434,0.0,-0.3251261608248572,-0.8795103745102193,-0.10877044127758449,-0.958783742641671,1.7995905258039215,-1.594191099233689,0.18613963853285548,0.0,0.0,-0.12123202617656836,1.929668685070371,0
0.4723153205103732,1.0,0.2902850510173811,-0.8795103745102193,0.4668186089433442,0.5440656997790116,-0.6510697318600371,-0.781954627922395,-0.9231519911021343,0.0,0.0,-0.6804718122002787,-0.05337619435196135,1
-0.4534932381131697,0.0,0.461768744122683,1.4347876498624124,0.7357934128741355,0.9134738420375053,1.4641389165537153,0.6254659586163507,-0.9231519911021343,1.0,0.0,-0.6804718122002787,1.611813033124234,0
-1.4721891215616434,0.0,0.12596723534148388,-0.8795103745102193,-1.4059203438303165,-1.8108217731349643,-1.5072920519457886,-1.594191099233689,-0.9231519911021343,0.0,1.0,-0.6804718122002787,-1.5831057130403823,0
-1.4721891215616434,0.0,-0.7158720037692985,-0.8795103745102193,-0.1072873636258909,-0.9965651623037695,-1.5072920519457886,-0.4609168016563328,0.18613963853285548,0.0,0.0,-0.12123202617656836,-0.6058983118487755,0
0.8764122416617753,0.0,1.2215756502689943,1.4347876498624124,0.8515100018841072,0.8766103452573641,0.30430790550158904,0.5307740080750752,2.404722897802835,0.0,0.0,2.6749669039419834,-0.3713138987079871,0
-0.6985221790742214,0.0,0.2902850510173811,-0.8795103745102193,-0.09842333386448385,0.2015103997107105,-0.7419059021457265,-0.6142506050345212,-0.9231519911021343,0.0,0.0,-0.6804718122002787,-0.4365644689575473,0
0.08350622611294847,0.0,0.12596723534148388,-0.8795103745102193,1.8647665626102614,1.5659577894946692,1.1155473095485038,0.5785153380242523,-0.9231519911021343,0.0,0.0,-0.6804718122002787,1.4960323042851207,0
-1.4721891215616434,0.0,0.461768744122683,-0.8795103745102193,-2.271301413069049,-2.0979157852458847,-1.5072920519457886,-2.0268289954725063,-0.9231519911021343,0.0,1.0,-0.6804718122002787,-2.2568431171423695,0
-0.07289576572182317,0.0,-0.5921311266741747,0.697684930971013,-0.09401324700384144,-0.9222319226746506,-0.5059682851583214,-0.6960629002177537,0.18613963853285548,0.0,0.0,-0.12123202617656836,-0.4626324197642466,0
-0.24938390894453497,0.0,0.8266788390641504,-0.8795103745102193,0.17549695308598082,0.5725746557955739,-0.21737965524864494,0.6716623488153538,-0.9231519911021343,0.0,0.0,-0.6804718122002787,-0.12195409368857067,0
-1.012053753692239,0.0,-1.9860170239087698,1.1946979528393167,-0.25529933211372485,-0.5255544800262242,-0.21737965524864494,-0.5360063772889603,0.18613963853285548,0.0,0.0,-0.12123202617656836,-0.4458589541473441,0
0.8764122416617753,0.0,0.461768744122683,1.1946979528393167,1.1192336434045673,0.9736831732039121,1.0837477238978421,1.0985370245410373,0.18613963853285548,0.0,0.0,-0.12123202617656836,1.0809677711982195,0
-1.4721891215616434,0.0,0.12596723534148388,-0.8795103745102193,-0.8611219448842486,-1.076306479538755,-1.5072920519457886,-1.0715844008170172,0.18613963853285548,0.0,0.0,-0.12123202617656836,-1.1657851249955773,0
0.2245460332616516,1.0,0.2902850510173811,-0.8795103745102193,-0.37574958320238044,-0.2829146346091301,0.2415078628653102,0.5785153380242523,0.18613963853285548,0.0,0.0,-0.12123202617656836,-0.20923318672714916,1
0.4723153205103732,0.0,1.020324751826462,-0.8795103745102193,-0.7261345164161168,-0.8189996955752258,0.18947797787923643,-0.4609168016563328,0.18613963853285548,0.0,1.0,-0.12123202617656836,-0.37491872892959605,0
1.6084561656599872,1.0,-0.18162350062635982,-0.8795103745102193,-0.862889607557567,-0.1536259367112664,-0.11526604073060712,-0.18608610499023895,-0.9231519911021343,0.0,1.0,-0.6804718122002787,-0.5911172350066598,1
-0.07289576572182317,0.0,0.12596723534148388,-0.8795103745102193,-0.8281797472934255,-1.076306479538755,-0.2560831944486632,-0.781954627922395,-0.9231519911021343,0.0,1.0,-0.6804718122002787,-0.6823524873039951,0
0.4723153205103732,0.0,-1.5591855870497442,1.5752618279022026,-0.07999749945959107,-0.1536259367112664,0.3743221429122441,0.17064504865893973,0.18613963853285548,0.0,0.0,-0.12123202617656836,0.007127293843984605,0
-1.012053753692239,0.0,0.8266788390641504,-0.8795103745102193,-0.06929223331089521,-0.5793234579425617,1.824584528882841,-0.6142506050345212,0.18613963853285548,0.0,0.0,-0.12123202617656836,1.9806993401461852,0
1.2775822509180437,0.0,-0.5921311266741747,-0.8795103745102193,-1.1567195268825985,-0.4237299919284973,-1.5072920519457886,-0.6142506050345212,-0.9231519911021343,0.0,1.0,-0.6804718122002787,-1.341394189297977,1
0.08350622611294847,0.0,-0.3251261608248572,-0.8795103745102193,-0.3953771498121693,-0.2169867647588109,0.31900021497714,0.057665153009515184,0.18613963853285548,0.0,1.0,-0.12123202617656836,-0.15101796034608556,0
0.35339972946965464,1.0,-0.5921311266741747,-0.8795103745102193,0.5341003355327321,0.5440656997790116,-0.29771809938538085,-0.12263695232921346,-0.9231519911021343,0.0,0.0,-0.6804718122002787,0.06029735811850652,1
0.35339972946965464,0.0,0.6405298909516516,0.697684930971013,-0.3254172044979023,-0.49941885605417785,-0.11526604073060712,-0.6142506050345212,1.2954312681678453,0.0,0.0,1.556487331894563,-0.7142654553300806,0
1.4826869650373546,1.0,0.2902850510173811,1.8159218925086418,1.2986627924758514,0.6146473417131381,-1.1855370315326892,1.0583591808618793,2.404722897802835,0.0,0.0,2.6749669039419834,-0.39763710230383803,0
0.08350622611294847,0.0,-0.7158720037692985,-0.8795103745102193,-0.4814288717532175,-0.1536259367112664,0.3743221429122441,2.1320329233380146,1.2954312681678453,0.0,0.0,1.556487331894563,-0.44839340852875054,0
0.08350622611294847,0.0,0.8266788390641504,0.697684930971013,0.22609677805313871,0.3954654611427993,-1.5072920519457886,0.382393625891712,0.18613963853285548,0.0,0.0,-0.12123202617656836,-0.3650747276099384,0
-1.4721891215616434,0.0,0.2902850510173811,0.697684930971013,-1.3487845936712834,-1.6271094250024807,-0.7419059021457265,-1.594191099233689,2.404722897802835,0.0,0.0,2.6749669039419834,-1.6358807789336147,0
0.2245460332616516,0.0,1.020324751826462,-0.8795103745102193,-0.3307097047421827,0.09670929282765271,1.636159978915892,0.17064504865893973,0.18613963853285548,0.0,0.0,-0.12123202617656836,1.6113520782621225,0
0.35339972946965464,0.0,-0.18162350062635982,-0.8795103745102193,0.2466162509874002,0.09670929282765271,-1.5072920519457886,0.717138288650402,-2.032443620737124,0.0,0.0,-1.7989513842476996,-0.13350685213435404,0
-0.4534932381131697,0.0,0.2902850510173811,-0.8795103745102193,-0.46861509612486824,-0.0925805927386985,0.6693155314891707,0.2252488320656032,1.2954312681678453,0.0,1.0,1.556487331894563,-0.17584514633822437,0
0.6865551185257461,0.0,0.2902850510173811,-0.8795103745102193,-0.10196189279192924,0.18444317316632383,1.636159978915892,0.11481150538227353,-0.9231519911021343,0.0,0.0,-0.6804718122002787,1.7742920012598837,0
0.08350622611294847,0.0,-0.18162350062635982,-0.8795103745102193,1.4190870744673276,1.3177454937169992,-1.1855370315326892,1.0985370245410373,0.18613963853285548,0.0,0.0,-0.12123202617656836,0.4095329866814142,0
0.2245460332616516,0.0,-0.8332668783246234,1.1946979528393167,0.11278215048327656,0.31694313114105294,0.4485848661498302,0.4822024803158727,1.2954312681678453,0.0,0.0,1.556487331894563,-0.20960005538630705,0
0.7841165927033555,0.0,1.020324751826462,0.697684930971013,1.7292393274651483,1.5468962185637367,-0.5059682851583214,1.216225360090411,0.18613963853285548,0.0,0.0,-0.12123202617656836,0.6331531707567579,0
-0.24938390894453497,0.0,0.2902850510173811,-0.8795103745102193,0.29271174417273793,0.3954654611427993,-0.7419059021457265,0.33105875939802537,0.18613963853285548,0.0,0.0,-0.12123202617656836,-0.2621745812878512,0
-1.4721891215616434,0.0,0.2902850510173811,-0.8795103745102193,-1.6513212051663042,-1.8108217731349643,-1.5072920519457886,-1.594191099233689,0.18613963853285548,0.0,1.0,-0.12123202617656836,-1.8347810457759686,1
-1.4721891215616434,0.0,-1.6252591166453392,-0.8795103745102193,-1.1695841334856294,-1.6271094250024807,-0.5735904547911599,-1.594191099233689,1.2954312681678453,0.0,1.0,1.556487331894563,-1.3046200995685766,0
0.2245460332616516,0.0,-0.18162350062635982,1.4347876498624124,0.8547596567405141,0.9736831732039121,1.4641389165537153,0.5785153380242523,-0.9231519911021343,1.0,0.0,-0.6804718122002787,1.6363376156296567,0
-0.6985221790742214,0.0,0.8266788390641504,-0.8795103745102193,-1.1800452823053782,-1.4836057089681398,-0.11526604073060712,-0.968744774313427,-0.9231519911021343,0.0,1.0,-0.6804718122002787,-0.7127371589616618,0
0.6865551185257461,1.0,0.12596723534148388,-0.8795103745102193,-0.010073538978820675,-0.26063608837311514,-0.05629982231812761,-0.0609482951462328,0.18613963853285548,0.0,1.0,-0.12123202617656836,-0.24207439438757394,1
-1.4721891215616434,0.0,-1.1486189098802198,-0.8795103745102193,-0.6417298744393132,-0.32843814160131607,0.5349620679024845,2.040287070344547,1.2954312681678453,0.0,0.0,1.556487331894563,-0.34398714819025084,0
-1.4721891215616434,0.0,-1.6252591166453392,-0.8795103745102193,-2.271301413069049,-2.0979157852458847,-1.5072920519457886,-2.0268289954725063,-0.9231519911021343,0.0,1.0,-0.6804718122002787,-2.2568431171423695,0
-0.24938390894453497,0.0,0.2902850510173811,-0.8795103745102193,1.683497361719041,1.4396797791323088,-0.9918459235005864,1.1774541226784172,0.18613963853285548,0.0,0.0,-0.12123202617656836,0.5744243433544661,0
0.964073858567003,0.0,1.872022146645339,1.4347876498624124,1.4660811137021104,1.459483335342635,0.1322625095167463,1.3670629301703794,1.2954312681678453,0.0,0.0,1.556487331894563,0.2025562737352301,0
1.047621135607331,0.0,-0.9444391811885324,0.697684930971013,-0.5729362653723821,-0.3517088458005675,0.1322625095167463,-0.31889890269653554,-0.9231519911021343,0.0,0.0,-0.6804718122002787,-0.2892319731696235,0
0.5829479787780677,0.0,-0.8332668783246234,-0.8795103745102193,-1.399703072579025,-0.852423195420382,-1.5072920519457886,-0.781954627922395,0.18613963853285548,0.0,1.0,-0.12123202617656836,-1.5967065685219708,0
-0.4534932381131697,0.0,0.8266788390641504,0.697684930971013,-0.15251845522007237,-0.7864686628999003,1.7955566320467273,-0.6960629002177537,0.18613963853285548,0.0,0.0,-0.12123202617656836,1.918496651191434,0
0.4723153205103732,0.0,0.6405298909516516,1.1946979528393167,-0.0031900139727003792,-0.5255544800262242,-0.2560831944486632,-0.12263695232921346,0.18613963853285548,0.0,0.0,-0.12123202617656836,-0.32674155808130684,0
-0.07289576572182317,0.0,1.020324751826462,-0.8795103745102193,-1.2619964421665624,-1.1626600424566094,0.34731683030805827,-1.0715844008170172,0.18613963853285548,0.0,1.0,-0.12123202617656836,-0.3426192282606012,1
-1.4721891215616434,1.0,-2.0715886207378653,-0.8795103745102193,-0.7374046367447541,-1.1185646336077608,-1.5072920519457886,-1.1826182295476602,-0.9231519911021343,0.0,1.0,-0.6804718122002787,-1.0136778071322403,1
0.6865551185257461,0.0,-1.793966719726717,-0.8795103745102193,1.0340013098056695,1.459483335342635,0.5349620679024845,1.0583591808618793,2.404722897802835,0.0,0.0,2.6749669039419834,-0.2014787494020774,0
0.964073858567003,0.0,1.020324751826462,1.1946979528393167,1.9187780436454147,1.7230681651315694,1.244703343751889,0.8060520324363187,0.18613963853285548,0.0,0.0,-0.12123202617656836,1.5094938679108685,0
-0.07289576572182317,0.0,-0.3251261608248572,-0.8795103745102193,-1.3874647004500376,-1.4836057089681398,-0.5059682851583214,-1.594191099233689,0.18613963853285548,0.0,1.0,-0.12123202617656836,-1.1480964992197344,1
-0.07289576572182317,0.0,0.6405298909516516,-0.8795103745102193,1.66915941114174,1.459483335342635,-1.5072920519457886,1.1382298578534331,0.18613963853285548,0.0,0.0,-0.12123202617656836,0.5530455495555693,0
-0.07289576572182317,0.0,-1.2418825974008505,-0.8795103745102193,-1.3874647004500376,-1.4836057089681398,-0.05629982231812761,-1.594191099233689,1.2954312681678453,0.0,1.0,1.556487331894563,-1.0232376346665364,0
-0.4534932381131697,0.0,-0.18162350062635982,0.697684930971013,0.7573000066644264,0.6695193840693882,-0.18121248900618253,0.11481150538227353,2.404722897802835,0.0,0.0,2.6749669039419834,-0.5552154946808661,0
0.6865551185257461,1.0,-0.18162350062635982,0.697684930971013,0.5495511625258616,0.5725746557955739,-0.1472620689342646,-0.0609482951462328,-0.9231519911021343,0.0,0.0,-0.6804718122002787,0.11408688737931434,1
0.2245460332616516,0.0,0.461768744122683,1.1946979528393167,0.9709745093817389,1.1570311538175746,1.7092392563241228,1.650822098669318,0.18613963853285548,0.0,0.0,-0.12123202617656836,1.9065577215436926,0
-1.4721891215616434,0.0,-1.9860170239087698,-0.8795103745102193,-0.6361296164925119,-1.076306479538755,-0.21737965524864494,-0.6142506050345212,-0.9231519911021343,0.0,0.0,-0.6804718122002787,-0.5678589031702427,0
0.2245460332616516,0.0,0.6405298909516516,-0.8795103745102193,-0.011454340417278807,0.30086286343248403,-0.29771809938538085,-0.4609168016563328,0.18613963853285548,0.0,0.0,-0.12123202617656836,-0.34031194398848913,0
0.08350622611294847,0.0,1.430538452483767,-0.8795103745102193,0.5941524429282551,0.6964560993767297,-0.1472620689342646,-0.2514482231001947,0.18613963853285548,0.0,0.0,-0.12123202617656836,0.04829484015623994,0
-0.07289576572182317,0.0,0.2902850510173811,-0.8795103745102193,-0.29071246862410466,0.09670929282765271,1.676144965255268,0.33105875939802537,0.18613963853285548,0.0,0.0,-0.12123202617656836,1.6868325104415367,0
1.7268865040398134,0.0,0.6405298909516516,1.4347876498624124,1.8411816077450722,1.9897901013101025,0.5248295651718701,0.6254659586163507,0.18613963853285548,0.0,0.0,-0.12123202617656836,0.9488776636545783,0
0.8764122416617753,1.0,0.2902850510173811,-0.8795103745102193,-0.09901244410359143,-0.01442369443343163,0.5349620679024845,1.216225360090411,0.18613963853285548,0.0,1.0,-0.12123202617656836,0.14181878709620815,1
1.348389454007024,0.0,1.647319010761206,1.5752618279022026,1.1731738392874773,1.067037138915206,1.1494904585613765,1.3299641777568034,0.18613963853285548,0.0,0.0,-0.12123202617656836,1.1699423985682755,0
-1.4721891215616434,0.0,0.2902850510173811,-0.8795103745102193,-1.2770180150468766,-1.3629201294818385,-0.5735904547911599,-1.0715844008170172,-0.9231519911021343,0.0,1.0,-0.6804718122002787,-1.0930527767649778,0
0.6865551185257461,0.0,1.020324751826462,0.697684930971013,0.6585372827689556,0.7230740557318959,-0.18121248900618253,-0.3886420715982743,0.18613963853285548,0.0,0.0,-0.12123202617656836,0.07392309405980022,0
-0.6985221790742214,0.0,0.461768744122683,0.697684930971013,0.27575620498310127,0.4710825342868126,0.15197615836469722,0.382393625891712,0.18613963853285548,0.0,0.0,-0.12123202617656836,0.010122971964129776,0
0.4723153205103732,0.0,1.647319010761206,0.697684930971013,1.6961092591085054,1.5468962185637367,-0.4459281988232748,1.1774541226784172,0.18613963853285548,0.0,0.0,-0.12123202617656836,0.6204590681401033,0
0.08350622611294847,0.0,0.12596723534148388,1.1946979528393167,0.7768661746141619,0.736266616845703,-0.2560831944486632,0.057665153009515184,2.404722897802835,0.0,0.0,2.6749669039419834,-0.5611412997309713,0
-0.24938390894453497,0.0,-0.46192253572791986,-0.8795103745102193,-0.019768120203613057,-0.7864686628999003,-1.5072920519457886,-0.31889890269653554,0.18613963853285548,0.0,0.0,-0.12123202617656836,-0.5432466017347601,0
1.2040372514157516,0.0,-1.686315314805773,1.7315706229742622,0.14112209539094572,0.1145892787914231,0.5738477925255546,0.8060520324363187,0.18613963853285548,1.0,0.0,-0.12123202617656836,0.2576416427875978,0
0.2245460332616516,1.0,0.6405298909516516,1.5752618279022026,0.8012452345985744,0.9377379107567367,1.4839795576522132,0.8495461729713818,-0.9231519911021343,1.0,0.0,-0.6804718122002787,1.6556887916806087,0
-0.07289576572182317,0.0,1.430538452483767,0.697684930971013,-0.2315854984681403,-0.2829146346091301,1.5136805930885326,0.11481150538227353,0.18613963853285548,0.0,0.0,-0.12123202617656836,1.4071684090054448,0
-1.4721891215616434,0.0,0.461768744122683,-0.8795103745102193,-2.271301413069049,-2.0979157852458847,-1.5072920519457886,-2.0268289954725063,-0.9231519911021343,0.0,0.0,-0.6804718122002787,-2.2568431171423695,1
-1.4721891215616434,0.0,-0.3251261608248572,-0.8795103745102193,-0.200962945212109,-0.9965651623037695,-1.5072920519457886,-0.5360063772889603,0.18613963853285548,0.0,0.0,-0.12123202617656836,-0.6724236115230492,0
-0.07289576572182317,0.0,-0.3251261608248572,-0.8795103745102193,-1.3874647004500376,-1.4836057089681398,-0.5059682851583214,-1.594191099233689,1.2954312681678453,0.0,1.0,1.556487331894563,-1.3472419459362495,1
0.4723153205103732,0.0,0.6405298909516516,1.1946979528393167,0.8286045176387374,0.6695193840693882,1.2602916558593638,0.33105875939802537,0.18613963853285548,0.0,0.0,-0.12123202617656836,1.2096862670654962,0
-1.4721891215616434,0.0,-2.1101927888036665,-0.8795103745102193,0.15767201476057321,-0.7238459676478477,1.2572045377803682,-1.594191099233689,-0.9231519911021343,0.0,0.0,-0.6804718122002787,1.182807648029886,0
-1.4721891215616434,0.0,-0.18162350062635982,-0.8795103745102193,-0.5914966471893465,-0.958783742641671,-1.5072920519457886,-1.7800759131583497,0.18613963853285548,0.0,0.0,-0.12123202617656836,-0.958072618153284,0
1.783653034744592,0.0,0.8266788390641504,1.8684208428384286,1.3527222397316245,0.775392852965216,0.36097556023933375,1.2924668108586557,2.404722897802835,1.0,0.0,2.6749669039419834,-0.1641627527727957,0
0.5829479787780677,0.0,0.8266788390641504,-0.8795103745102193,1.8463279203306504,1.5754407908205736,1.0502398511625246,-0.18608610499023895,-0.9231519911021343,0.0,0.0,-0.6804718122002787,1.4283416173443204,0
0.964073858567003,0.0,0.6405298909516516,1.1946979528393167,0.379765900572485,0.3644218685281948,0.04579181165646059,1.3670629301703794,-2.032443620737124,0.0,0.0,-1.7989513842476996,0.2582983264219259,0
-0.24938390894453497,0.0,0.6405298909516516,-0.8795103745102193,-0.25796216123854504,-0.32843814160131607,1.4926056680508222,-0.12263695232921346,0.18613963853285548,0.0,0.0,-0.12123202617656836,1.3687384359170955,0
1.2775822509180437,0.0,0.461768744122683,1.7792728358814742,1.282308997233576,0.6422534681290875,-0.6510697318600371,1.1774541226784172,1.2954312681678453,1.0,0.0,1.556487331894563,-0.021598850097151297,0
-0.07289576572182317,0.0,0.6405298909516516,0.697684930971013,0.14608174227097157,0.5005780712198213,-0.5059682851583214,0.5307740080750752,0.18613963853285548,0.0,0.0,-0.12123202617656836,-0.3077207460103066,0
1.9966359811595418,0.0,-0.18162350062635982,1.5752618279022026,1.965778545508238,2.142610683512403,-0.5059682851583214,2.3959250697011876,-0.9231519911021343,1.0,0.0,-0.6804718122002787,0.8858141790143526,0
-0.07289576572182317,0.0,0.12596723534148388,-0.8795103745102193,1.6763392116764504,1.4097047215724137,-1.5072920519457886,0.9347360339290371,0.18613963853285548,0.0,0.0,-0.12123202617656836,0.5569844376161315,0
0.4723153205103732,0.0,0.2902850510173811,-0.8795103745102193,1.8647665626102614,1.556443027647991,0.9675034426787642,0.33105875939802537,-0.9231519911021343,0.0,0.0,-0.6804718122002787,1.3638829086398778,0
-1.4721891215616434,0.0,-0.8332668783246234,0.697684930971013,0.7218951087232388,0.8138654497951128,1.4225255703145396,0.382393625891712,-0.9231519911021343,1.0,0.0,-0.6804718122002787,1.5451616074581227,0
-0.07289576572182317,0.0,0.6405298909516516,-0.8795103745102193,-0.44302790695149014,-0.05306319911326454,0.47139145081985334,0.27869756895634124,0.18613963853285548,0.0,1.0,-0.12123202617656836,-0.023653447840747143,0
0.5829479787780677,0.0,-1.1486189098802198,-0.8795103745102193,-0.7160010949035817,-0.49941885605417785,-0.02899096777841141,-0.4609168016563328,-0.9231519911021343,0.0,0.0,-0.6804718122002787,-0.4717445061640307,0
-1.4721891215616434,0.0,-1.4114139258166871,-0.8795103745102193,-0.9398965006739947,-0.7864686628999003,1.1988932952552227,-1.3040579861083508,-0.9231519911021343,1.0,0.0,-0.6804718122002787,0.9431175034458044,0
-1.4721891215616434,0.0,0.461768744122683,-0.8795103745102193,-2.119034369903514,-1.6271094250024807,-0.7419059021457265,-1.1826182295476602,0.18613963853285548,0.0,1.0,-0.12123202617656836,-1.5065913454642705,1
-0.6985221790742214,0.0,0.12596723534148388,0.697684930971013,-0.08523631221632788,-0.8868079756552516,1.8049311778576786,-1.4393186048761482,0.18613963853285548,0.0,0.0,-0.12123202617656836,1.9418231805944748,0
0.4723153205103732,0.0,-2.012539412635226,1.1946979528393167,-0.3135060622254826,-0.5521808457454166,-0.4459281988232748,-0.968744774313427,0.18613963853285548,0.0,0.0,-0.12123202617656836,-0.5708621215782715,1
-1.012053753692239,0.0,1.020324751826462,1.1946979528393167,-1.263979574533697,-1.4836057089681398,-0.18121248900618253,-1.0715844008170172,2.404722897802835,0.0,0.0,2.6749669039419834,-1.3154770053858325,0
-1.4721891215616434,0.0,-2.012539412635226,-0.8795103745102193,-0.7651097700479935,-1.257338550726375,-0.5735904547911599,-1.0715844008170172,-0.9231519911021343,0.0,0.0,-0.6804718122002787,-0.8208084389002607,0
0.08350622611294847,1.0,-0.9444391811885324,0.697684930971013,-0.5839447744118021,-0.37533744672449043,1.2844619640709931,-0.3886420715982743,-0.9231519911021343,1.0,0.0,-0.6804718122002787,1.1166570286122506,1
0.5829479787780677,0.0,0.8266788390641504,0.697684930971013,0.04141254548014709,0.38000288413917455,-0.18121248900618253,0.5307740080750752,0.18613963853285548,0.0,0.0,-0.12123202617656836,-0.26655886916699273,0
0.2245460332616516,0.0,-0.9444391811885324,0.697684930971013,0.08336513171081271,0.21842668287078776,-0.1472620689342646,0.27869756895634124,0.18613963853285548,0.0,0.0,-0.12123202617656836,-0.23177365951287723,0
0.08350622611294847,1.0,-0.46192253572791986,-0.8795103745102193,0.48987745297725294,0.48588193502091354,-0.4459281988232748,-0.18608610499023895,-0.9231519911021343,0.0,0.0,-0.6804718122002787,-0.002115319684625763,1
0.6865551185257461,0.0,0.8266788390641504,-0.8795103745102193,0.637640456648953,0.6422534681290875,-0.5059682851583214,-0.6960629002177537,-0.9231519911021343,0.0,0.0,-0.6804718122002787,0.0781216087372524,0
0.6865551185257461,0.0,-1.9860170239087698,1.5752618279022026,0.48229305327143746,0.02338831919764908,1.3957022105954524,0.382393625891712,0.18613963853285548,1.0,0.0,-0.12123202617656836,1.3231528123877891,0
-0.6985221790742214,0.0,-0.03129755540730531,0.697684930971013,0.6840065580880094,0.7882882299708391,1.412900803622728,-0.12263695232921346,-0.9231519911021343,1.0,0.0,-0.6804718122002787,1.522749957294442,0
-1.4721891215616434,0.0,-0.5921311266741747,-0.8795103745102193,0.6840065580880094,0.5005780712198213,-1.5072920519457886,-0.2514482231001947,1.2954312681678453,0.0,0.0,1.556487331894563,-0.39017552786374116,0
0.7841165927033555,1.0,0.6405298909516516,0.697684930971013,-0.2686708446983678,-0.1536259367112664,0.34731683030805827,0.6716623488153538,0.18613963853285548,0.0,0.0,-0.12123202617656836,-0.08300882931355247,1
0.6865551185257461,0.0,-0.9444391811885324,-0.8795103745102193,-1.0281980625799656,-0.693650698030738,-0.34278061469339505,-0.968744774313427,-0.9231519911021343,0.0,1.0,-0.6804718122002787,-0.8254851849347085,0
1.1274872107053646,0.0,1.872022146645339,1.1946979528393167,1.907266053980751,1.7230681651315694,1.1640060687285056,0.6716623488153538,0.18613963853285548,0.0,0.0,-0.12123202617656836,1.4247061055455126,0
0.08350622611294847,0.0,-0.9444391811885324,-0.8795103745102193,-0.5707482148364833,-0.8189996955752258,0.18947797787923643,-1.4393186048761482,1.2954312681678453,0.0,1.0,1.556487331894563,-0.6208998695256905,0
-1.4721891215616434,0.0,-0.46192253572791986,-0.8795103745102193,-0.27981195740633824,-0.32843814160131607,1.134631118434992,-0.2514482231001947,-0.9231519911021343,0.0,0.0,-0.6804718122002787,0.9256512110569519,0
-1.4721891215616434,0.0,-1.1486189098802198,-0.8795103745102193,-0.9220422729449385,-0.6070100507667666,-0.6510697318600371,1.9779674266339151,1.2954312681678453,0.0,0.0,1.556487331894563,-1.2164809816803976,0
0.08350622611294847,0.0,0.6405298909516516,-0.8795103745102193,0.22961389604679516,0.23519554831297898,-0.8519084961219504,-0.18608610499023895,-0.9231519911021343,0.0,0.0,-0.6804718122002787,-0.2375797114780262,0
1.9966359811595418,0.0,0.6405298909516516,0.697684930971013,1.4135291123916798,0.8265493748173808,0.18947797787923643,1.684808108012462,2.404722897802835,0.0,0.0,2.6749669039419834,-0.1937704708977679,0
0.08350622611294847,1.0,0.6405298909516516,-0.8795103745102193,-0.15405327124639726,-0.2829146346091301,-0.34278061469339505,-0.31889890269653554,0.18613963853285548,0.0,1.0,-0.12123202617656836,-0.44119930029635684,1
-0.07289576572182317,0.0,0.461768744122683,-0.8795103745102193,-0.7704285860606156,-0.958783742641671,-0.5059682851583214,-0.6142506050345212,-0.9231519911021343,0.0,1.0,-0.6804718122002787,-0.7912578828530515,0
-0.07289576572182317,0.0,0.2902850510173811,-0.8795103745102193,-0.836733149068667,-1.1626600424566094,-0.5059682851583214,-0.8725708510892921,-0.9231519911021343,0.0,1.0,-0.6804718122002787,-0.8295625253638597,0
0.5829479787780677,0.0,0.6405298909516516,-0.8795103745102193,0.32828306088064424,0.30086286343248403,-0.18121248900618253,-0.0008867506627574296,0.18613963853285548,0.0,0.0,-0.12123202617656836,-0.11189178174585651,0
1.5465566591620816,0.0,0.6405298909516516,1.5752618279022026,0.7466643007685396,0.8889616434843537,0.5248295651718701,1.017678909606691,0.18613963853285548,0.0,0.0,-0.12123202617656836,0.4532148805147727,0
-1.4721891215616434,0.0,0.461768744122683,-0.8795103745102193,-0.5672566716133134,-0.6352708672061055,-0.7419059021457265,-0.781954627922395,0.18613963853285548,0.0,0.0,-0.12123202617656836,-0.8173631918028131,0
0.7841165927033555,0.0,-1.8833563609753177,-0.8795103745102193,1.0766312518943348,1.4495993077391918,0.3743221429122441,0.8060520324363187,1.2954312681678453,0.0,0.0,1.556487331894563,0.1184662954913646,0
-1.4721891215616434,0.0,0.12596723534148388,-0.8795103745102193,1.5823972042973575,1.3177454937169992,-1.5072920519457886,1.0583591808618793,0.18613963853285548,0.0,0.0,-0.12123202617656836,0.5003631793190572,0
1.8927920133992675,0.0,0.6405298909516516,1.8449234868866584,1.3622359831814947,0.7098042908981944,-0.08500636257674449,1.2545582777324633,2.404722897802835,0.0,0.0,2.6749669039419834,-0.27700137757933024,0
-1.4721891215616434,0.0,0.12596723534148388,-0.8795103745102193,-1.1609821700755745,-1.4836057089681398,-0.9918459235005864,-1.4393186048761482,0.18613963853285548,0.0,1.0,-0.12123202617656836,-1.285470861707419,0
0.4723153205103732,0.0,1.020324751826462,0.697684930971013,-0.16021064634478385,-0.1955945586379102,1.5074298672141886,-0.0008867506627574296,0.18613963853285548,0.0,0.0,-0.12123202617656836,1.4046764699286314,0
0.6865551185257461,0.0,0.12596723534148388,-0.8795103745102193,0.3533658130650157,0.2846509543916297,-0.7419059021457265,-0.12263695232921346,-0.9231519911021343,0.0,0.0,-0.6804718122002787,-0.14161674798136584,0
-0.4534932381131697,0.0,-0.03129755540730531,-0.8795103745102193,-0.05638519315166321,-0.693650698030738,1.8062596521432386,-1.3040579861083508,0.18613963853285548,0.0,0.0,-0.12123202617656836,1.9469914140159268,0
0.35339972946965464,0.0,0.461768744122683,-0.8795103745102193,-0.3953771498121693,-0.0925805927386985,0.424859269722891,0.11481150538227353,0.18613963853285548,0.0,1.0,-0.12123202617656836,-0.054713334975718356,0
-1.4721891215616434,0.0,-0.46192253572791986,-0.8795103745102193,-0.3521162598506749,-0.17447737485093776,-1.5072920519457886,0.5307740080750752,-2.032443620737124,0.0,0.0,-1.7989513842476996,-0.5896793931180238,0
-0.24938390894453497,0.0,-1.9557629104763974,0.697684930971013,0.33047991793133813,-0.13303146608600047,1.351904934627509,-0.31889890269653554,0.18613963853285548,0.0,0.0,-0.12123202617656836,1.2300244831306038,0
0.7841165927033555,0.0,1.020324751826462,1.1946979528393167,0.38444265760371116,0.5583673103886344,-0.3919063374300445,0.382393625891712,0.18613963853285548,0.0,0.0,-0.12123202617656836,-0.13916428946250153,0
0.6865551185257461,0.0,-0.7158720037692985,-0.8795103745102193,-0.4449757541333053,-0.6352708672061055,0.30430790550158904,-1.1826182295476602,1.2954312681678453,0.0,1.0,1.556487331894563,-0.4961147219398923,0
-1.4721891215616434,0.0,0.12596723534148388,-0.8795103745102193,0.6534719705316494,0.42604475287671956,1.2123245337616075,0.2252488320656032,0.18613963853285548,0.0,0.0,-0.12123202617656836,1.1044223137828602,0
0.6865551185257461,0.0,0.2902850510173811,1.5752618279022026,0.8384552421308898,0.9855478547947649,1.4774335366906746,0.7619251298184915,0.18613963853285548,1.0,0.0,-0.12123202617656836,1.5158114839173018,0
-0.6985221790742214,1.0,-0.5921311266741747,-0.8795103745102193,-0.2105537557120965,-0.6352708672061055,-1.5072920519457886,-0.781954627922395,-0.9231519911021343,0.0,1.0,-0.6804718122002787,-0.607469936924594,1
0.08350622611294847,1.0,-2.055130370381915,1.1946979528393167,-0.5371819543933224,-0.958783742641671,-0.5059682851583214,-1.3040579861083508,0.18613963853285548,0.0,0.0,-0.12123202617656836,-0.7243799702619071,1
0.8764122416617753,0.0,0.2902850510173811,0.697684930971013,-0.1873402767981283,0.06041869553875765,1.6275134203040966,0.057665153009515184,0.18613963853285548,0.0,0.0,-0.12123202617656836,1.609137625018617,0
-1.4721891215616434,0.0,0.2902850510173811,-0.8795103745102193,0.8462989185531566,1.0440266627375203,1.715358469856651,1.1774541226784172,0.18613963853285548,0.0,0.0,-0.12123202617656836,1.8962640214593154,0
1.1274872107053646,0.0,0.8266788390641504,1.5752618279022026,1.5374210142087534,1.498671128100786,0.34731683030805827,1.850364597445138,1.2954312681678453,0.0,0.0,1.556487331894563,0.3038014277403138,0
0.2245460332616516,0.0,0.461768744122683,-0.8795103745102193,0.17792226263719932,0.45617790096966415,-0.5059682851583214,0.33105875939802537,-0.9231519911021343,0.0,0.0,-0.6804718122002787,-0.20760067110234093,0
-0.6985221790742214,0.0,0.6405298909516516,-0.8795103745102193,0.48688770066993803,0.5005780712198213,-1.5072920519457886,-0.31889890269653554,-0.9231519911021343,0.0,0.0,-0.6804718122002787,-0.10631410242126235,0
1.2040372514157516,0.0,-1.686315314805773,1.1946979528393167,1.1527443592572495,1.6223891388023381,0.9372677616274029,1.216225360090411,2.404722897802835,0.0,0.0,2.6749669039419834,0.07913425711920598,0
-1.4721891215616434,0.0,-0.3251261608248572,-0.8795103745102193,-1.4407173004128877,-1.9318764786094749,-1.5072920519457886,-1.7800759131583497,0.18613963853285548,0.0,1.0,-0.12123202617656836,-1.652021642359472,1
-0.07289576572182317,0.0,-0.03129755540730531,-0.8795103745102193,-0.3720827933378205,-0.13303146608600047,1.5635517982584703,-0.12263695232921346,-0.9231519911021343,0.0,0.0,-0.6804718122002787,1.6154383729719555,0
0.4723153205103732,0.0,1.872022146645339,1.1946979528393167,0.037415538830431985,-0.37533744672449043,1.8386364089919949,-0.3886420715982743,0.18613963853285548,0.0,0.0,-0.12123202617656836,2.0169816778727583,0
0.35339972946965464,0.0,1.872022146645339,-0.8795103745102193,-0.7838580778516179,-0.7864686628999003,0.2073487160052933,-0.3886420715982743,0.18613963853285548,0.0,1.0,-0.12123202617656836,-0.3763567483940991,0
0.08350622611294847,0.0,-1.1486189098802198,-0.8795103745102193,-1.0839410779275096,-0.7864686628999003,-1.5072920519457886,-1.594191099233689,-0.9231519911021343,0.0,0.0,-0.6804718122002787,-1.2900569020697013,0
-1.4721891215616434,0.0,-0.18162350062635982,-0.8795103745102193,-0.7019882114605039,-0.6352708672061055,-0.9918459235005864,0.4822024803158727,0.18613963853285548,0.0,1.0,-0.12123202617656836,-0.9664945157357706,1
0.08350622611294847,0.0,-0.3251261608248572,-0.8795103745102193,-0.7235912699336252,-0.9222319226746506,0.33333056902892305,-0.781954627922395,1.2954312681678453,0.0,1.0,1.556487331894563,-0.5480135329566421,0
-0.07289576572182317,0.0,-0.18162350062635982,-0.8795103745102193,0.20553592495666997,0.45617790096966415,-1.1855370315326892,0.4822024803158727,-0.9231519911021343,0.0,0.0,-0.6804718122002787,-0.28320470098963824,0
-1.4721891215616434,0.0,-0.3251261608248572,-0.8795103745102193,-0.347804178717116,-0.5793234579425617,1.4596457821391382,-0.5360063772889603,0.18613963853285548,0.0,0.0,-0.12123202617656836,1.3036631462145754,0
0.4723153205103732,0.0,-0.8332668783246234,0.697684930971013,-0.5839447744118021,-0.39933908986058203,1.1746768421402496,-0.781954627922395,-0.9231519911021343,1.0,0.0,-0.6804718122002787,0.94251708391409,0
0.6865551185257461,0.0,0.6405298909516516,1.4347876498624124,0.34207287435177886,0.6830282263656221,0.2073487160052933,1.1774541226784172,0.18613963853285548,0.0,0.0,-0.12123202617656836,0.0736216592540808,0
0.35339972946965464,0.0,0.12596723534148388,1.1946979528393167,0.8087466391019769,0.7493831664814768,0.021947609361985223,0.2252488320656032,2.404722897802835,0.0,0.0,2.6749669039419834,-0.48372979151546447,0
-0.24938390894453497,0.0,-1.0495141476718508,-0.8795103745102193,-0.6199678142765797,-0.852423195420382,0.3873708945356991,-0.12263695232921346,1.2954312681678453,0.0,1.0,1.556487331894563,-0.47594496590514895,0
0.964073858567003,0.0,0.6405298909516516,1.667066840949515,0.8482547579844878,1.0208011946350248,1.488307005820431,0.8495461729713818,0.18613963853285548,1.0,0.0,-0.12123202617656836,1.5340949906189956,0
-1.012053753692239,0.0,0.2902850510173811,-0.8795103745102193,-0.29688681803541994,-0.4485275487942812,1.4968759351299343,-0.0609482951462328,0.18613963853285548,0.0,0.0,-0.12123202617656836,1.3716137007142783,0
-0.07289576572182317,0.0,1.2215756502689943,-0.8795103745102193,-1.3874647004500376,-1.4836057089681398,-0.5059682851583214,-1.594191099233689,0.18613963853285548,0.0,1.0,-0.12123202617656836,-1.1480964992197344,0
0.6865551185257461,0.0,0.461768744122683,1.1946979528393167,1.08415499501504,0.9377379107567367,1.0755381544477365,1.0985370245410373,0.18613963853285548,0.0,0.0,-0.12123202617656836,1.0611694571073762,0
0.5829479787780677,0.0,1.2215756502689943,-0.8795103745102193,0.3260831595423986,0.4108119821788188,-0.11526604073060712,0.11481150538227353,0.18613963853285548,0.0,0.0,-0.12123202617656836,-0.08841215385451003,0
0.4723153205103732,0.0,0.6405298909516516,0.697684930971013,0.08336513171081271,0.4108119821788188,0.2073487160052933,0.432757898856675,0.18613963853285548,0.0,0.0,-0.12123202617656836,-0.04462919498091178,0
-0.24938390894453497,0.0,0.6405298909516516,-0.8795103745102193,0.5562673695708311,0.6007130929660973,-0.6510697318600371,-0.5360063772889603,-0.9231519911021343,0.0,0.0,-0.6804718122002787,0.003706353505571603,0
1.8927920133992675,0.0,-0.18162350062635982,1.5752618279022026,1.9416452865040452,2.118962073126574,-0.6510697318600371,2.3959250697011876,-0.9231519911021343,0.0,0.0,-0.6804718122002787,0.8600508222151412,0
0.35339972946965464,0.0,0.12596723534148388,0.697684930971013,1.0754712681222307,0.9012491842348184,1.0545282658629507,1.017678909606691,0.18613963853285548,0.0,0.0,-0.12123202617656836,1.0358828261610873,0
1.2040372514157516,0.0,-0.3251261608248572,1.1946979528393167,-0.5729362653723821,-0.2169867647588109,0.2737585998685261,-0.2514482231001947,-0.9231519911021343,0.0,0.0,-0.6804718122002787,-0.16597783189874263,0
-1.4721891215616434,0.0,-0.9444391811885324,-0.8795103745102193,-1.0175077527032244,-0.6641389848940414,1.1886286485318256,-1.7800759131583497,-0.9231519911021343,1.0,0.0,-0.6804718122002787,0.9205000344485089,0
-0.07289576572182317,0.0,1.020324751826462,-0.8795103745102193,-0.9431245666219559,-0.8868079756552516,-0.29771809938538085,-0.968744774313427,0.18613963853285548,0.0,1.0,-0.12123202617656836,-0.8245474589144742,0
0.35339972946965464,0.0,0.6405298909516516,-0.8795103745102193,1.8349918440701154,1.5659577894946692,1.0327841763864802,0.6254659586163507,-0.9231519911021343,0.0,0.0,-0.6804718122002787,1.408329618292152,0
-1.4721891215616434,0.0,0.12596723534148388,-0.8795103745102193,1.3148933314138007,1.168059890047116,-1.5072920519457886,0.5307740080750752,0.18613963853285548,0.0,0.0,-0.12123202617656836,0.3376957749023922,0
-0.07289576572182317,0.0,-0.3251261608248572,1.5752618279022026,0.8368170295079023,0.9617604693161732,1.4926056680508222,1.216225360090411,-0.9231519911021343,1.0,0.0,-0.6804718122002787,1.6763031214533892,0
-0.07289576572182317,0.0,-0.8332668783246234,-0.8795103745102193,-0.7651097700479935,-0.9965651623037695,0.17103352023621246,-1.1826182295476602,1.2954312681678453,0.0,1.0,1.556487331894563,-0.6919418400372581,0
0.35339972946965464,0.0,0.8266788390641504,0.697684930971013,0.31170883598841437,0.38000288413917455,0.31900021497714,0.057665153009515184,0.18613963853285548,0.0,0.0,-0.12123202617656836,0.1266339429758126,0
1.2040372514157516,0.0,1.020324751826462,1.1946979528393167,-0.1701234249726752,-0.03363697408995959,0.4368416794280404,0.7619251298184915,1.2954312681678453,0.0,0.0,1.556487331894563,-0.3090928350746783,1
-0.6985221790742214,0.0,-1.487950860074402,-0.8795103745102193,-0.5564186890565931,-0.473750457681484,0.04579181165646059,1.9464455076830682,1.2954312681678453,0.0,0.0,1.556487331894563,-0.7133660927072847,0
-0.24938390894453497,0.0,0.2902850510173811,-0.8795103745102193,1.689537471905359,1.459483335342635,-1.5072920519457886,1.0583591808618793,0.18613963853285548,0.0,0.0,-0.12123202617656836,0.5651497536485839,0
-1.4721891215616434,0.0,0.12596723534148388,-0.8795103745102193,0.6534719705316494,0.42604475287671956,1.2123245337616075,0.2252488320656032,0.18613963853285548,0.0,0.0,-0.12123202617656836,1.1044223137828602,0
0.6865551185257461,0.0,0.461768744122683,0.697684930971013,1.9012387692574817,1.6409557386520202,1.1155473095485038,0.5307740080750752,-0.9231519911021343,0.0,0.0,-0.6804718122002787,1.5096701611485954,0
-0.6985221790742214,0.0,0.6405298909516516,0.697684930971013,-0.10432614654521742,-0.7238459676478477,1.8167928246186322,-0.8725708510892921,0.18613963853285548,0.0,0.0,-0.12123202617656836,1.9627997331411482,0
0.6865551185257461,0.0,1.2215756502689943,-0.8795103745102193,-0.23878396724787626,0.1322984404802882,-0.02899096777841141,0.11481150538227353,0.18613963853285548,0.0,1.0,-0.12123202617656836,-0.3352565200846912,0
-0.24938390894453497,0.0,1.430538452483767,-0.8795103745102193,-0.27304779039627036,-0.23866380856018854,1.509520155015006,0.11481150538227353,0.18613963853285548,0.0,0.0,-0.12123202617656836,1.3957985131642443,0
1.6084561656599872,0.0,-0.46192253572791986,1.4347876498624124,1.9112762120037206,2.071135941044344,-1.5072920519457886,2.3386579682161797,-0.9231519911021343,0.0,0.0,-0.6804718122002787,0.8120932423905114,0
0.5829479787780677,0.0,1.020324751826462,0.697684930971013,0.7765276600680112,0.4710825342868126,0.9724017549529482,1.0583591808618793,-0.9231519911021343,0.0,0.0,-0.6804718122002787,0.9716824990537302,0
-0.07289576572182317,0.0,0.6405298909516516,-0.8795103745102193,-1.3874647004500376,-1.4836057089681398,-0.5059682851583214,-1.594191099233689,-0.9231519911021343,0.0,1.0,-0.6804718122002787,-1.0939758796319052,1
0.2245460332616516,0.0,1.020324751826462,1.1946979528393167,0.0022924354402456266,-0.5521808457454166,-0.08500636257674449,-0.0008867506627574296,0.18613963853285548,0.0,0.0,-0.12123202617656836,-0.2513728895788797,0
0.964073858567003,0.0,1.647319010761206,1.1946979528393167,0.4222102402698566,0.6695193840693882,-0.0029467479771157737,0.6254659586163507,0.18613963853285548,0.0,0.0,-0.12123202617656836,0.00894714086244202,0
0.35339972946965464,0.0,-1.1486189098802198,0.697684930971013,-0.5685646583052513,-0.3055111642679678,1.2478518611431648,-0.781954627922395,0.18613963853285548,1.0,0.0,-0.12123202617656836,0.9399121776415293,0
-1.012053753692239,1.0,1.647319010761206,-0.8795103745102193,-1.2841481721759256,-1.4210117268426015,-0.08500636257674449,-0.8725708510892921,0.18613963853285548,0.0,1.0,-0.12123202617656836,-0.7811381445686999,1
-1.4721891215616434,0.0,-2.1101927888036665,-0.8795103745102193,0.22021685799516924,-0.6070100507667666,1.2785051654602868,-0.968744774313427,-0.9231519911021343,0.0,0.0,-0.6804718122002787,1.2264284014324147,0
-0.4534932381131697,0.0,-1.1486189098802198,1.1946979528393167,-0.5384537856542659,-0.3055111642679678,1.2991140346918413,0.2252488320656032,-0.9231519911021343,1.0,0.0,-0.6804718122002787,1.145620536796712,0
-1.4721891215616434,0.0,-0.3251261608248572,-0.8795103745102193,0.6315981592323375,0.5151728517444565,-1.5072920519457886,0.11481150538227353,1.2954312681678453,0.0,0.0,1.556487331894563,-0.4200085019198419,0
0.4723153205103732,0.0,0.461768744122683,0.697684930971013,1.4588218893925042,1.3692194664230002,-0.21737965524864494,1.2545582777324633,1.2954312681678453,0.0,0.0,1.556487331894563,0.12351100183663603,0
-0.07289576572182317,1.0,-2.09587508029045,-0.8795103745102193,-0.5716228944324954,-1.0356937365568895,-0.5059682851583214,-1.4393186048761482,0.18613963853285548,0.0,0.0,-0.12123202617656836,-0.7445793799030929,1
0.8764122416617753,0.0,-0.3251261608248572,-0.8795103745102193,-1.0281980625799656,-0.5255544800262242,-0.05629982231812761,-0.8725708510892921,0.18613963853285548,0.0,1.0,-0.12123202617656836,-0.6769862290807166,0
0.5829479787780677,0.0,0.461768744122683,0.697684930971013,0.7782196135101958,0.3644218685281948,0.9625659636470979,0.9764777356110778,-0.9231519911021343,0.0,0.0,-0.6804718122002787,0.9611150299609854,0
-1.4721891215616434,0.0,-1.793966719726717,-0.8795103745102193,-0.6361296164925119,-0.852423195420382,0.021947609361985223,-0.5360063772889603,-0.9231519911021343,0.0,0.0,-0.6804718122002787,-0.40367670717788867,0
-1.4721891215616434,0.0,-0.18162350062635982,-0.8795103745102193,-2.271301413069049,-2.0979157852458847,-1.5072920519457886,-2.0268289954725063,-0.9231519911021343,0.0,1.0,-0.6804718122002787,-2.2568431171423695,1
0.08350622611294847,0.0,0.461768744122683,0.697684930971013,0.7128038996285492,0.33289458399522215,0.8661645339053065,0.717138288650402,-0.9231519911021343,0.0,0.0,-0.6804718122002787,0.8381519513879608,0
1.2040372514157516,0.0,1.872022146645339,1.4347876498624124,0.2377892165453532,0.5725746557955739,0.47139145081985334,0.717138288650402,0.18613963853285548,0.0,0.0,-0.12123202617656836,0.20833232731546583,0
-0.4534932381131697,0.0,0.6405298909516516,0.697684930971013,-1.0368548058683607,-1.257338550726375,-0.18121248900618253,-1.0715844008170172,1.2954312681678453,0.0,0.0,1.556487331894563,-1.0262388750782188,1
0.2245460332616516,0.0,0.461768744122683,1.1946979528393167,0.0009238402286402857,-0.693650698030738,1.814175152184123,-1.1826182295476602,0.18613963853285548,0.0,0.0,-0.12123202617656836,1.9670385038965004,0
-1.4721891215616434,0.0,-1.2418825974008505,-0.8795103745102193,-2.271301413069049,-2.0979157852458847,-1.5072920519457886,-2.0268289954725063,1.2954312681678453,0.0,1.0,1.556487331894563,-2.2568431171423695,0
1.047621135607331,0.0,-1.686315314805773,0.697684930971013,0.6153833538471171,1.1459547502360705,0.6447512028265489,1.1382298578534331,-0.9231519911021343,1.0,0.0,-0.6804718122002787,0.6002456129189965,0
-1.4721891215616434,0.0,-1.329436447453843,-0.8795103745102193,-0.14030427727568176,-0.01442369443343163,-1.5072920519457886,-0.12263695232921346,0.18613963853285548,0.0,0.0,-0.12123202617656836,-0.6211131576216735,0
0.6865551185257461,0.0,1.2215756502689943,1.1946979528393167,0.6791916422341993,0.8011120777105697,0.4368416794280404,-0.12263695232921346,0.18613963853285548,0.0,0.0,-0.12123202617656836,0.36476711565452774,0
-0.6985221790742214,0.0,-1.487950860074402,-0.8795103745102193,-0.9207811247401829,-0.7547689557144309,-0.5059682851583214,-0.781954627922395,-0.9231519911021343,0.0,0.0,-0.6804718122002787,-0.8713053447855639,0
1.047621135607331,0.0,1.2215756502689943,1.1946979528393167,0.04274238420109551,0.02338831919764908,1.5239662582734854,-0.0008867506627574296,1.2954312681678453,0.0,0.0,1.556487331894563,0.9551123311805902,0
-1.012053753692239,0.0,-0.5921311266741747,-0.8795103745102193,0.6925346603983793,0.14984108315703443,0.8303397949053458,0.717138288650402,-0.9231519911021343,0.0,0.0,-0.6804718122002787,0.7945699557628586,0
-1.4721891215616434,0.0,-0.03129755540730531,-0.8795103745102193,-2.271301413069049,-2.0979157852458847,-1.5072920519457886,-2.0268289954725063,0.18613963853285548,0.0,1.0,-0.12123202617656836,-2.2568431171423695,1
-1.012053753692239,0.0,1.2215756502689943,0.697684930971013,-0.12219307410333152,-0.6352708672061055,1.8207000959290787,-0.968744774313427,0.18613963853285548,0.0,0.0,-0.12123202617656836,1.9688201052305991,0
0.8764122416617753,0.0,-1.4114139258166871,1.5752618279022026,-0.02869153049131485,0.004582783269003773,0.4368416794280404,0.27869756895634124,0.18613963853285548,0.0,0.0,-0.12123202617656836,0.07833422081460903,0
-1.4721891215616434,0.0,0.2902850510173811,-0.8795103745102193,-0.36405574552191383,-0.473750457681484,1.4774335366906746,-0.2514482231001947,0.18613963853285548,0.0,0.0,-0.12123202617656836,1.3319176770344603,0
-1.4721891215616434,0.0,0.461768744122683,-0.8795103745102193,-2.271301413069049,-2.0979157852458847,-1.5072920519457886,-2.0268289954725063,-0.9231519911021343,0.0,1.0,-0.6804718122002787,-2.2568431171423695,1
-0.6985221790742214,0.0,-0.46192253572791986,-0.8795103745102193,-0.54911102381437,-0.26063608837311514,0.17103352023621246,-0.2514482231001947,0.18613963853285548,0.0,1.0,-0.12123202617656836,-0.32810466428170443,0
0.6865551185257461,0.0,-0.03129755540730531,1.1946979528393167,1.09352060557568,0.8766103452573641,1.03719427205895,0.8924329275229498,0.18613963853285548,0.0,0.0,-0.12123202617656836,1.023270100903432,0
-1.4721891215616434,0.0,-1.2418825974008505,-0.8795103745102193,-0.8990042480560467,-0.7238459676478477,1.1232507678454522,-1.1826182295476602,-0.9231519911021343,1.0,0.0,-0.6804718122002787,0.8273024857315223,0
-1.4721891215616434,0.0,-0.03129755540730531,-0.8795103745102193,-2.271301413069049,-2.0979157852458847,-1.5072920519457886,-2.0268289954725063,-0.9231519911021343,0.0,1.0,-0.6804718122002787,-2.2568431171423695,0
-0.07289576572182317,1.0,0.461768744122683,-0.8795103745102193,-0.12970922783351865,-0.37533744672449043,-0.2560831944486632,-0.12263695232921346,-0.9231519911021343,0.0,1.0,-0.6804718122002787,-0.3167698701981258,1
-1.012053753692239,0.0,0.12596723534148388,-0.8795103745102193,-1.1541739850824164,-1.4210117268426015,-1.1855370315326892,-1.7800759131583497,0.18613963853285548,0.0,1.0,-0.12123202617656836,-1.3390721781745913,1
-1.4721891215616434,0.0,-0.46192253572791986,-0.8795103745102193,0.5447377358914761,0.4710825342868126,-1.5072920519457886,-0.781954627922395,-0.9231519911021343,0.0,0.0,-0.6804718122002787,-0.06754912178307036,0
0.8764122416617753,0.0,1.020324751826462,0.697684930971013,0.3533658130650157,0.38000288413917455,-0.2560831944486632,-0.0609482951462328,0.18613963853285548,0.0,0.0,-0.12123202617656836,-0.12158859438878224,0
0.5829479787780677,0.0,-1.329436447453843,-0.8795103745102193,-1.0878040171558951,-0.7547689557144309,-1.5072920519457886,-1.4393186048761482,-0.9231519911021343,0.0,1.0,-0.6804718122002787,-1.2926126850481714,0
-1.4721891215616434,0.0,-0.18162350062635982,-0.8795103745102193,-2.271301413069049,-2.0979157852458847,-1.5072920519457886,-2.0268289954725063,2.404722897802835,0.0,0.0,2.6749669039419834,-2.2568431171423695,0
-0.6985221790742214,0.0,-1.2418825974008505,-0.8795103745102193,-0.02953106420360113,0.004582783269003773,-1.5072920519457886,-0.0609482951462328,0.18613963853285548,0.0,0.0,-0.12123202617656836,-0.543634719256741,0
0.964073858567003,0.0,0.8266788390641504,0.697684930971013,1.907266053980751,1.6685841888932493,1.134631118434992,0.6254659586163507,-0.9231519911021343,0.0,0.0,-0.6804718122002787,1.5303049721880813,0
0.8764122416617753,0.0,0.8266788390641504,1.1946979528393167,0.7975668657788292,0.44116600526156535,0.9525708924540658,0.9347360339290371,-0.9231519911021343,0.0,0.0,-0.6804718122002787,0.9568000882386545,0
0.08350622611294847,0.0,1.020324751826462,0.697684930971013,-0.032333208513218095,-0.49941885605417785,-0.1472620689342646,-0.0008867506627574296,0.18613963853285548,0.0,0.0,-0.12123202617656836,-0.29754993693350856,0
-0.4534932381131697,0.0,0.461768744122683,-0.8795103745102193,1.353993132431154,1.2332611690125022,-1.5072920519457886,0.6254659586163507,0.18613963853285548,0.0,0.0,-0.12123202617656836,0.361988087884884,0
-0.24938390894453497,0.0,0.2902850510173811,-0.8795103745102193,-0.7144901087098383,-0.958783742641671,0.2073487160052933,-0.0609482951462328,1.2954312681678453,0.0,1.0,1.556487331894563,-0.6495270101900799,1
0.5829479787780677,0.0,0.6405298909516516,1.1946979528393167,0.8384552421308898,0.8517128778170655,0.2415078628653102,0.4822024803158727,2.404722897802835,0.0,0.0,2.6749669039419834,-0.40052849958184006,0
-1.4721891215616434,0.0,-2.09587508029045,-0.8795103745102193,0.20601172503089768,-0.5255544800262242,1.28741953649281,-1.0715844008170172,0.18613963853285548,0.0,0.0,-0.12123202617656836,1.1122115395243692,0
0.35339972946965464,0.0,-0.46192253572791986,0.697684930971013,1.081987549637878,0.8517128778170655,1.0193627841736257,0.8495461729713818,0.18613963853285548,0.0,0.0,-0.12123202617656836,1.001044022531032,0
-1.4721891215616434,0.0,-0.03129755540730531,-0.8795103745102193,-2.271301413069049,-2.0979157852458847,-1.5072920519457886,-2.0268289954725063,-0.9231519911021343,0.0,1.0,-0.6804718122002787,-2.2568431171423695,1
0.35339972946965464,0.0,0.2902850510173811,0.697684930971013,0.03206860522043688,-0.5793234579425617,-0.11526604073060712,-0.0609482951462328,0.18613963853285548,0.0,0.0,-0.12123202617656836,-0.25011846141661026,0
-1.4721891215616434,0.0,0.12596723534148388,-0.8795103745102193,-2.271301413069049,-2.0979157852458847,-1.5072920519457886,-2.0268289954725063,-0.9231519911021343,0.0,1.0,-0.6804718122002787,-2.2568431171423695,1
-1.4721891215616434,0.0,0.2902850510173811,-0.8795103745102193,-0.620884553080573,-0.7864686628999003,-1.5072920519457886,-1.0715844008170172,0.18613963853285548,0.0,0.0,-0.12123202617656836,-0.978461353251606,0
-1.4721891215616434,0.0,0.6405298909516516,-0.8795103745102193,-2.271301413069049,-2.0979157852458847,-0.7419059021457265,-2.0268289954725063,-0.9231519911021343,0.0,1.0,-0.6804718122002787,-1.4753393150390957,1
-1.4721891215616434,0.0,-0.03129755540730531,-0.8795103745102193,-2.271301413069049,-2.0979157852458847,-1.5072920519457886,-2.0268289954725063,-0.9231519911021343,0.0,1.0,-0.6804718122002787,-2.2568431171423695,1
1.4166903618380977,0.0,-0.7158720037692985,-0.8795103745102193,-0.5405768328180823,-0.2829146346091301,0.33333056902892305,0.2252488320656032,0.18613963853285548,0.0,1.0,-0.12123202617656836,-0.1852617152033557,0
0.2245460332616516,0.0,0.12596723534148388,-0.8795103745102193,-0.24701441667323626,0.04199850807495892,1.6257703062348037,0.11481150538227353,-0.9231519911021343,0.0,0.0,-0.6804718122002787,1.7404102642128951,0
-1.4721891215616434,0.0,-0.18162350062635982,-0.8795103745102193,-0.7441265334947355,-0.37533744672449043,0.04579181165646059,-0.31889890269653554,0.18613963853285548,0.0,1.0,-0.12123202617656836,-0.4979283301109021,0
0.6865551185257461,0.0,-0.46192253572791986,0.697684930971013,-0.36478322872281077,-0.03363697408995959,0.4600984431460262,2.1920967981872312,2.404722897802835,0.0,0.0,2.6749669039419834,-0.6636578166374735,0
0.6865551185257461,0.0,0.8266788390641504,1.1946979528393167,0.7654920242688796,0.42604475287671956,0.905470536220712,0.8060520324363187,-0.9231519911021343,0.0,0.0,-0.6804718122002787,0.8965351322583947,0
0.7841165927033555,0.0,1.020324751826462,0.697684930971013,1.7292393274651483,1.5468962185637367,-0.5059682851583214,1.216225360090411,0.18613963853285548,0.0,0.0,-0.12123202617656836,0.6331531707567579,0
-0.4534932381131697,0.0,0.6405298909516516,1.1946979528393167,-1.2300998801818903,-1.3085554486041324,-0.9918459235005864,-1.7800759131583497,2.404722897802835,0.0,0.0,2.6749669039419834,-1.670563951201059,0
-1.4721891215616434,1.0,-0.03129755540730531,-0.8795103745102193,-2.271301413069049,-2.0979157852458847,-1.5072920519457886,-2.0268289954725063,-0.9231519911021343,0.0,1.0,-0.6804718122002787,-2.2568431171423695,1
0.8764122416617753,0.0,0.8266788390641504,0.697684930971013,-0.19049546116609956,0.18444317316632383,1.63098577096583,0.17064504865893973,0.18613963853285548,0.0,0.0,-0.12123202617656836,1.6151892764377327,0
-1.4721891215616434,0.0,0.12596723534148388,-0.8795103745102193,-0.9862615738236472,-1.3085554486041324,-0.9918459235005864,-0.5360063772889603,-0.9231519911021343,0.0,1.0,-0.6804718122002787,-1.11367463516094,0
-0.6985221790742214,0.0,-1.1486189098802198,-0.8795103745102193,0.0022924354402456266,0.1145892787914231,-0.4459281988232748,0.17064504865893973,0.18613963853285548,0.0,0.0,-0.12123202617656836,-0.38132774329480185,0
-1.4721891215616434,1.0,-2.1101927888036665,-0.8795103745102193,-0.7144901087098383,-1.3085554486041324,-1.5072920519457886,-1.7800759131583497,-0.9231519911021343,0.0,0.0,-0.6804718122002787,-0.9971245714776924,1
-0.24938390894453497,0.0,-0.18162350062635982,-0.8795103745102193,-0.39425731626263855,-0.693650698030738,-1.5072920519457886,-0.968744774313427,0.18613963853285548,0.0,0.0,-0.12123202617656836,-0.8097035720491953,0
-0.07289576572182317,0.0,-2.055130370381915,-0.8795103745102193,1.0487529478436821,1.389537393509255,0.5643620474633199,0.8495461729713818,1.2954312681678453,0.0,0.0,1.556487331894563,0.2053370263200299,0
0.2245460332616516,0.0,1.2215756502689943,1.1946979528393167,-0.9444192484702849,-0.9222319226746506,0.04579181165646059,-0.781954627922395,2.404722897802835,0.0,0.0,2.6749669039419834,-1.0927453698972818,0
0.35339972946965464,0.0,-1.793966719726717,1.4347876498624124,-0.10373469068100236,-0.1955945586379102,0.22468124808969311,-0.0609482951462328,0.18613963853285548,0.0,0.0,-0.12123202617656836,-0.11612237116024889,0
-1.012053753692239,0.0,0.461768744122683,-0.8795103745102193,0.566768745139138,0.6422534681290875,0.2415078628653102,-0.3886420715982743,0.18613963853285548,0.0,0.0,-0.12123202617656836,0.19701824013469332,0
1.1274872107053646,1.0,0.461768744122683,-0.8795103745102193,0.07168946883209817,-0.13303146608600047,0.11184436778086729,0.057665153009515184,0.18613963853285548,0.0,1.0,-0.12123202617656836,-0.11177117461002818,1
0.08350622611294847,0.0,0.6405298909516516,-0.8795103745102193,-0.19619439851683174,-0.3055111642679678,1.5116037155246416,0.057665153009515184,0.18613963853285548,0.0,0.0,-0.12123202617656836,1.4074839955774683,0
1.9966359811595418,0.0,-0.18162350062635982,1.5752618279022026,1.965778545508238,2.142610683512403,-0.5059682851583214,2.3959250697011876,-0.9231519911021343,1.0,0.0,-0.6804718122002787,0.8858141790143526,0
0.964073858567003,0.0,0.2902850510173811,0.697684930971013,0.29787483869620773,0.26830447523237333,-0.5059682851583214,0.6716623488153538,-0.9231519911021343,0.0,0.0,-0.6804718122002787,-0.13506478479068923,0
-1.4721891215616434,0.0,0.461768744122683,-0.8795103745102193,-0.2496596191872786,-0.9965651623037695,1.786047666931682,-0.8725708510892921,0.18613963853285548,0.0,0.0,-0.12123202617656836,1.8925428263174797,0
-1.012053753692239,0.0,-1.487950860074402,-0.8795103745102193,-0.019768120203613057,0.0786539932463993,-1.5072920519457886,-0.0609482951462328,0.18613963853285548,0.0,0.0,-0.12123202617656836,-0.5360987633509806,0
1.2775822509180437,0.0,-0.7158720037692985,1.1946979528393167,-0.5469711327319307,-0.2829146346091301,0.22468124808969311,-0.18608610499023895,-0.9231519911021343,0.0,0.0,-0.6804718122002787,-0.2014787494020774,0
-0.4534932381131697,0.0,-0.03129755540730531,-0.8795103745102193,-0.7389516901052688,-1.076306479538755,-1.5072920519457886,-0.5360063772889603,-0.9231519911021343,0.0,1.0,-0.6804718122002787,-1.0144957934027385,0
-0.24938390894453497,0.0,-0.9444391811885324,0.697684930971013,-0.5079202191913996,-0.1955945586379102,0.6014316668245172,2.101675587139568,2.404722897802835,0.0,0.0,2.6749669039419834,-0.5817652451560975,0
0.7841165927033555,0.0,0.12596723534148388,1.5752618279022026,0.9060136738570872,0.8766103452573641,0.3873708945356991,0.9347360339290371,2.404722897802835,0.0,0.0,2.6749669039419834,-0.316938294073119,0
